2025-04-17 00:00:00.562 [traceId=] [main] INFO  o.a.coyote.http11.Http11NioProtocol - Starting ProtocolHandler ["http-nio-8080"]
2025-04-17 00:00:00.585 [traceId=] [main] INFO  o.s.b.w.e.tomcat.TomcatWebServer - Tomcat started on port(s): 8080 (http) with context path ''
2025-04-17 00:00:00.926 [traceId=] [main] INFO  com.sky.SkyApplication - Started SkyApplication in 4.59 seconds (JVM running for 5.315)
2025-04-17 00:00:00.929 [traceId=] [main] INFO  com.sky.SkyApplication - server started
2025-04-17 00:00:07.880 [traceId=] [http-nio-8080-exec-1] INFO  o.a.c.c.C.[Tomcat].[localhost].[/] - Initializing Spring DispatcherServlet 'dispatcherServlet'
2025-04-17 00:00:07.880 [traceId=] [http-nio-8080-exec-1] INFO  o.s.web.servlet.DispatcherServlet - Initializing Servlet 'dispatcherServlet'
2025-04-17 00:00:07.883 [traceId=] [http-nio-8080-exec-1] INFO  o.s.web.servlet.DispatcherServlet - Completed initialization in 3 ms
2025-04-17 00:00:08.743 [traceId=275e9c58b5bc4380a7754cbd867f5618] [http-nio-8080-exec-1] DEBUG c.s.mapper.EmployeeMapper.queryByOne - ==>  Preparing: select * from employee where id=?
2025-04-17 00:00:08.774 [traceId=275e9c58b5bc4380a7754cbd867f5618] [http-nio-8080-exec-1] DEBUG c.s.mapper.EmployeeMapper.queryByOne - ==> Parameters: 1(Long)
2025-04-17 00:00:08.816 [traceId=275e9c58b5bc4380a7754cbd867f5618] [http-nio-8080-exec-1] DEBUG c.s.mapper.EmployeeMapper.queryByOne - <==      Total: 1
2025-04-17 00:00:08.847 [traceId=275e9c58b5bc4380a7754cbd867f5618] [http-nio-8080-exec-1] INFO  c.s.c.admin.EmployeeController - EmployeePageQueryDTO(name=null, page=1, pageSize=10)
2025-04-17 00:00:08.943 [traceId=275e9c58b5bc4380a7754cbd867f5618] [http-nio-8080-exec-1] DEBUG c.s.m.EmployeeMapper.pageQuery_COUNT - ==>  Preparing: SELECT count(0) FROM employee
2025-04-17 00:00:08.943 [traceId=275e9c58b5bc4380a7754cbd867f5618] [http-nio-8080-exec-1] DEBUG c.s.m.EmployeeMapper.pageQuery_COUNT - ==> Parameters: 
2025-04-17 00:00:08.946 [traceId=275e9c58b5bc4380a7754cbd867f5618] [http-nio-8080-exec-1] DEBUG c.s.m.EmployeeMapper.pageQuery_COUNT - <==      Total: 1
2025-04-17 00:00:08.949 [traceId=275e9c58b5bc4380a7754cbd867f5618] [http-nio-8080-exec-1] DEBUG c.s.mapper.EmployeeMapper.pageQuery - ==>  Preparing: select id, name, username, password, phone ,sex ,id_number as idNumber, status, create_time as createTime , update_time as updateTime, create_user as createUser, update_user as updateUser from employee order by create_time desc LIMIT ?
2025-04-17 00:00:08.950 [traceId=275e9c58b5bc4380a7754cbd867f5618] [http-nio-8080-exec-1] DEBUG c.s.mapper.EmployeeMapper.pageQuery - ==> Parameters: 10(Integer)
2025-04-17 00:00:08.953 [traceId=275e9c58b5bc4380a7754cbd867f5618] [http-nio-8080-exec-1] DEBUG c.s.mapper.EmployeeMapper.pageQuery - <==      Total: 4
2025-04-17 00:05:24.567 [traceId=] [SpringApplicationShutdownHook] INFO  c.alibaba.druid.pool.DruidDataSource - {dataSource-1} closing ...
2025-04-17 00:05:24.573 [traceId=] [SpringApplicationShutdownHook] INFO  c.alibaba.druid.pool.DruidDataSource - {dataSource-1} closed
2025-04-17 00:05:27.059 [traceId=] [main] INFO  com.sky.SkyApplication - Starting SkyApplication using Java 17.0.12 on 192.168.0.100 with PID 69610 (/Users/zry/Desktop/sky-out/sky-server/target/classes started by zry in /Users/zry/Desktop/sky-out)
2025-04-17 00:05:27.061 [traceId=] [main] INFO  com.sky.SkyApplication - The following 1 profile is active: "dev"
2025-04-17 00:05:27.970 [traceId=] [main] INFO  o.s.d.r.c.RepositoryConfigurationDelegate - Multiple Spring Data modules found, entering strict repository configuration mode
2025-04-17 00:05:27.973 [traceId=] [main] INFO  o.s.d.r.c.RepositoryConfigurationDelegate - Bootstrapping Spring Data Redis repositories in DEFAULT mode.
2025-04-17 00:05:28.053 [traceId=] [main] INFO  o.s.d.r.c.RepositoryConfigurationDelegate - Finished Spring Data repository scanning in 65 ms. Found 0 Redis repository interfaces.
2025-04-17 00:05:28.894 [traceId=] [main] INFO  o.s.b.w.e.tomcat.TomcatWebServer - Tomcat initialized with port(s): 8080 (http)
2025-04-17 00:05:28.903 [traceId=] [main] INFO  o.a.coyote.http11.Http11NioProtocol - Initializing ProtocolHandler ["http-nio-8080"]
2025-04-17 00:05:28.904 [traceId=] [main] INFO  o.a.catalina.core.StandardService - Starting service [Tomcat]
2025-04-17 00:05:28.904 [traceId=] [main] INFO  o.a.catalina.core.StandardEngine - Starting Servlet engine: [Apache Tomcat/9.0.65]
2025-04-17 00:05:29.040 [traceId=] [main] INFO  o.a.c.c.C.[Tomcat].[localhost].[/] - Initializing Spring embedded WebApplicationContext
2025-04-17 00:05:29.041 [traceId=] [main] INFO  o.s.b.w.s.c.ServletWebServerApplicationContext - Root WebApplicationContext: initialization completed in 1929 ms
2025-04-17 00:05:29.190 [traceId=] [main] INFO  c.a.d.s.b.a.DruidDataSourceAutoConfigure - Init DruidDataSource
2025-04-17 00:05:29.323 [traceId=] [main] INFO  c.alibaba.druid.pool.DruidDataSource - {dataSource-1} inited
2025-04-17 00:05:29.597 [traceId=] [main] INFO  com.sky.config.MinioConfiguration - 加载minio配置值：MinioProperties(endpoint=http://localhost:9000, accessKey=minioadmin, secretKey=minioadmin, bucketName=mybucket)
2025-04-17 00:05:29.870 [traceId=] [main] INFO  com.sky.config.WebMvcConfiguration - 开始注册自定义拦截器...
2025-04-17 00:05:30.916 [traceId=] [main] INFO  o.a.coyote.http11.Http11NioProtocol - Starting ProtocolHandler ["http-nio-8080"]
2025-04-17 00:05:30.934 [traceId=] [main] INFO  o.s.b.w.e.tomcat.TomcatWebServer - Tomcat started on port(s): 8080 (http) with context path ''
2025-04-17 00:05:31.293 [traceId=] [main] INFO  com.sky.SkyApplication - Started SkyApplication in 4.929 seconds (JVM running for 5.674)
2025-04-17 00:05:31.295 [traceId=] [main] INFO  com.sky.SkyApplication - server started
2025-04-17 00:05:41.117 [traceId=] [http-nio-8080-exec-1] INFO  o.a.c.c.C.[Tomcat].[localhost].[/] - Initializing Spring DispatcherServlet 'dispatcherServlet'
2025-04-17 00:05:41.118 [traceId=] [http-nio-8080-exec-1] INFO  o.s.web.servlet.DispatcherServlet - Initializing Servlet 'dispatcherServlet'
2025-04-17 00:05:41.126 [traceId=] [http-nio-8080-exec-1] INFO  o.s.web.servlet.DispatcherServlet - Completed initialization in 6 ms
2025-04-17 00:05:41.163 [traceId=60348894f584419b8093a904c9a7085a] [http-nio-8080-exec-2] WARN  o.s.web.servlet.PageNotFound - No mapping for GET /admin/dish/page
2025-04-17 00:05:42.044 [traceId=3af7131a3d3d4bd5867d56ddcaa1bd5e] [http-nio-8080-exec-1] DEBUG c.s.mapper.EmployeeMapper.queryByOne - ==>  Preparing: select * from employee where id=?
2025-04-17 00:05:42.077 [traceId=3af7131a3d3d4bd5867d56ddcaa1bd5e] [http-nio-8080-exec-1] DEBUG c.s.mapper.EmployeeMapper.queryByOne - ==> Parameters: 1(Long)
2025-04-17 00:05:42.161 [traceId=3af7131a3d3d4bd5867d56ddcaa1bd5e] [http-nio-8080-exec-1] DEBUG c.s.mapper.EmployeeMapper.queryByOne - <==      Total: 1
2025-04-17 00:05:42.225 [traceId=3af7131a3d3d4bd5867d56ddcaa1bd5e] [http-nio-8080-exec-1] DEBUG com.sky.mapper.CategoryMapper.list - ==>  Preparing: select * from category where status = 1 and type = ? order by sort asc,create_time desc
2025-04-17 00:05:42.226 [traceId=3af7131a3d3d4bd5867d56ddcaa1bd5e] [http-nio-8080-exec-1] DEBUG com.sky.mapper.CategoryMapper.list - ==> Parameters: 1(Integer)
2025-04-17 00:05:42.233 [traceId=3af7131a3d3d4bd5867d56ddcaa1bd5e] [http-nio-8080-exec-1] DEBUG com.sky.mapper.CategoryMapper.list - <==      Total: 8
2025-04-17 00:06:45.864 [traceId=] [SpringApplicationShutdownHook] INFO  c.alibaba.druid.pool.DruidDataSource - {dataSource-1} closing ...
2025-04-17 00:06:45.871 [traceId=] [SpringApplicationShutdownHook] INFO  c.alibaba.druid.pool.DruidDataSource - {dataSource-1} closed
2025-04-17 00:06:49.586 [traceId=] [main] INFO  com.sky.SkyApplication - Starting SkyApplication using Java 17.0.12 on 192.168.0.100 with PID 70466 (/Users/zry/Desktop/sky-out/sky-server/target/classes started by zry in /Users/zry/Desktop/sky-out)
2025-04-17 00:06:49.587 [traceId=] [main] INFO  com.sky.SkyApplication - The following 1 profile is active: "dev"
2025-04-17 00:06:50.620 [traceId=] [main] INFO  o.s.d.r.c.RepositoryConfigurationDelegate - Multiple Spring Data modules found, entering strict repository configuration mode
2025-04-17 00:06:50.623 [traceId=] [main] INFO  o.s.d.r.c.RepositoryConfigurationDelegate - Bootstrapping Spring Data Redis repositories in DEFAULT mode.
2025-04-17 00:06:50.651 [traceId=] [main] INFO  o.s.d.r.c.RepositoryConfigurationDelegate - Finished Spring Data repository scanning in 13 ms. Found 0 Redis repository interfaces.
2025-04-17 00:06:51.536 [traceId=] [main] INFO  o.s.b.w.e.tomcat.TomcatWebServer - Tomcat initialized with port(s): 8080 (http)
2025-04-17 00:06:51.545 [traceId=] [main] INFO  o.a.coyote.http11.Http11NioProtocol - Initializing ProtocolHandler ["http-nio-8080"]
2025-04-17 00:06:51.546 [traceId=] [main] INFO  o.a.catalina.core.StandardService - Starting service [Tomcat]
2025-04-17 00:06:51.546 [traceId=] [main] INFO  o.a.catalina.core.StandardEngine - Starting Servlet engine: [Apache Tomcat/9.0.65]
2025-04-17 00:06:51.655 [traceId=] [main] INFO  o.a.c.c.C.[Tomcat].[localhost].[/] - Initializing Spring embedded WebApplicationContext
2025-04-17 00:06:51.655 [traceId=] [main] INFO  o.s.b.w.s.c.ServletWebServerApplicationContext - Root WebApplicationContext: initialization completed in 2023 ms
2025-04-17 00:06:51.798 [traceId=] [main] INFO  c.a.d.s.b.a.DruidDataSourceAutoConfigure - Init DruidDataSource
2025-04-17 00:06:51.927 [traceId=] [main] INFO  c.alibaba.druid.pool.DruidDataSource - {dataSource-1} inited
2025-04-17 00:06:52.166 [traceId=] [main] INFO  com.sky.config.MinioConfiguration - 加载minio配置值：MinioProperties(endpoint=http://localhost:9000, accessKey=minioadmin, secretKey=minioadmin, bucketName=mybucket)
2025-04-17 00:06:52.405 [traceId=] [main] INFO  com.sky.config.WebMvcConfiguration - 开始注册自定义拦截器...
2025-04-17 00:06:53.477 [traceId=] [main] INFO  o.a.coyote.http11.Http11NioProtocol - Starting ProtocolHandler ["http-nio-8080"]
2025-04-17 00:06:53.495 [traceId=] [main] INFO  o.s.b.w.e.tomcat.TomcatWebServer - Tomcat started on port(s): 8080 (http) with context path ''
2025-04-17 00:06:53.772 [traceId=] [main] INFO  com.sky.SkyApplication - Started SkyApplication in 4.822 seconds (JVM running for 5.658)
2025-04-17 00:06:53.774 [traceId=] [main] INFO  com.sky.SkyApplication - server started
2025-04-17 00:07:15.404 [traceId=] [http-nio-8080-exec-1] INFO  o.a.c.c.C.[Tomcat].[localhost].[/] - Initializing Spring DispatcherServlet 'dispatcherServlet'
2025-04-17 00:07:15.405 [traceId=] [http-nio-8080-exec-1] INFO  o.s.web.servlet.DispatcherServlet - Initializing Servlet 'dispatcherServlet'
2025-04-17 00:07:15.409 [traceId=] [http-nio-8080-exec-1] INFO  o.s.web.servlet.DispatcherServlet - Completed initialization in 3 ms
2025-04-17 00:07:15.450 [traceId=feda1fc33d584103b96e4f555f828db3] [http-nio-8080-exec-1] WARN  o.s.web.servlet.PageNotFound - No mapping for GET /admin/dish/page
2025-04-17 00:07:16.430 [traceId=df908dbf922644608ea0d919872a1e6a] [http-nio-8080-exec-2] DEBUG c.s.mapper.EmployeeMapper.queryByOne - ==>  Preparing: select * from employee where id=?
2025-04-17 00:07:16.476 [traceId=df908dbf922644608ea0d919872a1e6a] [http-nio-8080-exec-2] DEBUG c.s.mapper.EmployeeMapper.queryByOne - ==> Parameters: 1(Long)
2025-04-17 00:07:16.547 [traceId=df908dbf922644608ea0d919872a1e6a] [http-nio-8080-exec-2] DEBUG c.s.mapper.EmployeeMapper.queryByOne - <==      Total: 1
2025-04-17 00:07:16.601 [traceId=df908dbf922644608ea0d919872a1e6a] [http-nio-8080-exec-2] DEBUG com.sky.mapper.CategoryMapper.list - ==>  Preparing: select * from category where status = 1 and type = ? order by sort asc,create_time desc
2025-04-17 00:07:16.602 [traceId=df908dbf922644608ea0d919872a1e6a] [http-nio-8080-exec-2] DEBUG com.sky.mapper.CategoryMapper.list - ==> Parameters: 1(Integer)
2025-04-17 00:07:16.608 [traceId=df908dbf922644608ea0d919872a1e6a] [http-nio-8080-exec-2] DEBUG com.sky.mapper.CategoryMapper.list - <==      Total: 8
2025-04-17 00:07:29.093 [traceId=defc46d0795a43239df45b50a18eeb75] [http-nio-8080-exec-3] DEBUG c.s.mapper.EmployeeMapper.queryByOne - ==>  Preparing: select * from employee where id=?
2025-04-17 00:07:29.094 [traceId=defc46d0795a43239df45b50a18eeb75] [http-nio-8080-exec-3] DEBUG c.s.mapper.EmployeeMapper.queryByOne - ==> Parameters: 1(Long)
2025-04-17 00:07:29.096 [traceId=defc46d0795a43239df45b50a18eeb75] [http-nio-8080-exec-3] DEBUG c.s.mapper.EmployeeMapper.queryByOne - <==      Total: 1
2025-04-17 00:07:29.144 [traceId=defc46d0795a43239df45b50a18eeb75] [http-nio-8080-exec-3] DEBUG c.s.m.CategoryMapper.pageQuery_COUNT - ==>  Preparing: SELECT count(0) FROM category
2025-04-17 00:07:29.144 [traceId=defc46d0795a43239df45b50a18eeb75] [http-nio-8080-exec-3] DEBUG c.s.m.CategoryMapper.pageQuery_COUNT - ==> Parameters: 
2025-04-17 00:07:29.145 [traceId=defc46d0795a43239df45b50a18eeb75] [http-nio-8080-exec-3] DEBUG c.s.m.CategoryMapper.pageQuery_COUNT - <==      Total: 1
2025-04-17 00:07:29.147 [traceId=defc46d0795a43239df45b50a18eeb75] [http-nio-8080-exec-3] DEBUG c.s.mapper.CategoryMapper.pageQuery - ==>  Preparing: select * from category order by sort asc , create_time desc LIMIT ?
2025-04-17 00:07:29.147 [traceId=defc46d0795a43239df45b50a18eeb75] [http-nio-8080-exec-3] DEBUG c.s.mapper.CategoryMapper.pageQuery - ==> Parameters: 10(Integer)
2025-04-17 00:07:29.151 [traceId=defc46d0795a43239df45b50a18eeb75] [http-nio-8080-exec-3] DEBUG c.s.mapper.CategoryMapper.pageQuery - <==      Total: 10
2025-04-17 00:07:33.574 [traceId=7446700514164a4eb80cc65f42f3b4c3] [http-nio-8080-exec-4] DEBUG c.s.mapper.EmployeeMapper.queryByOne - ==>  Preparing: select * from employee where id=?
2025-04-17 00:07:33.575 [traceId=7446700514164a4eb80cc65f42f3b4c3] [http-nio-8080-exec-4] DEBUG c.s.mapper.EmployeeMapper.queryByOne - ==> Parameters: 1(Long)
2025-04-17 00:07:33.601 [traceId=7446700514164a4eb80cc65f42f3b4c3] [http-nio-8080-exec-4] DEBUG c.s.mapper.EmployeeMapper.queryByOne - <==      Total: 1
2025-04-17 00:07:33.651 [traceId=7446700514164a4eb80cc65f42f3b4c3] [http-nio-8080-exec-4] DEBUG c.s.m.CategoryMapper.pageQuery_COUNT - ==>  Preparing: SELECT count(0) FROM category WHERE type = ?
2025-04-17 00:07:33.652 [traceId=7446700514164a4eb80cc65f42f3b4c3] [http-nio-8080-exec-4] DEBUG c.s.m.CategoryMapper.pageQuery_COUNT - ==> Parameters: 1(Integer)
2025-04-17 00:07:33.653 [traceId=7446700514164a4eb80cc65f42f3b4c3] [http-nio-8080-exec-4] DEBUG c.s.m.CategoryMapper.pageQuery_COUNT - <==      Total: 1
2025-04-17 00:07:33.653 [traceId=7446700514164a4eb80cc65f42f3b4c3] [http-nio-8080-exec-4] DEBUG c.s.mapper.CategoryMapper.pageQuery - ==>  Preparing: select * from category WHERE type = ? order by sort asc , create_time desc LIMIT ?
2025-04-17 00:07:33.653 [traceId=7446700514164a4eb80cc65f42f3b4c3] [http-nio-8080-exec-4] DEBUG c.s.mapper.CategoryMapper.pageQuery - ==> Parameters: 1(Integer), 10(Integer)
2025-04-17 00:07:33.667 [traceId=7446700514164a4eb80cc65f42f3b4c3] [http-nio-8080-exec-4] DEBUG c.s.mapper.CategoryMapper.pageQuery - <==      Total: 8
2025-04-17 00:07:36.305 [traceId=8b9d38d905ec491196faa50720f4489c] [http-nio-8080-exec-6] WARN  o.s.web.servlet.PageNotFound - No mapping for GET /admin/dish/page
2025-04-17 00:07:36.307 [traceId=f792197971ab4a6fa7a5b5ee90b4d228] [http-nio-8080-exec-5] DEBUG c.s.mapper.EmployeeMapper.queryByOne - ==>  Preparing: select * from employee where id=?
2025-04-17 00:07:36.309 [traceId=f792197971ab4a6fa7a5b5ee90b4d228] [http-nio-8080-exec-5] DEBUG c.s.mapper.EmployeeMapper.queryByOne - ==> Parameters: 1(Long)
2025-04-17 00:07:36.312 [traceId=f792197971ab4a6fa7a5b5ee90b4d228] [http-nio-8080-exec-5] DEBUG c.s.mapper.EmployeeMapper.queryByOne - <==      Total: 1
2025-04-17 00:07:36.313 [traceId=f792197971ab4a6fa7a5b5ee90b4d228] [http-nio-8080-exec-5] DEBUG com.sky.mapper.CategoryMapper.list - ==>  Preparing: select * from category where status = 1 and type = ? order by sort asc,create_time desc
2025-04-17 00:07:36.314 [traceId=f792197971ab4a6fa7a5b5ee90b4d228] [http-nio-8080-exec-5] DEBUG com.sky.mapper.CategoryMapper.list - ==> Parameters: 1(Integer)
2025-04-17 00:07:36.316 [traceId=f792197971ab4a6fa7a5b5ee90b4d228] [http-nio-8080-exec-5] DEBUG com.sky.mapper.CategoryMapper.list - <==      Total: 8
2025-04-17 00:07:45.086 [traceId=45ec658e33f24bf5987f30bc735986b9] [http-nio-8080-exec-7] DEBUG c.s.mapper.EmployeeMapper.queryByOne - ==>  Preparing: select * from employee where id=?
2025-04-17 00:07:45.086 [traceId=45ec658e33f24bf5987f30bc735986b9] [http-nio-8080-exec-7] DEBUG c.s.mapper.EmployeeMapper.queryByOne - ==> Parameters: 1(Long)
2025-04-17 00:07:45.091 [traceId=45ec658e33f24bf5987f30bc735986b9] [http-nio-8080-exec-7] DEBUG c.s.mapper.EmployeeMapper.queryByOne - <==      Total: 1
2025-04-17 00:07:45.093 [traceId=45ec658e33f24bf5987f30bc735986b9] [http-nio-8080-exec-7] DEBUG com.sky.mapper.CategoryMapper.list - ==>  Preparing: select * from category where status = 1 and type = ? order by sort asc,create_time desc
2025-04-17 00:07:45.094 [traceId=45ec658e33f24bf5987f30bc735986b9] [http-nio-8080-exec-7] DEBUG com.sky.mapper.CategoryMapper.list - ==> Parameters: 1(Integer)
2025-04-17 00:07:45.096 [traceId=45ec658e33f24bf5987f30bc735986b9] [http-nio-8080-exec-7] DEBUG com.sky.mapper.CategoryMapper.list - <==      Total: 8
2025-04-17 00:08:14.468 [traceId=6ca714951efa438abd4a97138c957f81] [http-nio-8080-exec-8] DEBUG c.s.mapper.EmployeeMapper.queryByOne - ==>  Preparing: select * from employee where id=?
2025-04-17 00:08:14.469 [traceId=6ca714951efa438abd4a97138c957f81] [http-nio-8080-exec-8] DEBUG c.s.mapper.EmployeeMapper.queryByOne - ==> Parameters: 1(Long)
2025-04-17 00:08:14.471 [traceId=6ca714951efa438abd4a97138c957f81] [http-nio-8080-exec-8] DEBUG c.s.mapper.EmployeeMapper.queryByOne - <==      Total: 1
2025-04-17 00:08:14.954 [traceId=6ca714951efa438abd4a97138c957f81] [http-nio-8080-exec-8] INFO  com.sky.utils.MinioUtil - 上传成功：http://localhost:9000/mybucket/2025-04-17/aef9d93c5c8e4224be244d66dbf8c455.png
2025-04-17 00:08:19.917 [traceId=619032dfea4845b68ffff01fb531c774] [http-nio-8080-exec-9] DEBUG c.s.mapper.EmployeeMapper.queryByOne - ==>  Preparing: select * from employee where id=?
2025-04-17 00:08:19.917 [traceId=619032dfea4845b68ffff01fb531c774] [http-nio-8080-exec-9] DEBUG c.s.mapper.EmployeeMapper.queryByOne - ==> Parameters: 1(Long)
2025-04-17 00:08:19.919 [traceId=619032dfea4845b68ffff01fb531c774] [http-nio-8080-exec-9] DEBUG c.s.mapper.EmployeeMapper.queryByOne - <==      Total: 1
2025-04-17 00:08:19.962 [traceId=619032dfea4845b68ffff01fb531c774] [http-nio-8080-exec-9] INFO  c.s.controller.admin.DishController - DishDTO(id=null, name=测试1, categoryId=16, price=110, image=http://localhost:9000/mybucket/2025-04-17/aef9d93c5c8e4224be244d66dbf8c455.png, description=测试1, status=0, flavors=[DishFlavor(id=null, dishId=null, name=甜味, value=["无糖","少糖","半糖","多糖","全糖"])])
2025-04-17 00:08:19.979 [traceId=619032dfea4845b68ffff01fb531c774] [http-nio-8080-exec-9] DEBUG com.sky.mapper.DishMapper.add - ==>  Preparing: inset into dish(id,name,category_id,price,image,description,status,create_time,update_time,create_user,update_user) values ( ?, ?, ?, ?, ?, ?, ?, ?, ?, ?, ? )
2025-04-17 00:08:19.980 [traceId=619032dfea4845b68ffff01fb531c774] [http-nio-8080-exec-9] DEBUG com.sky.mapper.DishMapper.add - ==> Parameters: null, 测试1(String), 16(Long), 110(BigDecimal), http://localhost:9000/mybucket/2025-04-17/aef9d93c5c8e4224be244d66dbf8c455.png(String), 测试1(String), 0(Integer), 2025-04-17T00:08:19.978994(LocalDateTime), 2025-04-17T00:08:19.978994(LocalDateTime), 1(Long), 1(Long)
2025-04-17 00:08:20.063 [traceId=] [http-nio-8080-exec-9] ERROR o.a.c.c.C.[.[.[.[dispatcherServlet] - Servlet.service() for servlet [dispatcherServlet] in context with path [] threw exception [Request processing failed; nested exception is org.springframework.jdbc.BadSqlGrammarException: 
### Error updating database.  Cause: java.sql.SQLSyntaxErrorException: You have an error in your SQL syntax; check the manual that corresponds to your MySQL server version for the right syntax to use near 'inset
        into dish(id,name,category_id,price,image,description,status,creat' at line 1
### The error may exist in file [/Users/zry/Desktop/sky-out/sky-server/target/classes/mapper/DishMapper.xml]
### The error may involve defaultParameterMap
### The error occurred while setting parameters
### SQL: inset         into dish(id,name,category_id,price,image,description,status,create_time,update_time,create_user,update_user)         values         (         ?,         ?,         ?,         ?,         ?,         ?,         ?,         ?,         ?,         ?,         ?         )
### Cause: java.sql.SQLSyntaxErrorException: You have an error in your SQL syntax; check the manual that corresponds to your MySQL server version for the right syntax to use near 'inset
        into dish(id,name,category_id,price,image,description,status,creat' at line 1
; bad SQL grammar []; nested exception is java.sql.SQLSyntaxErrorException: You have an error in your SQL syntax; check the manual that corresponds to your MySQL server version for the right syntax to use near 'inset
        into dish(id,name,category_id,price,image,description,status,creat' at line 1] with root cause
java.sql.SQLSyntaxErrorException: You have an error in your SQL syntax; check the manual that corresponds to your MySQL server version for the right syntax to use near 'inset
        into dish(id,name,category_id,price,image,description,status,creat' at line 1
	at com.mysql.cj.jdbc.exceptions.SQLError.createSQLException(SQLError.java:120)
	at com.mysql.cj.jdbc.exceptions.SQLExceptionsMapping.translateException(SQLExceptionsMapping.java:122)
	at com.mysql.cj.jdbc.ClientPreparedStatement.executeInternal(ClientPreparedStatement.java:916)
	at com.mysql.cj.jdbc.ClientPreparedStatement.execute(ClientPreparedStatement.java:354)
	at com.alibaba.druid.pool.DruidPooledPreparedStatement.execute(DruidPooledPreparedStatement.java:497)
	at java.base/jdk.internal.reflect.NativeMethodAccessorImpl.invoke0(Native Method)
	at java.base/jdk.internal.reflect.NativeMethodAccessorImpl.invoke(NativeMethodAccessorImpl.java:77)
	at java.base/jdk.internal.reflect.DelegatingMethodAccessorImpl.invoke(DelegatingMethodAccessorImpl.java:43)
	at java.base/java.lang.reflect.Method.invoke(Method.java:569)
	at org.apache.ibatis.logging.jdbc.PreparedStatementLogger.invoke(PreparedStatementLogger.java:59)
	at jdk.proxy3/jdk.proxy3.$Proxy137.execute(Unknown Source)
	at org.apache.ibatis.executor.statement.PreparedStatementHandler.update(PreparedStatementHandler.java:47)
	at org.apache.ibatis.executor.statement.RoutingStatementHandler.update(RoutingStatementHandler.java:74)
	at org.apache.ibatis.executor.SimpleExecutor.doUpdate(SimpleExecutor.java:50)
	at org.apache.ibatis.executor.BaseExecutor.update(BaseExecutor.java:117)
	at org.apache.ibatis.executor.CachingExecutor.update(CachingExecutor.java:76)
	at java.base/jdk.internal.reflect.NativeMethodAccessorImpl.invoke0(Native Method)
	at java.base/jdk.internal.reflect.NativeMethodAccessorImpl.invoke(NativeMethodAccessorImpl.java:77)
	at java.base/jdk.internal.reflect.DelegatingMethodAccessorImpl.invoke(DelegatingMethodAccessorImpl.java:43)
	at java.base/java.lang.reflect.Method.invoke(Method.java:569)
	at org.apache.ibatis.plugin.Plugin.invoke(Plugin.java:64)
	at jdk.proxy2/jdk.proxy2.$Proxy135.update(Unknown Source)
	at org.apache.ibatis.session.defaults.DefaultSqlSession.update(DefaultSqlSession.java:194)
	at org.apache.ibatis.session.defaults.DefaultSqlSession.insert(DefaultSqlSession.java:181)
	at java.base/jdk.internal.reflect.NativeMethodAccessorImpl.invoke0(Native Method)
	at java.base/jdk.internal.reflect.NativeMethodAccessorImpl.invoke(NativeMethodAccessorImpl.java:77)
	at java.base/jdk.internal.reflect.DelegatingMethodAccessorImpl.invoke(DelegatingMethodAccessorImpl.java:43)
	at java.base/java.lang.reflect.Method.invoke(Method.java:569)
	at org.mybatis.spring.SqlSessionTemplate$SqlSessionInterceptor.invoke(SqlSessionTemplate.java:427)
	at jdk.proxy2/jdk.proxy2.$Proxy82.insert(Unknown Source)
	at org.mybatis.spring.SqlSessionTemplate.insert(SqlSessionTemplate.java:272)
	at org.apache.ibatis.binding.MapperMethod.execute(MapperMethod.java:62)
	at org.apache.ibatis.binding.MapperProxy$PlainMethodInvoker.invoke(MapperProxy.java:145)
	at org.apache.ibatis.binding.MapperProxy.invoke(MapperProxy.java:86)
	at jdk.proxy2/jdk.proxy2.$Proxy96.add(Unknown Source)
	at java.base/jdk.internal.reflect.NativeMethodAccessorImpl.invoke0(Native Method)
	at java.base/jdk.internal.reflect.NativeMethodAccessorImpl.invoke(NativeMethodAccessorImpl.java:77)
	at java.base/jdk.internal.reflect.DelegatingMethodAccessorImpl.invoke(DelegatingMethodAccessorImpl.java:43)
	at java.base/java.lang.reflect.Method.invoke(Method.java:569)
	at org.springframework.aop.support.AopUtils.invokeJoinpointUsingReflection(AopUtils.java:344)
	at org.springframework.aop.framework.ReflectiveMethodInvocation.invokeJoinpoint(ReflectiveMethodInvocation.java:198)
	at org.springframework.aop.framework.ReflectiveMethodInvocation.proceed(ReflectiveMethodInvocation.java:163)
	at org.springframework.aop.framework.adapter.MethodBeforeAdviceInterceptor.invoke(MethodBeforeAdviceInterceptor.java:58)
	at org.springframework.aop.framework.ReflectiveMethodInvocation.proceed(ReflectiveMethodInvocation.java:175)
	at org.springframework.aop.interceptor.ExposeInvocationInterceptor.invoke(ExposeInvocationInterceptor.java:97)
	at org.springframework.aop.framework.ReflectiveMethodInvocation.proceed(ReflectiveMethodInvocation.java:186)
	at org.springframework.aop.framework.JdkDynamicAopProxy.invoke(JdkDynamicAopProxy.java:215)
	at jdk.proxy2/jdk.proxy2.$Proxy97.add(Unknown Source)
	at com.sky.service.impl.DishServiceImpl.add(DishServiceImpl.java:26)
	at com.sky.controller.admin.DishController.save(DishController.java:27)
	at java.base/jdk.internal.reflect.NativeMethodAccessorImpl.invoke0(Native Method)
	at java.base/jdk.internal.reflect.NativeMethodAccessorImpl.invoke(NativeMethodAccessorImpl.java:77)
	at java.base/jdk.internal.reflect.DelegatingMethodAccessorImpl.invoke(DelegatingMethodAccessorImpl.java:43)
	at java.base/java.lang.reflect.Method.invoke(Method.java:569)
	at org.springframework.web.method.support.InvocableHandlerMethod.doInvoke(InvocableHandlerMethod.java:205)
	at org.springframework.web.method.support.InvocableHandlerMethod.invokeForRequest(InvocableHandlerMethod.java:150)
	at org.springframework.web.servlet.mvc.method.annotation.ServletInvocableHandlerMethod.invokeAndHandle(ServletInvocableHandlerMethod.java:117)
	at org.springframework.web.servlet.mvc.method.annotation.RequestMappingHandlerAdapter.invokeHandlerMethod(RequestMappingHandlerAdapter.java:895)
	at org.springframework.web.servlet.mvc.method.annotation.RequestMappingHandlerAdapter.handleInternal(RequestMappingHandlerAdapter.java:808)
	at org.springframework.web.servlet.mvc.method.AbstractHandlerMethodAdapter.handle(AbstractHandlerMethodAdapter.java:87)
	at org.springframework.web.servlet.DispatcherServlet.doDispatch(DispatcherServlet.java:1070)
	at org.springframework.web.servlet.DispatcherServlet.doService(DispatcherServlet.java:963)
	at org.springframework.web.servlet.FrameworkServlet.processRequest(FrameworkServlet.java:1006)
	at org.springframework.web.servlet.FrameworkServlet.doPost(FrameworkServlet.java:909)
	at javax.servlet.http.HttpServlet.service(HttpServlet.java:681)
	at org.springframework.web.servlet.FrameworkServlet.service(FrameworkServlet.java:883)
	at javax.servlet.http.HttpServlet.service(HttpServlet.java:764)
	at org.apache.catalina.core.ApplicationFilterChain.internalDoFilter(ApplicationFilterChain.java:227)
	at org.apache.catalina.core.ApplicationFilterChain.doFilter(ApplicationFilterChain.java:162)
	at org.apache.tomcat.websocket.server.WsFilter.doFilter(WsFilter.java:53)
	at org.apache.catalina.core.ApplicationFilterChain.internalDoFilter(ApplicationFilterChain.java:189)
	at org.apache.catalina.core.ApplicationFilterChain.doFilter(ApplicationFilterChain.java:162)
	at com.sky.config.TraceIdFilter.doFilter(TraceIdFilter.java:25)
	at org.apache.catalina.core.ApplicationFilterChain.internalDoFilter(ApplicationFilterChain.java:189)
	at org.apache.catalina.core.ApplicationFilterChain.doFilter(ApplicationFilterChain.java:162)
	at org.springframework.web.filter.CharacterEncodingFilter.doFilterInternal(CharacterEncodingFilter.java:201)
	at org.springframework.web.filter.OncePerRequestFilter.doFilter(OncePerRequestFilter.java:117)
	at org.apache.catalina.core.ApplicationFilterChain.internalDoFilter(ApplicationFilterChain.java:189)
	at org.apache.catalina.core.ApplicationFilterChain.doFilter(ApplicationFilterChain.java:162)
	at org.apache.catalina.core.StandardWrapperValve.invoke(StandardWrapperValve.java:197)
	at org.apache.catalina.core.StandardContextValve.invoke(StandardContextValve.java:97)
	at org.apache.catalina.authenticator.AuthenticatorBase.invoke(AuthenticatorBase.java:541)
	at org.apache.catalina.core.StandardHostValve.invoke(StandardHostValve.java:135)
	at org.apache.catalina.valves.ErrorReportValve.invoke(ErrorReportValve.java:92)
	at org.apache.catalina.core.StandardEngineValve.invoke(StandardEngineValve.java:78)
	at org.apache.catalina.connector.CoyoteAdapter.service(CoyoteAdapter.java:360)
	at org.apache.coyote.http11.Http11Processor.service(Http11Processor.java:399)
	at org.apache.coyote.AbstractProcessorLight.process(AbstractProcessorLight.java:65)
	at org.apache.coyote.AbstractProtocol$ConnectionHandler.process(AbstractProtocol.java:890)
	at org.apache.tomcat.util.net.NioEndpoint$SocketProcessor.doRun(NioEndpoint.java:1789)
	at org.apache.tomcat.util.net.SocketProcessorBase.run(SocketProcessorBase.java:49)
	at org.apache.tomcat.util.threads.ThreadPoolExecutor.runWorker(ThreadPoolExecutor.java:1191)
	at org.apache.tomcat.util.threads.ThreadPoolExecutor$Worker.run(ThreadPoolExecutor.java:659)
	at org.apache.tomcat.util.threads.TaskThread$WrappingRunnable.run(TaskThread.java:61)
	at java.base/java.lang.Thread.run(Thread.java:840)
2025-04-17 00:08:46.999 [traceId=] [SpringApplicationShutdownHook] INFO  c.alibaba.druid.pool.DruidDataSource - {dataSource-1} closing ...
2025-04-17 00:08:47.005 [traceId=] [SpringApplicationShutdownHook] INFO  c.alibaba.druid.pool.DruidDataSource - {dataSource-1} closed
2025-04-17 00:08:49.283 [traceId=] [main] INFO  com.sky.SkyApplication - Starting SkyApplication using Java 17.0.12 on 192.168.0.100 with PID 71674 (/Users/zry/Desktop/sky-out/sky-server/target/classes started by zry in /Users/zry/Desktop/sky-out)
2025-04-17 00:08:49.284 [traceId=] [main] INFO  com.sky.SkyApplication - The following 1 profile is active: "dev"
2025-04-17 00:08:50.102 [traceId=] [main] INFO  o.s.d.r.c.RepositoryConfigurationDelegate - Multiple Spring Data modules found, entering strict repository configuration mode
2025-04-17 00:08:50.105 [traceId=] [main] INFO  o.s.d.r.c.RepositoryConfigurationDelegate - Bootstrapping Spring Data Redis repositories in DEFAULT mode.
2025-04-17 00:08:50.133 [traceId=] [main] INFO  o.s.d.r.c.RepositoryConfigurationDelegate - Finished Spring Data repository scanning in 13 ms. Found 0 Redis repository interfaces.
2025-04-17 00:08:50.976 [traceId=] [main] INFO  o.s.b.w.e.tomcat.TomcatWebServer - Tomcat initialized with port(s): 8080 (http)
2025-04-17 00:08:50.985 [traceId=] [main] INFO  o.a.coyote.http11.Http11NioProtocol - Initializing ProtocolHandler ["http-nio-8080"]
2025-04-17 00:08:50.985 [traceId=] [main] INFO  o.a.catalina.core.StandardService - Starting service [Tomcat]
2025-04-17 00:08:50.985 [traceId=] [main] INFO  o.a.catalina.core.StandardEngine - Starting Servlet engine: [Apache Tomcat/9.0.65]
2025-04-17 00:08:51.091 [traceId=] [main] INFO  o.a.c.c.C.[Tomcat].[localhost].[/] - Initializing Spring embedded WebApplicationContext
2025-04-17 00:08:51.091 [traceId=] [main] INFO  o.s.b.w.s.c.ServletWebServerApplicationContext - Root WebApplicationContext: initialization completed in 1767 ms
2025-04-17 00:08:51.230 [traceId=] [main] INFO  c.a.d.s.b.a.DruidDataSourceAutoConfigure - Init DruidDataSource
2025-04-17 00:08:51.361 [traceId=] [main] INFO  c.alibaba.druid.pool.DruidDataSource - {dataSource-1} inited
2025-04-17 00:08:51.609 [traceId=] [main] INFO  com.sky.config.MinioConfiguration - 加载minio配置值：MinioProperties(endpoint=http://localhost:9000, accessKey=minioadmin, secretKey=minioadmin, bucketName=mybucket)
2025-04-17 00:08:51.845 [traceId=] [main] INFO  com.sky.config.WebMvcConfiguration - 开始注册自定义拦截器...
2025-04-17 00:08:52.863 [traceId=] [main] INFO  o.a.coyote.http11.Http11NioProtocol - Starting ProtocolHandler ["http-nio-8080"]
2025-04-17 00:08:52.884 [traceId=] [main] INFO  o.s.b.w.e.tomcat.TomcatWebServer - Tomcat started on port(s): 8080 (http) with context path ''
2025-04-17 00:08:53.188 [traceId=] [main] INFO  com.sky.SkyApplication - Started SkyApplication in 4.444 seconds (JVM running for 5.154)
2025-04-17 00:08:53.190 [traceId=] [main] INFO  com.sky.SkyApplication - server started
2025-04-17 00:09:13.632 [traceId=] [http-nio-8080-exec-1] INFO  o.a.c.c.C.[Tomcat].[localhost].[/] - Initializing Spring DispatcherServlet 'dispatcherServlet'
2025-04-17 00:09:13.632 [traceId=] [http-nio-8080-exec-1] INFO  o.s.web.servlet.DispatcherServlet - Initializing Servlet 'dispatcherServlet'
2025-04-17 00:09:13.633 [traceId=] [http-nio-8080-exec-1] INFO  o.s.web.servlet.DispatcherServlet - Completed initialization in 1 ms
2025-04-17 00:09:14.122 [traceId=a785d7f988c64276b578f9ef9694180f] [http-nio-8080-exec-1] DEBUG c.s.mapper.EmployeeMapper.queryByOne - ==>  Preparing: select * from employee where id=?
2025-04-17 00:09:14.145 [traceId=a785d7f988c64276b578f9ef9694180f] [http-nio-8080-exec-1] DEBUG c.s.mapper.EmployeeMapper.queryByOne - ==> Parameters: 1(Long)
2025-04-17 00:09:14.169 [traceId=a785d7f988c64276b578f9ef9694180f] [http-nio-8080-exec-1] DEBUG c.s.mapper.EmployeeMapper.queryByOne - <==      Total: 1
2025-04-17 00:09:14.225 [traceId=a785d7f988c64276b578f9ef9694180f] [http-nio-8080-exec-1] INFO  c.s.controller.admin.DishController - DishDTO(id=null, name=测试1, categoryId=16, price=110, image=http://localhost:9000/mybucket/2025-04-17/aef9d93c5c8e4224be244d66dbf8c455.png, description=测试1, status=0, flavors=[DishFlavor(id=null, dishId=null, name=甜味, value=["无糖","少糖","半糖","多糖","全糖"])])
2025-04-17 00:09:14.241 [traceId=a785d7f988c64276b578f9ef9694180f] [http-nio-8080-exec-1] DEBUG com.sky.mapper.DishMapper.add - ==>  Preparing: insert into dish(id,name,category_id,price,image,description,status,create_time,update_time,create_user,update_user) values ( ?, ?, ?, ?, ?, ?, ?, ?, ?, ?, ? )
2025-04-17 00:09:14.242 [traceId=a785d7f988c64276b578f9ef9694180f] [http-nio-8080-exec-1] DEBUG com.sky.mapper.DishMapper.add - ==> Parameters: null, 测试1(String), 16(Long), 110(BigDecimal), http://localhost:9000/mybucket/2025-04-17/aef9d93c5c8e4224be244d66dbf8c455.png(String), 测试1(String), 0(Integer), 2025-04-17T00:09:14.240747(LocalDateTime), 2025-04-17T00:09:14.240747(LocalDateTime), 1(Long), 1(Long)
2025-04-17 00:09:14.259 [traceId=a785d7f988c64276b578f9ef9694180f] [http-nio-8080-exec-1] DEBUG com.sky.mapper.DishMapper.add - <==    Updates: 1
2025-04-17 00:09:14.914 [traceId=28a6b4a59b1444e7bc74f322579b18ef] [http-nio-8080-exec-2] WARN  o.s.web.servlet.PageNotFound - No mapping for GET /admin/dish/page
2025-04-17 00:09:14.931 [traceId=cd4e29f5b41a422f91b4f3935e285c0b] [http-nio-8080-exec-3] DEBUG c.s.mapper.EmployeeMapper.queryByOne - ==>  Preparing: select * from employee where id=?
2025-04-17 00:09:14.931 [traceId=cd4e29f5b41a422f91b4f3935e285c0b] [http-nio-8080-exec-3] DEBUG c.s.mapper.EmployeeMapper.queryByOne - ==> Parameters: 1(Long)
2025-04-17 00:09:14.933 [traceId=cd4e29f5b41a422f91b4f3935e285c0b] [http-nio-8080-exec-3] DEBUG c.s.mapper.EmployeeMapper.queryByOne - <==      Total: 1
2025-04-17 00:09:14.967 [traceId=cd4e29f5b41a422f91b4f3935e285c0b] [http-nio-8080-exec-3] DEBUG com.sky.mapper.CategoryMapper.list - ==>  Preparing: select * from category where status = 1 and type = ? order by sort asc,create_time desc
2025-04-17 00:09:14.967 [traceId=cd4e29f5b41a422f91b4f3935e285c0b] [http-nio-8080-exec-3] DEBUG com.sky.mapper.CategoryMapper.list - ==> Parameters: 1(Integer)
2025-04-17 00:09:14.973 [traceId=cd4e29f5b41a422f91b4f3935e285c0b] [http-nio-8080-exec-3] DEBUG com.sky.mapper.CategoryMapper.list - <==      Total: 8
2025-04-17 00:22:51.997 [traceId=] [SpringApplicationShutdownHook] INFO  c.alibaba.druid.pool.DruidDataSource - {dataSource-1} closing ...
2025-04-17 00:22:52.004 [traceId=] [SpringApplicationShutdownHook] INFO  c.alibaba.druid.pool.DruidDataSource - {dataSource-1} closed
2025-04-17 00:22:56.389 [traceId=] [main] INFO  com.sky.SkyApplication - Starting SkyApplication using Java 17.0.12 on 192.168.0.100 with PID 80515 (/Users/zry/Desktop/sky-out/sky-server/target/classes started by zry in /Users/zry/Desktop/sky-out)
2025-04-17 00:22:56.391 [traceId=] [main] INFO  com.sky.SkyApplication - The following 1 profile is active: "dev"
2025-04-17 00:22:57.425 [traceId=] [main] INFO  o.s.d.r.c.RepositoryConfigurationDelegate - Multiple Spring Data modules found, entering strict repository configuration mode
2025-04-17 00:22:57.429 [traceId=] [main] INFO  o.s.d.r.c.RepositoryConfigurationDelegate - Bootstrapping Spring Data Redis repositories in DEFAULT mode.
2025-04-17 00:22:57.459 [traceId=] [main] INFO  o.s.d.r.c.RepositoryConfigurationDelegate - Finished Spring Data repository scanning in 14 ms. Found 0 Redis repository interfaces.
2025-04-17 00:22:58.514 [traceId=] [main] INFO  o.s.b.w.e.tomcat.TomcatWebServer - Tomcat initialized with port(s): 8080 (http)
2025-04-17 00:22:58.523 [traceId=] [main] INFO  o.a.coyote.http11.Http11NioProtocol - Initializing ProtocolHandler ["http-nio-8080"]
2025-04-17 00:22:58.523 [traceId=] [main] INFO  o.a.catalina.core.StandardService - Starting service [Tomcat]
2025-04-17 00:22:58.523 [traceId=] [main] INFO  o.a.catalina.core.StandardEngine - Starting Servlet engine: [Apache Tomcat/9.0.65]
2025-04-17 00:22:58.640 [traceId=] [main] INFO  o.a.c.c.C.[Tomcat].[localhost].[/] - Initializing Spring embedded WebApplicationContext
2025-04-17 00:22:58.641 [traceId=] [main] INFO  o.s.b.w.s.c.ServletWebServerApplicationContext - Root WebApplicationContext: initialization completed in 2199 ms
2025-04-17 00:22:58.793 [traceId=] [main] INFO  c.a.d.s.b.a.DruidDataSourceAutoConfigure - Init DruidDataSource
2025-04-17 00:22:58.930 [traceId=] [main] INFO  c.alibaba.druid.pool.DruidDataSource - {dataSource-1} inited
2025-04-17 00:22:59.193 [traceId=] [main] INFO  com.sky.config.MinioConfiguration - 加载minio配置值：MinioProperties(endpoint=http://localhost:9000, accessKey=minioadmin, secretKey=minioadmin, bucketName=mybucket)
2025-04-17 00:22:59.495 [traceId=] [main] INFO  com.sky.config.WebMvcConfiguration - 开始注册自定义拦截器...
2025-04-17 00:23:00.611 [traceId=] [main] INFO  o.a.coyote.http11.Http11NioProtocol - Starting ProtocolHandler ["http-nio-8080"]
2025-04-17 00:23:00.636 [traceId=] [main] INFO  o.s.b.w.e.tomcat.TomcatWebServer - Tomcat started on port(s): 8080 (http) with context path ''
2025-04-17 00:23:00.976 [traceId=] [main] INFO  com.sky.SkyApplication - Started SkyApplication in 5.171 seconds (JVM running for 5.969)
2025-04-17 00:23:00.979 [traceId=] [main] INFO  com.sky.SkyApplication - server started
2025-04-17 00:24:13.525 [traceId=] [SpringApplicationShutdownHook] INFO  c.alibaba.druid.pool.DruidDataSource - {dataSource-1} closing ...
2025-04-17 00:24:13.526 [traceId=] [SpringApplicationShutdownHook] INFO  c.alibaba.druid.pool.DruidDataSource - {dataSource-1} closed
2025-04-17 00:24:17.049 [traceId=] [main] INFO  com.sky.SkyApplication - Starting SkyApplication using Java 17.0.12 on 192.168.0.100 with PID 81340 (/Users/zry/Desktop/sky-out/sky-server/target/classes started by zry in /Users/zry/Desktop/sky-out)
2025-04-17 00:24:17.050 [traceId=] [main] INFO  com.sky.SkyApplication - The following 1 profile is active: "dev"
2025-04-17 00:24:17.897 [traceId=] [main] INFO  o.s.d.r.c.RepositoryConfigurationDelegate - Multiple Spring Data modules found, entering strict repository configuration mode
2025-04-17 00:24:17.901 [traceId=] [main] INFO  o.s.d.r.c.RepositoryConfigurationDelegate - Bootstrapping Spring Data Redis repositories in DEFAULT mode.
2025-04-17 00:24:17.927 [traceId=] [main] INFO  o.s.d.r.c.RepositoryConfigurationDelegate - Finished Spring Data repository scanning in 11 ms. Found 0 Redis repository interfaces.
2025-04-17 00:24:18.773 [traceId=] [main] INFO  o.s.b.w.e.tomcat.TomcatWebServer - Tomcat initialized with port(s): 8080 (http)
2025-04-17 00:24:18.782 [traceId=] [main] INFO  o.a.coyote.http11.Http11NioProtocol - Initializing ProtocolHandler ["http-nio-8080"]
2025-04-17 00:24:18.783 [traceId=] [main] INFO  o.a.catalina.core.StandardService - Starting service [Tomcat]
2025-04-17 00:24:18.783 [traceId=] [main] INFO  o.a.catalina.core.StandardEngine - Starting Servlet engine: [Apache Tomcat/9.0.65]
2025-04-17 00:24:18.896 [traceId=] [main] INFO  o.a.c.c.C.[Tomcat].[localhost].[/] - Initializing Spring embedded WebApplicationContext
2025-04-17 00:24:18.896 [traceId=] [main] INFO  o.s.b.w.s.c.ServletWebServerApplicationContext - Root WebApplicationContext: initialization completed in 1805 ms
2025-04-17 00:24:19.032 [traceId=] [main] INFO  c.a.d.s.b.a.DruidDataSourceAutoConfigure - Init DruidDataSource
2025-04-17 00:24:19.153 [traceId=] [main] INFO  c.alibaba.druid.pool.DruidDataSource - {dataSource-1} inited
2025-04-17 00:24:19.378 [traceId=] [main] INFO  com.sky.config.MinioConfiguration - 加载minio配置值：MinioProperties(endpoint=http://localhost:9000, accessKey=minioadmin, secretKey=minioadmin, bucketName=mybucket)
2025-04-17 00:24:19.602 [traceId=] [main] INFO  com.sky.config.WebMvcConfiguration - 开始注册自定义拦截器...
2025-04-17 00:24:20.492 [traceId=] [main] INFO  o.a.coyote.http11.Http11NioProtocol - Starting ProtocolHandler ["http-nio-8080"]
2025-04-17 00:24:20.510 [traceId=] [main] INFO  o.s.b.w.e.tomcat.TomcatWebServer - Tomcat started on port(s): 8080 (http) with context path ''
2025-04-17 00:24:20.795 [traceId=] [main] INFO  com.sky.SkyApplication - Started SkyApplication in 4.338 seconds (JVM running for 5.049)
2025-04-17 00:24:20.797 [traceId=] [main] INFO  com.sky.SkyApplication - server started
2025-04-17 00:25:18.776 [traceId=] [http-nio-8080-exec-3] INFO  o.a.c.c.C.[Tomcat].[localhost].[/] - Initializing Spring DispatcherServlet 'dispatcherServlet'
2025-04-17 00:25:18.777 [traceId=] [http-nio-8080-exec-3] INFO  o.s.web.servlet.DispatcherServlet - Initializing Servlet 'dispatcherServlet'
2025-04-17 00:25:18.790 [traceId=] [http-nio-8080-exec-3] INFO  o.s.web.servlet.DispatcherServlet - Completed initialization in 13 ms
2025-04-17 00:25:18.820 [traceId=2458f47b0de1450994bbb4a7a7e09830] [http-nio-8080-exec-4] WARN  o.s.web.servlet.PageNotFound - No mapping for GET /admin/shop/status
2025-04-17 00:25:18.820 [traceId=4d311cb4ed574332bbc2ae419093282e] [http-nio-8080-exec-1] WARN  o.s.web.servlet.PageNotFound - No mapping for GET /ws/0wu8etnjczah
2025-04-17 00:25:20.366 [traceId=a01f554faa0144ba94f2941c0040edb2] [http-nio-8080-exec-2] DEBUG c.s.mapper.EmployeeMapper.queryByOne - ==>  Preparing: select * from employee where id=?
2025-04-17 00:25:20.366 [traceId=91360d9f76bf4c6494bff35a6b9aef65] [http-nio-8080-exec-3] DEBUG c.s.mapper.EmployeeMapper.queryByOne - ==>  Preparing: select * from employee where id=?
2025-04-17 00:25:20.408 [traceId=a01f554faa0144ba94f2941c0040edb2] [http-nio-8080-exec-2] DEBUG c.s.mapper.EmployeeMapper.queryByOne - ==> Parameters: 1(Long)
2025-04-17 00:25:20.408 [traceId=91360d9f76bf4c6494bff35a6b9aef65] [http-nio-8080-exec-3] DEBUG c.s.mapper.EmployeeMapper.queryByOne - ==> Parameters: 1(Long)
2025-04-17 00:25:20.477 [traceId=91360d9f76bf4c6494bff35a6b9aef65] [http-nio-8080-exec-3] DEBUG c.s.mapper.EmployeeMapper.queryByOne - <==      Total: 1
2025-04-17 00:25:20.477 [traceId=a01f554faa0144ba94f2941c0040edb2] [http-nio-8080-exec-2] DEBUG c.s.mapper.EmployeeMapper.queryByOne - <==      Total: 1
2025-04-17 00:25:20.545 [traceId=a01f554faa0144ba94f2941c0040edb2] [http-nio-8080-exec-2] DEBUG com.sky.mapper.CategoryMapper.list - ==>  Preparing: select * from category where status = 1 and type = ? order by sort asc,create_time desc
2025-04-17 00:25:20.545 [traceId=a01f554faa0144ba94f2941c0040edb2] [http-nio-8080-exec-2] DEBUG com.sky.mapper.CategoryMapper.list - ==> Parameters: 1(Integer)
2025-04-17 00:25:20.554 [traceId=a01f554faa0144ba94f2941c0040edb2] [http-nio-8080-exec-2] DEBUG com.sky.mapper.CategoryMapper.list - <==      Total: 8
2025-04-17 00:25:20.600 [traceId=91360d9f76bf4c6494bff35a6b9aef65] [http-nio-8080-exec-3] DEBUG c.sky.mapper.DishMapper.query_COUNT - ==>  Preparing: SELECT count(0) FROM dish
2025-04-17 00:25:20.601 [traceId=91360d9f76bf4c6494bff35a6b9aef65] [http-nio-8080-exec-3] DEBUG c.sky.mapper.DishMapper.query_COUNT - ==> Parameters: 
2025-04-17 00:25:20.605 [traceId=91360d9f76bf4c6494bff35a6b9aef65] [http-nio-8080-exec-3] DEBUG c.sky.mapper.DishMapper.query_COUNT - <==      Total: 1
2025-04-17 00:25:20.607 [traceId=91360d9f76bf4c6494bff35a6b9aef65] [http-nio-8080-exec-3] DEBUG com.sky.mapper.DishMapper.query - ==>  Preparing: select id, name, category_id, price, image, description, status, create_time, update_time, create_user, update_user from dish order by create_time desc LIMIT ?
2025-04-17 00:25:20.607 [traceId=91360d9f76bf4c6494bff35a6b9aef65] [http-nio-8080-exec-3] DEBUG com.sky.mapper.DishMapper.query - ==> Parameters: 10(Integer)
2025-04-17 00:25:20.612 [traceId=91360d9f76bf4c6494bff35a6b9aef65] [http-nio-8080-exec-3] DEBUG com.sky.mapper.DishMapper.query - <==      Total: 10
2025-04-17 00:25:29.732 [traceId=1159b6bd5dc3476da602f80a5ecf35ea] [http-nio-8080-exec-6] DEBUG c.s.mapper.EmployeeMapper.queryByOne - ==>  Preparing: select * from employee where id=?
2025-04-17 00:25:29.732 [traceId=1159b6bd5dc3476da602f80a5ecf35ea] [http-nio-8080-exec-6] DEBUG c.s.mapper.EmployeeMapper.queryByOne - ==> Parameters: 1(Long)
2025-04-17 00:25:29.733 [traceId=1159b6bd5dc3476da602f80a5ecf35ea] [http-nio-8080-exec-6] DEBUG c.s.mapper.EmployeeMapper.queryByOne - <==      Total: 1
2025-04-17 00:25:29.744 [traceId=1159b6bd5dc3476da602f80a5ecf35ea] [http-nio-8080-exec-6] DEBUG c.sky.mapper.DishMapper.query_COUNT - ==>  Preparing: SELECT count(0) FROM dish WHERE name LIKE concat(?, '%')
2025-04-17 00:25:29.745 [traceId=1159b6bd5dc3476da602f80a5ecf35ea] [http-nio-8080-exec-6] DEBUG c.sky.mapper.DishMapper.query_COUNT - ==> Parameters: 测试(String)
2025-04-17 00:25:29.756 [traceId=1159b6bd5dc3476da602f80a5ecf35ea] [http-nio-8080-exec-6] DEBUG c.sky.mapper.DishMapper.query_COUNT - <==      Total: 1
2025-04-17 00:25:29.757 [traceId=1159b6bd5dc3476da602f80a5ecf35ea] [http-nio-8080-exec-6] DEBUG com.sky.mapper.DishMapper.query - ==>  Preparing: select id, name, category_id, price, image, description, status, create_time, update_time, create_user, update_user from dish WHERE name like concat(?,'%') order by create_time desc LIMIT ?
2025-04-17 00:25:29.757 [traceId=1159b6bd5dc3476da602f80a5ecf35ea] [http-nio-8080-exec-6] DEBUG com.sky.mapper.DishMapper.query - ==> Parameters: 测试(String), 10(Integer)
2025-04-17 00:25:29.760 [traceId=1159b6bd5dc3476da602f80a5ecf35ea] [http-nio-8080-exec-6] DEBUG com.sky.mapper.DishMapper.query - <==      Total: 1
2025-04-17 00:25:31.399 [traceId=66f210f2722549f1b864da072b58bfa2] [http-nio-8080-exec-7] DEBUG c.s.mapper.EmployeeMapper.queryByOne - ==>  Preparing: select * from employee where id=?
2025-04-17 00:25:31.399 [traceId=66f210f2722549f1b864da072b58bfa2] [http-nio-8080-exec-7] DEBUG c.s.mapper.EmployeeMapper.queryByOne - ==> Parameters: 1(Long)
2025-04-17 00:25:31.400 [traceId=66f210f2722549f1b864da072b58bfa2] [http-nio-8080-exec-7] DEBUG c.s.mapper.EmployeeMapper.queryByOne - <==      Total: 1
2025-04-17 00:25:31.402 [traceId=66f210f2722549f1b864da072b58bfa2] [http-nio-8080-exec-7] DEBUG c.sky.mapper.DishMapper.query_COUNT - ==>  Preparing: SELECT count(0) FROM dish
2025-04-17 00:25:31.403 [traceId=66f210f2722549f1b864da072b58bfa2] [http-nio-8080-exec-7] DEBUG c.sky.mapper.DishMapper.query_COUNT - ==> Parameters: 
2025-04-17 00:25:31.403 [traceId=66f210f2722549f1b864da072b58bfa2] [http-nio-8080-exec-7] DEBUG c.sky.mapper.DishMapper.query_COUNT - <==      Total: 1
2025-04-17 00:25:31.404 [traceId=66f210f2722549f1b864da072b58bfa2] [http-nio-8080-exec-7] DEBUG com.sky.mapper.DishMapper.query - ==>  Preparing: select id, name, category_id, price, image, description, status, create_time, update_time, create_user, update_user from dish order by create_time desc LIMIT ?
2025-04-17 00:25:31.404 [traceId=66f210f2722549f1b864da072b58bfa2] [http-nio-8080-exec-7] DEBUG com.sky.mapper.DishMapper.query - ==> Parameters: 10(Integer)
2025-04-17 00:25:31.409 [traceId=66f210f2722549f1b864da072b58bfa2] [http-nio-8080-exec-7] DEBUG com.sky.mapper.DishMapper.query - <==      Total: 10
2025-04-17 00:25:35.135 [traceId=d747a9e6cd0f47d8ac457a934e1ea3d3] [http-nio-8080-exec-8] DEBUG c.s.mapper.EmployeeMapper.queryByOne - ==>  Preparing: select * from employee where id=?
2025-04-17 00:25:35.135 [traceId=d747a9e6cd0f47d8ac457a934e1ea3d3] [http-nio-8080-exec-8] DEBUG c.s.mapper.EmployeeMapper.queryByOne - ==> Parameters: 1(Long)
2025-04-17 00:25:35.139 [traceId=d747a9e6cd0f47d8ac457a934e1ea3d3] [http-nio-8080-exec-8] DEBUG c.s.mapper.EmployeeMapper.queryByOne - <==      Total: 1
2025-04-17 00:25:35.146 [traceId=] [http-nio-8080-exec-8] ERROR o.a.c.c.C.[.[.[.[dispatcherServlet] - Servlet.service() for servlet [dispatcherServlet] in context with path [] threw exception [Request processing failed; nested exception is org.mybatis.spring.MyBatisSystemException: nested exception is org.apache.ibatis.reflection.ReflectionException: There is no getter for property named 'category_id' in 'class com.sky.dto.DishPageQueryDTO'] with root cause
org.apache.ibatis.reflection.ReflectionException: There is no getter for property named 'category_id' in 'class com.sky.dto.DishPageQueryDTO'
	at org.apache.ibatis.reflection.Reflector.getGetInvoker(Reflector.java:375)
	at org.apache.ibatis.reflection.MetaClass.getGetInvoker(MetaClass.java:164)
	at org.apache.ibatis.reflection.wrapper.BeanWrapper.getBeanProperty(BeanWrapper.java:162)
	at org.apache.ibatis.reflection.wrapper.BeanWrapper.get(BeanWrapper.java:49)
	at org.apache.ibatis.reflection.MetaObject.getValue(MetaObject.java:122)
	at org.apache.ibatis.executor.BaseExecutor.createCacheKey(BaseExecutor.java:219)
	at org.apache.ibatis.executor.CachingExecutor.createCacheKey(CachingExecutor.java:146)
	at com.github.pagehelper.PageInterceptor.intercept(PageInterceptor.java:83)
	at org.apache.ibatis.plugin.Plugin.invoke(Plugin.java:62)
	at jdk.proxy2/jdk.proxy2.$Proxy135.query(Unknown Source)
	at org.apache.ibatis.session.defaults.DefaultSqlSession.selectList(DefaultSqlSession.java:151)
	at org.apache.ibatis.session.defaults.DefaultSqlSession.selectList(DefaultSqlSession.java:145)
	at org.apache.ibatis.session.defaults.DefaultSqlSession.selectList(DefaultSqlSession.java:140)
	at java.base/jdk.internal.reflect.NativeMethodAccessorImpl.invoke0(Native Method)
	at java.base/jdk.internal.reflect.NativeMethodAccessorImpl.invoke(NativeMethodAccessorImpl.java:77)
	at java.base/jdk.internal.reflect.DelegatingMethodAccessorImpl.invoke(DelegatingMethodAccessorImpl.java:43)
	at java.base/java.lang.reflect.Method.invoke(Method.java:569)
	at org.mybatis.spring.SqlSessionTemplate$SqlSessionInterceptor.invoke(SqlSessionTemplate.java:427)
	at jdk.proxy2/jdk.proxy2.$Proxy82.selectList(Unknown Source)
	at org.mybatis.spring.SqlSessionTemplate.selectList(SqlSessionTemplate.java:224)
	at org.apache.ibatis.binding.MapperMethod.executeForMany(MapperMethod.java:147)
	at org.apache.ibatis.binding.MapperMethod.execute(MapperMethod.java:80)
	at org.apache.ibatis.binding.MapperProxy$PlainMethodInvoker.invoke(MapperProxy.java:145)
	at org.apache.ibatis.binding.MapperProxy.invoke(MapperProxy.java:86)
	at jdk.proxy2/jdk.proxy2.$Proxy96.query(Unknown Source)
	at java.base/jdk.internal.reflect.NativeMethodAccessorImpl.invoke0(Native Method)
	at java.base/jdk.internal.reflect.NativeMethodAccessorImpl.invoke(NativeMethodAccessorImpl.java:77)
	at java.base/jdk.internal.reflect.DelegatingMethodAccessorImpl.invoke(DelegatingMethodAccessorImpl.java:43)
	at java.base/java.lang.reflect.Method.invoke(Method.java:569)
	at org.springframework.aop.support.AopUtils.invokeJoinpointUsingReflection(AopUtils.java:344)
	at org.springframework.aop.framework.ReflectiveMethodInvocation.invokeJoinpoint(ReflectiveMethodInvocation.java:198)
	at org.springframework.aop.framework.ReflectiveMethodInvocation.proceed(ReflectiveMethodInvocation.java:163)
	at org.springframework.aop.interceptor.ExposeInvocationInterceptor.invoke(ExposeInvocationInterceptor.java:97)
	at org.springframework.aop.framework.ReflectiveMethodInvocation.proceed(ReflectiveMethodInvocation.java:186)
	at org.springframework.aop.framework.JdkDynamicAopProxy.invoke(JdkDynamicAopProxy.java:215)
	at jdk.proxy2/jdk.proxy2.$Proxy97.query(Unknown Source)
	at com.sky.service.impl.DishServiceImpl.page(DishServiceImpl.java:38)
	at com.sky.controller.admin.DishController.page(DishController.java:33)
	at java.base/jdk.internal.reflect.NativeMethodAccessorImpl.invoke0(Native Method)
	at java.base/jdk.internal.reflect.NativeMethodAccessorImpl.invoke(NativeMethodAccessorImpl.java:77)
	at java.base/jdk.internal.reflect.DelegatingMethodAccessorImpl.invoke(DelegatingMethodAccessorImpl.java:43)
	at java.base/java.lang.reflect.Method.invoke(Method.java:569)
	at org.springframework.web.method.support.InvocableHandlerMethod.doInvoke(InvocableHandlerMethod.java:205)
	at org.springframework.web.method.support.InvocableHandlerMethod.invokeForRequest(InvocableHandlerMethod.java:150)
	at org.springframework.web.servlet.mvc.method.annotation.ServletInvocableHandlerMethod.invokeAndHandle(ServletInvocableHandlerMethod.java:117)
	at org.springframework.web.servlet.mvc.method.annotation.RequestMappingHandlerAdapter.invokeHandlerMethod(RequestMappingHandlerAdapter.java:895)
	at org.springframework.web.servlet.mvc.method.annotation.RequestMappingHandlerAdapter.handleInternal(RequestMappingHandlerAdapter.java:808)
	at org.springframework.web.servlet.mvc.method.AbstractHandlerMethodAdapter.handle(AbstractHandlerMethodAdapter.java:87)
	at org.springframework.web.servlet.DispatcherServlet.doDispatch(DispatcherServlet.java:1070)
	at org.springframework.web.servlet.DispatcherServlet.doService(DispatcherServlet.java:963)
	at org.springframework.web.servlet.FrameworkServlet.processRequest(FrameworkServlet.java:1006)
	at org.springframework.web.servlet.FrameworkServlet.doGet(FrameworkServlet.java:898)
	at javax.servlet.http.HttpServlet.service(HttpServlet.java:655)
	at org.springframework.web.servlet.FrameworkServlet.service(FrameworkServlet.java:883)
	at javax.servlet.http.HttpServlet.service(HttpServlet.java:764)
	at org.apache.catalina.core.ApplicationFilterChain.internalDoFilter(ApplicationFilterChain.java:227)
	at org.apache.catalina.core.ApplicationFilterChain.doFilter(ApplicationFilterChain.java:162)
	at org.apache.tomcat.websocket.server.WsFilter.doFilter(WsFilter.java:53)
	at org.apache.catalina.core.ApplicationFilterChain.internalDoFilter(ApplicationFilterChain.java:189)
	at org.apache.catalina.core.ApplicationFilterChain.doFilter(ApplicationFilterChain.java:162)
	at com.sky.config.TraceIdFilter.doFilter(TraceIdFilter.java:25)
	at org.apache.catalina.core.ApplicationFilterChain.internalDoFilter(ApplicationFilterChain.java:189)
	at org.apache.catalina.core.ApplicationFilterChain.doFilter(ApplicationFilterChain.java:162)
	at org.springframework.web.filter.CharacterEncodingFilter.doFilterInternal(CharacterEncodingFilter.java:201)
	at org.springframework.web.filter.OncePerRequestFilter.doFilter(OncePerRequestFilter.java:117)
	at org.apache.catalina.core.ApplicationFilterChain.internalDoFilter(ApplicationFilterChain.java:189)
	at org.apache.catalina.core.ApplicationFilterChain.doFilter(ApplicationFilterChain.java:162)
	at org.apache.catalina.core.StandardWrapperValve.invoke(StandardWrapperValve.java:197)
	at org.apache.catalina.core.StandardContextValve.invoke(StandardContextValve.java:97)
	at org.apache.catalina.authenticator.AuthenticatorBase.invoke(AuthenticatorBase.java:541)
	at org.apache.catalina.core.StandardHostValve.invoke(StandardHostValve.java:135)
	at org.apache.catalina.valves.ErrorReportValve.invoke(ErrorReportValve.java:92)
	at org.apache.catalina.core.StandardEngineValve.invoke(StandardEngineValve.java:78)
	at org.apache.catalina.connector.CoyoteAdapter.service(CoyoteAdapter.java:360)
	at org.apache.coyote.http11.Http11Processor.service(Http11Processor.java:399)
	at org.apache.coyote.AbstractProcessorLight.process(AbstractProcessorLight.java:65)
	at org.apache.coyote.AbstractProtocol$ConnectionHandler.process(AbstractProtocol.java:890)
	at org.apache.tomcat.util.net.NioEndpoint$SocketProcessor.doRun(NioEndpoint.java:1789)
	at org.apache.tomcat.util.net.SocketProcessorBase.run(SocketProcessorBase.java:49)
	at org.apache.tomcat.util.threads.ThreadPoolExecutor.runWorker(ThreadPoolExecutor.java:1191)
	at org.apache.tomcat.util.threads.ThreadPoolExecutor$Worker.run(ThreadPoolExecutor.java:659)
	at org.apache.tomcat.util.threads.TaskThread$WrappingRunnable.run(TaskThread.java:61)
	at java.base/java.lang.Thread.run(Thread.java:840)
2025-04-17 00:25:38.516 [traceId=4d035c3b26674afe90cc2b6db4f5aff4] [http-nio-8080-exec-9] DEBUG c.s.mapper.EmployeeMapper.queryByOne - ==>  Preparing: select * from employee where id=?
2025-04-17 00:25:38.517 [traceId=4d035c3b26674afe90cc2b6db4f5aff4] [http-nio-8080-exec-9] DEBUG c.s.mapper.EmployeeMapper.queryByOne - ==> Parameters: 1(Long)
2025-04-17 00:25:38.519 [traceId=4d035c3b26674afe90cc2b6db4f5aff4] [http-nio-8080-exec-9] DEBUG c.s.mapper.EmployeeMapper.queryByOne - <==      Total: 1
2025-04-17 00:25:38.524 [traceId=] [http-nio-8080-exec-9] ERROR o.a.c.c.C.[.[.[.[dispatcherServlet] - Servlet.service() for servlet [dispatcherServlet] in context with path [] threw exception [Request processing failed; nested exception is org.mybatis.spring.MyBatisSystemException: nested exception is org.apache.ibatis.reflection.ReflectionException: There is no getter for property named 'category_id' in 'class com.sky.dto.DishPageQueryDTO'] with root cause
org.apache.ibatis.reflection.ReflectionException: There is no getter for property named 'category_id' in 'class com.sky.dto.DishPageQueryDTO'
	at org.apache.ibatis.reflection.Reflector.getGetInvoker(Reflector.java:375)
	at org.apache.ibatis.reflection.MetaClass.getGetInvoker(MetaClass.java:164)
	at org.apache.ibatis.reflection.wrapper.BeanWrapper.getBeanProperty(BeanWrapper.java:162)
	at org.apache.ibatis.reflection.wrapper.BeanWrapper.get(BeanWrapper.java:49)
	at org.apache.ibatis.reflection.MetaObject.getValue(MetaObject.java:122)
	at org.apache.ibatis.executor.BaseExecutor.createCacheKey(BaseExecutor.java:219)
	at org.apache.ibatis.executor.CachingExecutor.createCacheKey(CachingExecutor.java:146)
	at com.github.pagehelper.PageInterceptor.intercept(PageInterceptor.java:83)
	at org.apache.ibatis.plugin.Plugin.invoke(Plugin.java:62)
	at jdk.proxy2/jdk.proxy2.$Proxy135.query(Unknown Source)
	at org.apache.ibatis.session.defaults.DefaultSqlSession.selectList(DefaultSqlSession.java:151)
	at org.apache.ibatis.session.defaults.DefaultSqlSession.selectList(DefaultSqlSession.java:145)
	at org.apache.ibatis.session.defaults.DefaultSqlSession.selectList(DefaultSqlSession.java:140)
	at java.base/jdk.internal.reflect.NativeMethodAccessorImpl.invoke0(Native Method)
	at java.base/jdk.internal.reflect.NativeMethodAccessorImpl.invoke(NativeMethodAccessorImpl.java:77)
	at java.base/jdk.internal.reflect.DelegatingMethodAccessorImpl.invoke(DelegatingMethodAccessorImpl.java:43)
	at java.base/java.lang.reflect.Method.invoke(Method.java:569)
	at org.mybatis.spring.SqlSessionTemplate$SqlSessionInterceptor.invoke(SqlSessionTemplate.java:427)
	at jdk.proxy2/jdk.proxy2.$Proxy82.selectList(Unknown Source)
	at org.mybatis.spring.SqlSessionTemplate.selectList(SqlSessionTemplate.java:224)
	at org.apache.ibatis.binding.MapperMethod.executeForMany(MapperMethod.java:147)
	at org.apache.ibatis.binding.MapperMethod.execute(MapperMethod.java:80)
	at org.apache.ibatis.binding.MapperProxy$PlainMethodInvoker.invoke(MapperProxy.java:145)
	at org.apache.ibatis.binding.MapperProxy.invoke(MapperProxy.java:86)
	at jdk.proxy2/jdk.proxy2.$Proxy96.query(Unknown Source)
	at java.base/jdk.internal.reflect.NativeMethodAccessorImpl.invoke0(Native Method)
	at java.base/jdk.internal.reflect.NativeMethodAccessorImpl.invoke(NativeMethodAccessorImpl.java:77)
	at java.base/jdk.internal.reflect.DelegatingMethodAccessorImpl.invoke(DelegatingMethodAccessorImpl.java:43)
	at java.base/java.lang.reflect.Method.invoke(Method.java:569)
	at org.springframework.aop.support.AopUtils.invokeJoinpointUsingReflection(AopUtils.java:344)
	at org.springframework.aop.framework.ReflectiveMethodInvocation.invokeJoinpoint(ReflectiveMethodInvocation.java:198)
	at org.springframework.aop.framework.ReflectiveMethodInvocation.proceed(ReflectiveMethodInvocation.java:163)
	at org.springframework.aop.interceptor.ExposeInvocationInterceptor.invoke(ExposeInvocationInterceptor.java:97)
	at org.springframework.aop.framework.ReflectiveMethodInvocation.proceed(ReflectiveMethodInvocation.java:186)
	at org.springframework.aop.framework.JdkDynamicAopProxy.invoke(JdkDynamicAopProxy.java:215)
	at jdk.proxy2/jdk.proxy2.$Proxy97.query(Unknown Source)
	at com.sky.service.impl.DishServiceImpl.page(DishServiceImpl.java:38)
	at com.sky.controller.admin.DishController.page(DishController.java:33)
	at java.base/jdk.internal.reflect.NativeMethodAccessorImpl.invoke0(Native Method)
	at java.base/jdk.internal.reflect.NativeMethodAccessorImpl.invoke(NativeMethodAccessorImpl.java:77)
	at java.base/jdk.internal.reflect.DelegatingMethodAccessorImpl.invoke(DelegatingMethodAccessorImpl.java:43)
	at java.base/java.lang.reflect.Method.invoke(Method.java:569)
	at org.springframework.web.method.support.InvocableHandlerMethod.doInvoke(InvocableHandlerMethod.java:205)
	at org.springframework.web.method.support.InvocableHandlerMethod.invokeForRequest(InvocableHandlerMethod.java:150)
	at org.springframework.web.servlet.mvc.method.annotation.ServletInvocableHandlerMethod.invokeAndHandle(ServletInvocableHandlerMethod.java:117)
	at org.springframework.web.servlet.mvc.method.annotation.RequestMappingHandlerAdapter.invokeHandlerMethod(RequestMappingHandlerAdapter.java:895)
	at org.springframework.web.servlet.mvc.method.annotation.RequestMappingHandlerAdapter.handleInternal(RequestMappingHandlerAdapter.java:808)
	at org.springframework.web.servlet.mvc.method.AbstractHandlerMethodAdapter.handle(AbstractHandlerMethodAdapter.java:87)
	at org.springframework.web.servlet.DispatcherServlet.doDispatch(DispatcherServlet.java:1070)
	at org.springframework.web.servlet.DispatcherServlet.doService(DispatcherServlet.java:963)
	at org.springframework.web.servlet.FrameworkServlet.processRequest(FrameworkServlet.java:1006)
	at org.springframework.web.servlet.FrameworkServlet.doGet(FrameworkServlet.java:898)
	at javax.servlet.http.HttpServlet.service(HttpServlet.java:655)
	at org.springframework.web.servlet.FrameworkServlet.service(FrameworkServlet.java:883)
	at javax.servlet.http.HttpServlet.service(HttpServlet.java:764)
	at org.apache.catalina.core.ApplicationFilterChain.internalDoFilter(ApplicationFilterChain.java:227)
	at org.apache.catalina.core.ApplicationFilterChain.doFilter(ApplicationFilterChain.java:162)
	at org.apache.tomcat.websocket.server.WsFilter.doFilter(WsFilter.java:53)
	at org.apache.catalina.core.ApplicationFilterChain.internalDoFilter(ApplicationFilterChain.java:189)
	at org.apache.catalina.core.ApplicationFilterChain.doFilter(ApplicationFilterChain.java:162)
	at com.sky.config.TraceIdFilter.doFilter(TraceIdFilter.java:25)
	at org.apache.catalina.core.ApplicationFilterChain.internalDoFilter(ApplicationFilterChain.java:189)
	at org.apache.catalina.core.ApplicationFilterChain.doFilter(ApplicationFilterChain.java:162)
	at org.springframework.web.filter.CharacterEncodingFilter.doFilterInternal(CharacterEncodingFilter.java:201)
	at org.springframework.web.filter.OncePerRequestFilter.doFilter(OncePerRequestFilter.java:117)
	at org.apache.catalina.core.ApplicationFilterChain.internalDoFilter(ApplicationFilterChain.java:189)
	at org.apache.catalina.core.ApplicationFilterChain.doFilter(ApplicationFilterChain.java:162)
	at org.apache.catalina.core.StandardWrapperValve.invoke(StandardWrapperValve.java:197)
	at org.apache.catalina.core.StandardContextValve.invoke(StandardContextValve.java:97)
	at org.apache.catalina.authenticator.AuthenticatorBase.invoke(AuthenticatorBase.java:541)
	at org.apache.catalina.core.StandardHostValve.invoke(StandardHostValve.java:135)
	at org.apache.catalina.valves.ErrorReportValve.invoke(ErrorReportValve.java:92)
	at org.apache.catalina.core.StandardEngineValve.invoke(StandardEngineValve.java:78)
	at org.apache.catalina.connector.CoyoteAdapter.service(CoyoteAdapter.java:360)
	at org.apache.coyote.http11.Http11Processor.service(Http11Processor.java:399)
	at org.apache.coyote.AbstractProcessorLight.process(AbstractProcessorLight.java:65)
	at org.apache.coyote.AbstractProtocol$ConnectionHandler.process(AbstractProtocol.java:890)
	at org.apache.tomcat.util.net.NioEndpoint$SocketProcessor.doRun(NioEndpoint.java:1789)
	at org.apache.tomcat.util.net.SocketProcessorBase.run(SocketProcessorBase.java:49)
	at org.apache.tomcat.util.threads.ThreadPoolExecutor.runWorker(ThreadPoolExecutor.java:1191)
	at org.apache.tomcat.util.threads.ThreadPoolExecutor$Worker.run(ThreadPoolExecutor.java:659)
	at org.apache.tomcat.util.threads.TaskThread$WrappingRunnable.run(TaskThread.java:61)
	at java.base/java.lang.Thread.run(Thread.java:840)
2025-04-17 00:25:41.604 [traceId=d8a305de5444487f9d90ad2e2d4350e7] [http-nio-8080-exec-10] DEBUG c.s.mapper.EmployeeMapper.queryByOne - ==>  Preparing: select * from employee where id=?
2025-04-17 00:25:41.605 [traceId=d8a305de5444487f9d90ad2e2d4350e7] [http-nio-8080-exec-10] DEBUG c.s.mapper.EmployeeMapper.queryByOne - ==> Parameters: 1(Long)
2025-04-17 00:25:41.607 [traceId=d8a305de5444487f9d90ad2e2d4350e7] [http-nio-8080-exec-10] DEBUG c.s.mapper.EmployeeMapper.queryByOne - <==      Total: 1
2025-04-17 00:25:41.611 [traceId=d8a305de5444487f9d90ad2e2d4350e7] [http-nio-8080-exec-10] DEBUG c.sky.mapper.DishMapper.query_COUNT - ==>  Preparing: SELECT count(0) FROM dish
2025-04-17 00:25:41.612 [traceId=d8a305de5444487f9d90ad2e2d4350e7] [http-nio-8080-exec-10] DEBUG c.sky.mapper.DishMapper.query_COUNT - ==> Parameters: 
2025-04-17 00:25:41.613 [traceId=d8a305de5444487f9d90ad2e2d4350e7] [http-nio-8080-exec-10] DEBUG c.sky.mapper.DishMapper.query_COUNT - <==      Total: 1
2025-04-17 00:25:41.613 [traceId=d8a305de5444487f9d90ad2e2d4350e7] [http-nio-8080-exec-10] DEBUG com.sky.mapper.DishMapper.query - ==>  Preparing: select id, name, category_id, price, image, description, status, create_time, update_time, create_user, update_user from dish order by create_time desc LIMIT ?
2025-04-17 00:25:41.614 [traceId=d8a305de5444487f9d90ad2e2d4350e7] [http-nio-8080-exec-10] DEBUG com.sky.mapper.DishMapper.query - ==> Parameters: 10(Integer)
2025-04-17 00:25:41.617 [traceId=d8a305de5444487f9d90ad2e2d4350e7] [http-nio-8080-exec-10] DEBUG com.sky.mapper.DishMapper.query - <==      Total: 10
2025-04-17 00:25:43.982 [traceId=5f2758a5be8a481b9955eb7ee36d0dc2] [http-nio-8080-exec-4] DEBUG c.s.mapper.EmployeeMapper.queryByOne - ==>  Preparing: select * from employee where id=?
2025-04-17 00:25:43.982 [traceId=5f2758a5be8a481b9955eb7ee36d0dc2] [http-nio-8080-exec-4] DEBUG c.s.mapper.EmployeeMapper.queryByOne - ==> Parameters: 1(Long)
2025-04-17 00:25:43.987 [traceId=5f2758a5be8a481b9955eb7ee36d0dc2] [http-nio-8080-exec-4] DEBUG c.s.mapper.EmployeeMapper.queryByOne - <==      Total: 1
2025-04-17 00:25:43.994 [traceId=5f2758a5be8a481b9955eb7ee36d0dc2] [http-nio-8080-exec-4] DEBUG c.sky.mapper.DishMapper.query_COUNT - ==>  Preparing: SELECT count(0) FROM dish WHERE status = ?
2025-04-17 00:25:43.994 [traceId=5f2758a5be8a481b9955eb7ee36d0dc2] [http-nio-8080-exec-4] DEBUG c.sky.mapper.DishMapper.query_COUNT - ==> Parameters: 0(Integer)
2025-04-17 00:25:43.995 [traceId=5f2758a5be8a481b9955eb7ee36d0dc2] [http-nio-8080-exec-4] DEBUG c.sky.mapper.DishMapper.query_COUNT - <==      Total: 1
2025-04-17 00:25:43.996 [traceId=5f2758a5be8a481b9955eb7ee36d0dc2] [http-nio-8080-exec-4] DEBUG com.sky.mapper.DishMapper.query - ==>  Preparing: select id, name, category_id, price, image, description, status, create_time, update_time, create_user, update_user from dish WHERE status=? order by create_time desc LIMIT ?
2025-04-17 00:25:43.996 [traceId=5f2758a5be8a481b9955eb7ee36d0dc2] [http-nio-8080-exec-4] DEBUG com.sky.mapper.DishMapper.query - ==> Parameters: 0(Integer), 10(Integer)
2025-04-17 00:25:43.998 [traceId=5f2758a5be8a481b9955eb7ee36d0dc2] [http-nio-8080-exec-4] DEBUG com.sky.mapper.DishMapper.query - <==      Total: 1
2025-04-17 00:25:45.599 [traceId=6af0a09fb722421aa6b322db2c53ec23] [http-nio-8080-exec-1] DEBUG c.s.mapper.EmployeeMapper.queryByOne - ==>  Preparing: select * from employee where id=?
2025-04-17 00:25:45.599 [traceId=6af0a09fb722421aa6b322db2c53ec23] [http-nio-8080-exec-1] DEBUG c.s.mapper.EmployeeMapper.queryByOne - ==> Parameters: 1(Long)
2025-04-17 00:25:45.600 [traceId=6af0a09fb722421aa6b322db2c53ec23] [http-nio-8080-exec-1] DEBUG c.s.mapper.EmployeeMapper.queryByOne - <==      Total: 1
2025-04-17 00:25:45.603 [traceId=6af0a09fb722421aa6b322db2c53ec23] [http-nio-8080-exec-1] DEBUG c.sky.mapper.DishMapper.query_COUNT - ==>  Preparing: SELECT count(0) FROM dish
2025-04-17 00:25:45.603 [traceId=6af0a09fb722421aa6b322db2c53ec23] [http-nio-8080-exec-1] DEBUG c.sky.mapper.DishMapper.query_COUNT - ==> Parameters: 
2025-04-17 00:25:45.604 [traceId=6af0a09fb722421aa6b322db2c53ec23] [http-nio-8080-exec-1] DEBUG c.sky.mapper.DishMapper.query_COUNT - <==      Total: 1
2025-04-17 00:25:45.604 [traceId=6af0a09fb722421aa6b322db2c53ec23] [http-nio-8080-exec-1] DEBUG com.sky.mapper.DishMapper.query - ==>  Preparing: select id, name, category_id, price, image, description, status, create_time, update_time, create_user, update_user from dish order by create_time desc LIMIT ?
2025-04-17 00:25:45.605 [traceId=6af0a09fb722421aa6b322db2c53ec23] [http-nio-8080-exec-1] DEBUG com.sky.mapper.DishMapper.query - ==> Parameters: 10(Integer)
2025-04-17 00:25:45.609 [traceId=6af0a09fb722421aa6b322db2c53ec23] [http-nio-8080-exec-1] DEBUG com.sky.mapper.DishMapper.query - <==      Total: 10
2025-04-17 00:27:21.113 [traceId=] [SpringApplicationShutdownHook] INFO  c.alibaba.druid.pool.DruidDataSource - {dataSource-1} closing ...
2025-04-17 00:27:21.119 [traceId=] [SpringApplicationShutdownHook] INFO  c.alibaba.druid.pool.DruidDataSource - {dataSource-1} closed
2025-04-17 00:27:24.165 [traceId=] [main] INFO  com.sky.SkyApplication - Starting SkyApplication using Java 17.0.12 on 192.168.0.100 with PID 83356 (/Users/zry/Desktop/sky-out/sky-server/target/classes started by zry in /Users/zry/Desktop/sky-out)
2025-04-17 00:27:24.166 [traceId=] [main] INFO  com.sky.SkyApplication - The following 1 profile is active: "dev"
2025-04-17 00:27:25.087 [traceId=] [main] INFO  o.s.d.r.c.RepositoryConfigurationDelegate - Multiple Spring Data modules found, entering strict repository configuration mode
2025-04-17 00:27:25.091 [traceId=] [main] INFO  o.s.d.r.c.RepositoryConfigurationDelegate - Bootstrapping Spring Data Redis repositories in DEFAULT mode.
2025-04-17 00:27:25.119 [traceId=] [main] INFO  o.s.d.r.c.RepositoryConfigurationDelegate - Finished Spring Data repository scanning in 12 ms. Found 0 Redis repository interfaces.
2025-04-17 00:27:26.088 [traceId=] [main] INFO  o.s.b.w.e.tomcat.TomcatWebServer - Tomcat initialized with port(s): 8080 (http)
2025-04-17 00:27:26.097 [traceId=] [main] INFO  o.a.coyote.http11.Http11NioProtocol - Initializing ProtocolHandler ["http-nio-8080"]
2025-04-17 00:27:26.098 [traceId=] [main] INFO  o.a.catalina.core.StandardService - Starting service [Tomcat]
2025-04-17 00:27:26.098 [traceId=] [main] INFO  o.a.catalina.core.StandardEngine - Starting Servlet engine: [Apache Tomcat/9.0.65]
2025-04-17 00:27:26.217 [traceId=] [main] INFO  o.a.c.c.C.[Tomcat].[localhost].[/] - Initializing Spring embedded WebApplicationContext
2025-04-17 00:27:26.217 [traceId=] [main] INFO  o.s.b.w.s.c.ServletWebServerApplicationContext - Root WebApplicationContext: initialization completed in 2006 ms
2025-04-17 00:27:26.348 [traceId=] [main] INFO  c.a.d.s.b.a.DruidDataSourceAutoConfigure - Init DruidDataSource
2025-04-17 00:27:26.472 [traceId=] [main] INFO  c.alibaba.druid.pool.DruidDataSource - {dataSource-1} inited
2025-04-17 00:27:26.717 [traceId=] [main] INFO  com.sky.config.MinioConfiguration - 加载minio配置值：MinioProperties(endpoint=http://localhost:9000, accessKey=minioadmin, secretKey=minioadmin, bucketName=mybucket)
2025-04-17 00:27:26.984 [traceId=] [main] INFO  com.sky.config.WebMvcConfiguration - 开始注册自定义拦截器...
2025-04-17 00:27:28.028 [traceId=] [main] INFO  o.a.coyote.http11.Http11NioProtocol - Starting ProtocolHandler ["http-nio-8080"]
2025-04-17 00:27:28.046 [traceId=] [main] INFO  o.s.b.w.e.tomcat.TomcatWebServer - Tomcat started on port(s): 8080 (http) with context path ''
2025-04-17 00:27:28.346 [traceId=] [main] INFO  com.sky.SkyApplication - Started SkyApplication in 4.73 seconds (JVM running for 5.611)
2025-04-17 00:27:28.349 [traceId=] [main] INFO  com.sky.SkyApplication - server started
2025-04-17 00:39:41.518 [traceId=] [SpringApplicationShutdownHook] INFO  c.alibaba.druid.pool.DruidDataSource - {dataSource-1} closing ...
2025-04-17 00:39:41.521 [traceId=] [SpringApplicationShutdownHook] INFO  c.alibaba.druid.pool.DruidDataSource - {dataSource-1} closed
2025-04-17 00:39:45.123 [traceId=] [main] INFO  com.sky.SkyApplication - Starting SkyApplication using Java 17.0.12 on 192.168.0.100 with PID 91821 (/Users/zry/Desktop/sky-out/sky-server/target/classes started by zry in /Users/zry/Desktop/sky-out)
2025-04-17 00:39:45.124 [traceId=] [main] INFO  com.sky.SkyApplication - The following 1 profile is active: "dev"
2025-04-17 00:39:46.008 [traceId=] [main] INFO  o.s.d.r.c.RepositoryConfigurationDelegate - Multiple Spring Data modules found, entering strict repository configuration mode
2025-04-17 00:39:46.012 [traceId=] [main] INFO  o.s.d.r.c.RepositoryConfigurationDelegate - Bootstrapping Spring Data Redis repositories in DEFAULT mode.
2025-04-17 00:39:46.040 [traceId=] [main] INFO  o.s.d.r.c.RepositoryConfigurationDelegate - Finished Spring Data repository scanning in 12 ms. Found 0 Redis repository interfaces.
2025-04-17 00:39:46.956 [traceId=] [main] INFO  o.s.b.w.e.tomcat.TomcatWebServer - Tomcat initialized with port(s): 8080 (http)
2025-04-17 00:39:46.968 [traceId=] [main] INFO  o.a.coyote.http11.Http11NioProtocol - Initializing ProtocolHandler ["http-nio-8080"]
2025-04-17 00:39:46.969 [traceId=] [main] INFO  o.a.catalina.core.StandardService - Starting service [Tomcat]
2025-04-17 00:39:46.969 [traceId=] [main] INFO  o.a.catalina.core.StandardEngine - Starting Servlet engine: [Apache Tomcat/9.0.65]
2025-04-17 00:39:47.090 [traceId=] [main] INFO  o.a.c.c.C.[Tomcat].[localhost].[/] - Initializing Spring embedded WebApplicationContext
2025-04-17 00:39:47.090 [traceId=] [main] INFO  o.s.b.w.s.c.ServletWebServerApplicationContext - Root WebApplicationContext: initialization completed in 1918 ms
2025-04-17 00:39:47.219 [traceId=] [main] INFO  c.a.d.s.b.a.DruidDataSourceAutoConfigure - Init DruidDataSource
2025-04-17 00:39:47.345 [traceId=] [main] INFO  c.alibaba.druid.pool.DruidDataSource - {dataSource-1} inited
2025-04-17 00:39:47.581 [traceId=] [main] INFO  com.sky.config.MinioConfiguration - 加载minio配置值：MinioProperties(endpoint=http://localhost:9000, accessKey=minioadmin, secretKey=minioadmin, bucketName=mybucket)
2025-04-17 00:39:47.816 [traceId=] [main] INFO  com.sky.config.WebMvcConfiguration - 开始注册自定义拦截器...
2025-04-17 00:39:48.884 [traceId=] [main] INFO  o.a.coyote.http11.Http11NioProtocol - Starting ProtocolHandler ["http-nio-8080"]
2025-04-17 00:39:48.912 [traceId=] [main] INFO  o.s.b.w.e.tomcat.TomcatWebServer - Tomcat started on port(s): 8080 (http) with context path ''
2025-04-17 00:39:49.247 [traceId=] [main] INFO  com.sky.SkyApplication - Started SkyApplication in 4.659 seconds (JVM running for 5.352)
2025-04-17 00:39:49.250 [traceId=] [main] INFO  com.sky.SkyApplication - server started
2025-04-17 00:40:41.212 [traceId=] [SpringApplicationShutdownHook] INFO  c.alibaba.druid.pool.DruidDataSource - {dataSource-1} closing ...
2025-04-17 00:40:41.213 [traceId=] [SpringApplicationShutdownHook] INFO  c.alibaba.druid.pool.DruidDataSource - {dataSource-1} closed
2025-04-17 00:40:43.411 [traceId=] [main] INFO  com.sky.SkyApplication - Starting SkyApplication using Java 17.0.12 on 192.168.0.100 with PID 92425 (/Users/zry/Desktop/sky-out/sky-server/target/classes started by zry in /Users/zry/Desktop/sky-out)
2025-04-17 00:40:43.412 [traceId=] [main] INFO  com.sky.SkyApplication - The following 1 profile is active: "dev"
2025-04-17 00:40:44.241 [traceId=] [main] INFO  o.s.d.r.c.RepositoryConfigurationDelegate - Multiple Spring Data modules found, entering strict repository configuration mode
2025-04-17 00:40:44.244 [traceId=] [main] INFO  o.s.d.r.c.RepositoryConfigurationDelegate - Bootstrapping Spring Data Redis repositories in DEFAULT mode.
2025-04-17 00:40:44.267 [traceId=] [main] INFO  o.s.d.r.c.RepositoryConfigurationDelegate - Finished Spring Data repository scanning in 12 ms. Found 0 Redis repository interfaces.
2025-04-17 00:40:45.072 [traceId=] [main] INFO  o.s.b.w.e.tomcat.TomcatWebServer - Tomcat initialized with port(s): 8080 (http)
2025-04-17 00:40:45.080 [traceId=] [main] INFO  o.a.coyote.http11.Http11NioProtocol - Initializing ProtocolHandler ["http-nio-8080"]
2025-04-17 00:40:45.080 [traceId=] [main] INFO  o.a.catalina.core.StandardService - Starting service [Tomcat]
2025-04-17 00:40:45.080 [traceId=] [main] INFO  o.a.catalina.core.StandardEngine - Starting Servlet engine: [Apache Tomcat/9.0.65]
2025-04-17 00:40:45.180 [traceId=] [main] INFO  o.a.c.c.C.[Tomcat].[localhost].[/] - Initializing Spring embedded WebApplicationContext
2025-04-17 00:40:45.180 [traceId=] [main] INFO  o.s.b.w.s.c.ServletWebServerApplicationContext - Root WebApplicationContext: initialization completed in 1729 ms
2025-04-17 00:40:45.294 [traceId=] [main] INFO  c.a.d.s.b.a.DruidDataSourceAutoConfigure - Init DruidDataSource
2025-04-17 00:40:45.405 [traceId=] [main] INFO  c.alibaba.druid.pool.DruidDataSource - {dataSource-1} inited
2025-04-17 00:40:45.625 [traceId=] [main] INFO  com.sky.config.MinioConfiguration - 加载minio配置值：MinioProperties(endpoint=http://localhost:9000, accessKey=minioadmin, secretKey=minioadmin, bucketName=mybucket)
2025-04-17 00:40:45.857 [traceId=] [main] INFO  com.sky.config.WebMvcConfiguration - 开始注册自定义拦截器...
2025-04-17 00:40:46.793 [traceId=] [main] INFO  o.a.coyote.http11.Http11NioProtocol - Starting ProtocolHandler ["http-nio-8080"]
2025-04-17 00:40:46.812 [traceId=] [main] INFO  o.s.b.w.e.tomcat.TomcatWebServer - Tomcat started on port(s): 8080 (http) with context path ''
2025-04-17 00:40:47.116 [traceId=] [main] INFO  com.sky.SkyApplication - Started SkyApplication in 4.276 seconds (JVM running for 4.98)
2025-04-17 00:40:47.126 [traceId=] [main] INFO  com.sky.SkyApplication - server started
2025-04-17 00:41:01.775 [traceId=] [http-nio-8080-exec-1] INFO  o.a.c.c.C.[Tomcat].[localhost].[/] - Initializing Spring DispatcherServlet 'dispatcherServlet'
2025-04-17 00:41:01.775 [traceId=] [http-nio-8080-exec-1] INFO  o.s.web.servlet.DispatcherServlet - Initializing Servlet 'dispatcherServlet'
2025-04-17 00:41:01.777 [traceId=] [http-nio-8080-exec-1] INFO  o.s.web.servlet.DispatcherServlet - Completed initialization in 2 ms
2025-04-17 00:41:02.288 [traceId=035d0ce07a9a4645816bfe24d18ffb56] [http-nio-8080-exec-1] DEBUG c.s.mapper.EmployeeMapper.queryByOne - ==>  Preparing: select * from employee where id=?
2025-04-17 00:41:02.312 [traceId=035d0ce07a9a4645816bfe24d18ffb56] [http-nio-8080-exec-1] DEBUG c.s.mapper.EmployeeMapper.queryByOne - ==> Parameters: 1(Long)
2025-04-17 00:41:02.342 [traceId=035d0ce07a9a4645816bfe24d18ffb56] [http-nio-8080-exec-1] DEBUG c.s.mapper.EmployeeMapper.queryByOne - <==      Total: 1
2025-04-17 00:41:02.392 [traceId=035d0ce07a9a4645816bfe24d18ffb56] [http-nio-8080-exec-1] ERROR c.sky.handler.GlobalExceptionHandler - 系统异常：traceId=035d0ce07a9a4645816bfe24d18ffb56, url=/admin/dish/page, error=nested exception is org.apache.ibatis.reflection.ReflectionException: There is no getter for property named 'category' in 'class com.sky.dto.DishPageQueryDTO'
org.mybatis.spring.MyBatisSystemException: nested exception is org.apache.ibatis.reflection.ReflectionException: There is no getter for property named 'category' in 'class com.sky.dto.DishPageQueryDTO'
	at org.mybatis.spring.MyBatisExceptionTranslator.translateExceptionIfPossible(MyBatisExceptionTranslator.java:96)
	at org.mybatis.spring.SqlSessionTemplate$SqlSessionInterceptor.invoke(SqlSessionTemplate.java:441)
	at jdk.proxy2/jdk.proxy2.$Proxy82.selectList(Unknown Source)
	at org.mybatis.spring.SqlSessionTemplate.selectList(SqlSessionTemplate.java:224)
	at org.apache.ibatis.binding.MapperMethod.executeForMany(MapperMethod.java:147)
	at org.apache.ibatis.binding.MapperMethod.execute(MapperMethod.java:80)
	at org.apache.ibatis.binding.MapperProxy$PlainMethodInvoker.invoke(MapperProxy.java:145)
	at org.apache.ibatis.binding.MapperProxy.invoke(MapperProxy.java:86)
	at jdk.proxy2/jdk.proxy2.$Proxy96.query(Unknown Source)
	at java.base/jdk.internal.reflect.NativeMethodAccessorImpl.invoke0(Native Method)
	at java.base/jdk.internal.reflect.NativeMethodAccessorImpl.invoke(NativeMethodAccessorImpl.java:77)
	at java.base/jdk.internal.reflect.DelegatingMethodAccessorImpl.invoke(DelegatingMethodAccessorImpl.java:43)
	at java.base/java.lang.reflect.Method.invoke(Method.java:569)
	at org.springframework.aop.support.AopUtils.invokeJoinpointUsingReflection(AopUtils.java:344)
	at org.springframework.aop.framework.ReflectiveMethodInvocation.invokeJoinpoint(ReflectiveMethodInvocation.java:198)
	at org.springframework.aop.framework.ReflectiveMethodInvocation.proceed(ReflectiveMethodInvocation.java:163)
	at org.springframework.aop.interceptor.ExposeInvocationInterceptor.invoke(ExposeInvocationInterceptor.java:97)
	at org.springframework.aop.framework.ReflectiveMethodInvocation.proceed(ReflectiveMethodInvocation.java:186)
	at org.springframework.aop.framework.JdkDynamicAopProxy.invoke(JdkDynamicAopProxy.java:215)
	at jdk.proxy2/jdk.proxy2.$Proxy97.query(Unknown Source)
	at com.sky.service.impl.DishServiceImpl.page(DishServiceImpl.java:38)
	at com.sky.controller.admin.DishController.page(DishController.java:33)
	at java.base/jdk.internal.reflect.NativeMethodAccessorImpl.invoke0(Native Method)
	at java.base/jdk.internal.reflect.NativeMethodAccessorImpl.invoke(NativeMethodAccessorImpl.java:77)
	at java.base/jdk.internal.reflect.DelegatingMethodAccessorImpl.invoke(DelegatingMethodAccessorImpl.java:43)
	at java.base/java.lang.reflect.Method.invoke(Method.java:569)
	at org.springframework.web.method.support.InvocableHandlerMethod.doInvoke(InvocableHandlerMethod.java:205)
	at org.springframework.web.method.support.InvocableHandlerMethod.invokeForRequest(InvocableHandlerMethod.java:150)
	at org.springframework.web.servlet.mvc.method.annotation.ServletInvocableHandlerMethod.invokeAndHandle(ServletInvocableHandlerMethod.java:117)
	at org.springframework.web.servlet.mvc.method.annotation.RequestMappingHandlerAdapter.invokeHandlerMethod(RequestMappingHandlerAdapter.java:895)
	at org.springframework.web.servlet.mvc.method.annotation.RequestMappingHandlerAdapter.handleInternal(RequestMappingHandlerAdapter.java:808)
	at org.springframework.web.servlet.mvc.method.AbstractHandlerMethodAdapter.handle(AbstractHandlerMethodAdapter.java:87)
	at org.springframework.web.servlet.DispatcherServlet.doDispatch(DispatcherServlet.java:1070)
	at org.springframework.web.servlet.DispatcherServlet.doService(DispatcherServlet.java:963)
	at org.springframework.web.servlet.FrameworkServlet.processRequest(FrameworkServlet.java:1006)
	at org.springframework.web.servlet.FrameworkServlet.doGet(FrameworkServlet.java:898)
	at javax.servlet.http.HttpServlet.service(HttpServlet.java:655)
	at org.springframework.web.servlet.FrameworkServlet.service(FrameworkServlet.java:883)
	at javax.servlet.http.HttpServlet.service(HttpServlet.java:764)
	at org.apache.catalina.core.ApplicationFilterChain.internalDoFilter(ApplicationFilterChain.java:227)
	at org.apache.catalina.core.ApplicationFilterChain.doFilter(ApplicationFilterChain.java:162)
	at org.apache.tomcat.websocket.server.WsFilter.doFilter(WsFilter.java:53)
	at org.apache.catalina.core.ApplicationFilterChain.internalDoFilter(ApplicationFilterChain.java:189)
	at org.apache.catalina.core.ApplicationFilterChain.doFilter(ApplicationFilterChain.java:162)
	at com.sky.config.TraceIdFilter.doFilter(TraceIdFilter.java:25)
	at org.apache.catalina.core.ApplicationFilterChain.internalDoFilter(ApplicationFilterChain.java:189)
	at org.apache.catalina.core.ApplicationFilterChain.doFilter(ApplicationFilterChain.java:162)
	at org.springframework.web.filter.CharacterEncodingFilter.doFilterInternal(CharacterEncodingFilter.java:201)
	at org.springframework.web.filter.OncePerRequestFilter.doFilter(OncePerRequestFilter.java:117)
	at org.apache.catalina.core.ApplicationFilterChain.internalDoFilter(ApplicationFilterChain.java:189)
	at org.apache.catalina.core.ApplicationFilterChain.doFilter(ApplicationFilterChain.java:162)
	at org.apache.catalina.core.StandardWrapperValve.invoke(StandardWrapperValve.java:197)
	at org.apache.catalina.core.StandardContextValve.invoke(StandardContextValve.java:97)
	at org.apache.catalina.authenticator.AuthenticatorBase.invoke(AuthenticatorBase.java:541)
	at org.apache.catalina.core.StandardHostValve.invoke(StandardHostValve.java:135)
	at org.apache.catalina.valves.ErrorReportValve.invoke(ErrorReportValve.java:92)
	at org.apache.catalina.core.StandardEngineValve.invoke(StandardEngineValve.java:78)
	at org.apache.catalina.connector.CoyoteAdapter.service(CoyoteAdapter.java:360)
	at org.apache.coyote.http11.Http11Processor.service(Http11Processor.java:399)
	at org.apache.coyote.AbstractProcessorLight.process(AbstractProcessorLight.java:65)
	at org.apache.coyote.AbstractProtocol$ConnectionHandler.process(AbstractProtocol.java:890)
	at org.apache.tomcat.util.net.NioEndpoint$SocketProcessor.doRun(NioEndpoint.java:1789)
	at org.apache.tomcat.util.net.SocketProcessorBase.run(SocketProcessorBase.java:49)
	at org.apache.tomcat.util.threads.ThreadPoolExecutor.runWorker(ThreadPoolExecutor.java:1191)
	at org.apache.tomcat.util.threads.ThreadPoolExecutor$Worker.run(ThreadPoolExecutor.java:659)
	at org.apache.tomcat.util.threads.TaskThread$WrappingRunnable.run(TaskThread.java:61)
	at java.base/java.lang.Thread.run(Thread.java:840)
Caused by: org.apache.ibatis.reflection.ReflectionException: There is no getter for property named 'category' in 'class com.sky.dto.DishPageQueryDTO'
	at org.apache.ibatis.reflection.Reflector.getGetInvoker(Reflector.java:375)
	at org.apache.ibatis.reflection.MetaClass.getGetInvoker(MetaClass.java:164)
	at org.apache.ibatis.reflection.wrapper.BeanWrapper.getBeanProperty(BeanWrapper.java:162)
	at org.apache.ibatis.reflection.wrapper.BeanWrapper.get(BeanWrapper.java:49)
	at org.apache.ibatis.reflection.MetaObject.getValue(MetaObject.java:122)
	at org.apache.ibatis.executor.BaseExecutor.createCacheKey(BaseExecutor.java:219)
	at org.apache.ibatis.executor.CachingExecutor.createCacheKey(CachingExecutor.java:146)
	at com.github.pagehelper.PageInterceptor.intercept(PageInterceptor.java:83)
	at org.apache.ibatis.plugin.Plugin.invoke(Plugin.java:62)
	at jdk.proxy2/jdk.proxy2.$Proxy136.query(Unknown Source)
	at org.apache.ibatis.session.defaults.DefaultSqlSession.selectList(DefaultSqlSession.java:151)
	at org.apache.ibatis.session.defaults.DefaultSqlSession.selectList(DefaultSqlSession.java:145)
	at org.apache.ibatis.session.defaults.DefaultSqlSession.selectList(DefaultSqlSession.java:140)
	at java.base/jdk.internal.reflect.NativeMethodAccessorImpl.invoke0(Native Method)
	at java.base/jdk.internal.reflect.NativeMethodAccessorImpl.invoke(NativeMethodAccessorImpl.java:77)
	at java.base/jdk.internal.reflect.DelegatingMethodAccessorImpl.invoke(DelegatingMethodAccessorImpl.java:43)
	at java.base/java.lang.reflect.Method.invoke(Method.java:569)
	at org.mybatis.spring.SqlSessionTemplate$SqlSessionInterceptor.invoke(SqlSessionTemplate.java:427)
	... 65 common frames omitted
2025-04-17 00:41:24.949 [traceId=0f6b0a8b159f40408f0fd4f06afcd7ba] [http-nio-8080-exec-2] DEBUG c.s.mapper.EmployeeMapper.queryByOne - ==>  Preparing: select * from employee where id=?
2025-04-17 00:41:24.950 [traceId=0f6b0a8b159f40408f0fd4f06afcd7ba] [http-nio-8080-exec-2] DEBUG c.s.mapper.EmployeeMapper.queryByOne - ==> Parameters: 1(Long)
2025-04-17 00:41:24.952 [traceId=0f6b0a8b159f40408f0fd4f06afcd7ba] [http-nio-8080-exec-2] DEBUG c.s.mapper.EmployeeMapper.queryByOne - <==      Total: 1
2025-04-17 00:41:24.955 [traceId=0f6b0a8b159f40408f0fd4f06afcd7ba] [http-nio-8080-exec-2] ERROR c.sky.handler.GlobalExceptionHandler - 系统异常：traceId=0f6b0a8b159f40408f0fd4f06afcd7ba, url=/admin/dish/page, error=nested exception is org.apache.ibatis.reflection.ReflectionException: There is no getter for property named 'category' in 'class com.sky.dto.DishPageQueryDTO'
org.mybatis.spring.MyBatisSystemException: nested exception is org.apache.ibatis.reflection.ReflectionException: There is no getter for property named 'category' in 'class com.sky.dto.DishPageQueryDTO'
	at org.mybatis.spring.MyBatisExceptionTranslator.translateExceptionIfPossible(MyBatisExceptionTranslator.java:96)
	at org.mybatis.spring.SqlSessionTemplate$SqlSessionInterceptor.invoke(SqlSessionTemplate.java:441)
	at jdk.proxy2/jdk.proxy2.$Proxy82.selectList(Unknown Source)
	at org.mybatis.spring.SqlSessionTemplate.selectList(SqlSessionTemplate.java:224)
	at org.apache.ibatis.binding.MapperMethod.executeForMany(MapperMethod.java:147)
	at org.apache.ibatis.binding.MapperMethod.execute(MapperMethod.java:80)
	at org.apache.ibatis.binding.MapperProxy$PlainMethodInvoker.invoke(MapperProxy.java:145)
	at org.apache.ibatis.binding.MapperProxy.invoke(MapperProxy.java:86)
	at jdk.proxy2/jdk.proxy2.$Proxy96.query(Unknown Source)
	at java.base/jdk.internal.reflect.NativeMethodAccessorImpl.invoke0(Native Method)
	at java.base/jdk.internal.reflect.NativeMethodAccessorImpl.invoke(NativeMethodAccessorImpl.java:77)
	at java.base/jdk.internal.reflect.DelegatingMethodAccessorImpl.invoke(DelegatingMethodAccessorImpl.java:43)
	at java.base/java.lang.reflect.Method.invoke(Method.java:569)
	at org.springframework.aop.support.AopUtils.invokeJoinpointUsingReflection(AopUtils.java:344)
	at org.springframework.aop.framework.ReflectiveMethodInvocation.invokeJoinpoint(ReflectiveMethodInvocation.java:198)
	at org.springframework.aop.framework.ReflectiveMethodInvocation.proceed(ReflectiveMethodInvocation.java:163)
	at org.springframework.aop.interceptor.ExposeInvocationInterceptor.invoke(ExposeInvocationInterceptor.java:97)
	at org.springframework.aop.framework.ReflectiveMethodInvocation.proceed(ReflectiveMethodInvocation.java:186)
	at org.springframework.aop.framework.JdkDynamicAopProxy.invoke(JdkDynamicAopProxy.java:215)
	at jdk.proxy2/jdk.proxy2.$Proxy97.query(Unknown Source)
	at com.sky.service.impl.DishServiceImpl.page(DishServiceImpl.java:38)
	at com.sky.controller.admin.DishController.page(DishController.java:33)
	at java.base/jdk.internal.reflect.NativeMethodAccessorImpl.invoke0(Native Method)
	at java.base/jdk.internal.reflect.NativeMethodAccessorImpl.invoke(NativeMethodAccessorImpl.java:77)
	at java.base/jdk.internal.reflect.DelegatingMethodAccessorImpl.invoke(DelegatingMethodAccessorImpl.java:43)
	at java.base/java.lang.reflect.Method.invoke(Method.java:569)
	at org.springframework.web.method.support.InvocableHandlerMethod.doInvoke(InvocableHandlerMethod.java:205)
	at org.springframework.web.method.support.InvocableHandlerMethod.invokeForRequest(InvocableHandlerMethod.java:150)
	at org.springframework.web.servlet.mvc.method.annotation.ServletInvocableHandlerMethod.invokeAndHandle(ServletInvocableHandlerMethod.java:117)
	at org.springframework.web.servlet.mvc.method.annotation.RequestMappingHandlerAdapter.invokeHandlerMethod(RequestMappingHandlerAdapter.java:895)
	at org.springframework.web.servlet.mvc.method.annotation.RequestMappingHandlerAdapter.handleInternal(RequestMappingHandlerAdapter.java:808)
	at org.springframework.web.servlet.mvc.method.AbstractHandlerMethodAdapter.handle(AbstractHandlerMethodAdapter.java:87)
	at org.springframework.web.servlet.DispatcherServlet.doDispatch(DispatcherServlet.java:1070)
	at org.springframework.web.servlet.DispatcherServlet.doService(DispatcherServlet.java:963)
	at org.springframework.web.servlet.FrameworkServlet.processRequest(FrameworkServlet.java:1006)
	at org.springframework.web.servlet.FrameworkServlet.doGet(FrameworkServlet.java:898)
	at javax.servlet.http.HttpServlet.service(HttpServlet.java:655)
	at org.springframework.web.servlet.FrameworkServlet.service(FrameworkServlet.java:883)
	at javax.servlet.http.HttpServlet.service(HttpServlet.java:764)
	at org.apache.catalina.core.ApplicationFilterChain.internalDoFilter(ApplicationFilterChain.java:227)
	at org.apache.catalina.core.ApplicationFilterChain.doFilter(ApplicationFilterChain.java:162)
	at org.apache.tomcat.websocket.server.WsFilter.doFilter(WsFilter.java:53)
	at org.apache.catalina.core.ApplicationFilterChain.internalDoFilter(ApplicationFilterChain.java:189)
	at org.apache.catalina.core.ApplicationFilterChain.doFilter(ApplicationFilterChain.java:162)
	at com.sky.config.TraceIdFilter.doFilter(TraceIdFilter.java:25)
	at org.apache.catalina.core.ApplicationFilterChain.internalDoFilter(ApplicationFilterChain.java:189)
	at org.apache.catalina.core.ApplicationFilterChain.doFilter(ApplicationFilterChain.java:162)
	at org.springframework.web.filter.CharacterEncodingFilter.doFilterInternal(CharacterEncodingFilter.java:201)
	at org.springframework.web.filter.OncePerRequestFilter.doFilter(OncePerRequestFilter.java:117)
	at org.apache.catalina.core.ApplicationFilterChain.internalDoFilter(ApplicationFilterChain.java:189)
	at org.apache.catalina.core.ApplicationFilterChain.doFilter(ApplicationFilterChain.java:162)
	at org.apache.catalina.core.StandardWrapperValve.invoke(StandardWrapperValve.java:197)
	at org.apache.catalina.core.StandardContextValve.invoke(StandardContextValve.java:97)
	at org.apache.catalina.authenticator.AuthenticatorBase.invoke(AuthenticatorBase.java:541)
	at org.apache.catalina.core.StandardHostValve.invoke(StandardHostValve.java:135)
	at org.apache.catalina.valves.ErrorReportValve.invoke(ErrorReportValve.java:92)
	at org.apache.catalina.core.StandardEngineValve.invoke(StandardEngineValve.java:78)
	at org.apache.catalina.connector.CoyoteAdapter.service(CoyoteAdapter.java:360)
	at org.apache.coyote.http11.Http11Processor.service(Http11Processor.java:399)
	at org.apache.coyote.AbstractProcessorLight.process(AbstractProcessorLight.java:65)
	at org.apache.coyote.AbstractProtocol$ConnectionHandler.process(AbstractProtocol.java:890)
	at org.apache.tomcat.util.net.NioEndpoint$SocketProcessor.doRun(NioEndpoint.java:1789)
	at org.apache.tomcat.util.net.SocketProcessorBase.run(SocketProcessorBase.java:49)
	at org.apache.tomcat.util.threads.ThreadPoolExecutor.runWorker(ThreadPoolExecutor.java:1191)
	at org.apache.tomcat.util.threads.ThreadPoolExecutor$Worker.run(ThreadPoolExecutor.java:659)
	at org.apache.tomcat.util.threads.TaskThread$WrappingRunnable.run(TaskThread.java:61)
	at java.base/java.lang.Thread.run(Thread.java:840)
Caused by: org.apache.ibatis.reflection.ReflectionException: There is no getter for property named 'category' in 'class com.sky.dto.DishPageQueryDTO'
	at org.apache.ibatis.reflection.Reflector.getGetInvoker(Reflector.java:375)
	at org.apache.ibatis.reflection.MetaClass.getGetInvoker(MetaClass.java:164)
	at org.apache.ibatis.reflection.wrapper.BeanWrapper.getBeanProperty(BeanWrapper.java:162)
	at org.apache.ibatis.reflection.wrapper.BeanWrapper.get(BeanWrapper.java:49)
	at org.apache.ibatis.reflection.MetaObject.getValue(MetaObject.java:122)
	at org.apache.ibatis.executor.BaseExecutor.createCacheKey(BaseExecutor.java:219)
	at org.apache.ibatis.executor.CachingExecutor.createCacheKey(CachingExecutor.java:146)
	at com.github.pagehelper.PageInterceptor.intercept(PageInterceptor.java:83)
	at org.apache.ibatis.plugin.Plugin.invoke(Plugin.java:62)
	at jdk.proxy2/jdk.proxy2.$Proxy136.query(Unknown Source)
	at org.apache.ibatis.session.defaults.DefaultSqlSession.selectList(DefaultSqlSession.java:151)
	at org.apache.ibatis.session.defaults.DefaultSqlSession.selectList(DefaultSqlSession.java:145)
	at org.apache.ibatis.session.defaults.DefaultSqlSession.selectList(DefaultSqlSession.java:140)
	at java.base/jdk.internal.reflect.NativeMethodAccessorImpl.invoke0(Native Method)
	at java.base/jdk.internal.reflect.NativeMethodAccessorImpl.invoke(NativeMethodAccessorImpl.java:77)
	at java.base/jdk.internal.reflect.DelegatingMethodAccessorImpl.invoke(DelegatingMethodAccessorImpl.java:43)
	at java.base/java.lang.reflect.Method.invoke(Method.java:569)
	at org.mybatis.spring.SqlSessionTemplate$SqlSessionInterceptor.invoke(SqlSessionTemplate.java:427)
	... 65 common frames omitted
2025-04-17 00:42:40.388 [traceId=] [SpringApplicationShutdownHook] INFO  c.alibaba.druid.pool.DruidDataSource - {dataSource-1} closing ...
2025-04-17 00:42:40.393 [traceId=] [SpringApplicationShutdownHook] INFO  c.alibaba.druid.pool.DruidDataSource - {dataSource-1} closed
2025-04-17 00:42:44.103 [traceId=] [main] INFO  com.sky.SkyApplication - Starting SkyApplication using Java 17.0.12 on 192.168.0.100 with PID 93716 (/Users/zry/Desktop/sky-out/sky-server/target/classes started by zry in /Users/zry/Desktop/sky-out)
2025-04-17 00:42:44.104 [traceId=] [main] INFO  com.sky.SkyApplication - The following 1 profile is active: "dev"
2025-04-17 00:42:44.963 [traceId=] [main] INFO  o.s.d.r.c.RepositoryConfigurationDelegate - Multiple Spring Data modules found, entering strict repository configuration mode
2025-04-17 00:42:44.966 [traceId=] [main] INFO  o.s.d.r.c.RepositoryConfigurationDelegate - Bootstrapping Spring Data Redis repositories in DEFAULT mode.
2025-04-17 00:42:44.990 [traceId=] [main] INFO  o.s.d.r.c.RepositoryConfigurationDelegate - Finished Spring Data repository scanning in 13 ms. Found 0 Redis repository interfaces.
2025-04-17 00:42:45.822 [traceId=] [main] INFO  o.s.b.w.e.tomcat.TomcatWebServer - Tomcat initialized with port(s): 8080 (http)
2025-04-17 00:42:45.832 [traceId=] [main] INFO  o.a.coyote.http11.Http11NioProtocol - Initializing ProtocolHandler ["http-nio-8080"]
2025-04-17 00:42:45.832 [traceId=] [main] INFO  o.a.catalina.core.StandardService - Starting service [Tomcat]
2025-04-17 00:42:45.833 [traceId=] [main] INFO  o.a.catalina.core.StandardEngine - Starting Servlet engine: [Apache Tomcat/9.0.65]
2025-04-17 00:42:45.942 [traceId=] [main] INFO  o.a.c.c.C.[Tomcat].[localhost].[/] - Initializing Spring embedded WebApplicationContext
2025-04-17 00:42:45.942 [traceId=] [main] INFO  o.s.b.w.s.c.ServletWebServerApplicationContext - Root WebApplicationContext: initialization completed in 1791 ms
2025-04-17 00:42:46.078 [traceId=] [main] INFO  c.a.d.s.b.a.DruidDataSourceAutoConfigure - Init DruidDataSource
2025-04-17 00:42:46.191 [traceId=] [main] INFO  c.alibaba.druid.pool.DruidDataSource - {dataSource-1} inited
2025-04-17 00:42:46.424 [traceId=] [main] INFO  com.sky.config.MinioConfiguration - 加载minio配置值：MinioProperties(endpoint=http://localhost:9000, accessKey=minioadmin, secretKey=minioadmin, bucketName=mybucket)
2025-04-17 00:42:46.648 [traceId=] [main] INFO  com.sky.config.WebMvcConfiguration - 开始注册自定义拦截器...
2025-04-17 00:42:47.680 [traceId=] [main] INFO  o.a.coyote.http11.Http11NioProtocol - Starting ProtocolHandler ["http-nio-8080"]
2025-04-17 00:42:47.700 [traceId=] [main] INFO  o.s.b.w.e.tomcat.TomcatWebServer - Tomcat started on port(s): 8080 (http) with context path ''
2025-04-17 00:42:48.021 [traceId=] [main] INFO  com.sky.SkyApplication - Started SkyApplication in 4.544 seconds (JVM running for 5.357)
2025-04-17 00:42:48.024 [traceId=] [main] INFO  com.sky.SkyApplication - server started
2025-04-17 00:43:00.115 [traceId=] [http-nio-8080-exec-1] INFO  o.a.c.c.C.[Tomcat].[localhost].[/] - Initializing Spring DispatcherServlet 'dispatcherServlet'
2025-04-17 00:43:00.115 [traceId=] [http-nio-8080-exec-1] INFO  o.s.web.servlet.DispatcherServlet - Initializing Servlet 'dispatcherServlet'
2025-04-17 00:43:00.118 [traceId=] [http-nio-8080-exec-1] INFO  o.s.web.servlet.DispatcherServlet - Completed initialization in 2 ms
2025-04-17 00:43:00.897 [traceId=35aa44298ca24339b3f02f0a789fcab3] [http-nio-8080-exec-1] DEBUG c.s.mapper.EmployeeMapper.queryByOne - ==>  Preparing: select * from employee where id=?
2025-04-17 00:43:00.976 [traceId=35aa44298ca24339b3f02f0a789fcab3] [http-nio-8080-exec-1] DEBUG c.s.mapper.EmployeeMapper.queryByOne - ==> Parameters: 1(Long)
2025-04-17 00:43:00.998 [traceId=b947d08b6e9d43d7932256d750941a33] [http-nio-8080-exec-2] DEBUG c.s.mapper.EmployeeMapper.queryByOne - ==>  Preparing: select * from employee where id=?
2025-04-17 00:43:00.999 [traceId=b947d08b6e9d43d7932256d750941a33] [http-nio-8080-exec-2] DEBUG c.s.mapper.EmployeeMapper.queryByOne - ==> Parameters: 1(Long)
2025-04-17 00:43:01.004 [traceId=524eaa1ec47c4a719fb00ff40f93de5e] [http-nio-8080-exec-3] DEBUG c.s.mapper.EmployeeMapper.queryByOne - ==>  Preparing: select * from employee where id=?
2025-04-17 00:43:01.006 [traceId=524eaa1ec47c4a719fb00ff40f93de5e] [http-nio-8080-exec-3] DEBUG c.s.mapper.EmployeeMapper.queryByOne - ==> Parameters: 1(Long)
2025-04-17 00:43:01.035 [traceId=35aa44298ca24339b3f02f0a789fcab3] [http-nio-8080-exec-1] DEBUG c.s.mapper.EmployeeMapper.queryByOne - <==      Total: 1
2025-04-17 00:43:01.035 [traceId=b947d08b6e9d43d7932256d750941a33] [http-nio-8080-exec-2] DEBUG c.s.mapper.EmployeeMapper.queryByOne - <==      Total: 1
2025-04-17 00:43:01.035 [traceId=524eaa1ec47c4a719fb00ff40f93de5e] [http-nio-8080-exec-3] DEBUG c.s.mapper.EmployeeMapper.queryByOne - <==      Total: 1
2025-04-17 00:43:01.114 [traceId=524eaa1ec47c4a719fb00ff40f93de5e] [http-nio-8080-exec-3] DEBUG com.sky.mapper.CategoryMapper.list - ==>  Preparing: select * from category where status = 1 and type = ? order by sort asc,create_time desc
2025-04-17 00:43:01.115 [traceId=524eaa1ec47c4a719fb00ff40f93de5e] [http-nio-8080-exec-3] DEBUG com.sky.mapper.CategoryMapper.list - ==> Parameters: 1(Integer)
2025-04-17 00:43:01.130 [traceId=524eaa1ec47c4a719fb00ff40f93de5e] [http-nio-8080-exec-3] DEBUG com.sky.mapper.CategoryMapper.list - <==      Total: 8
2025-04-17 00:43:01.186 [traceId=35aa44298ca24339b3f02f0a789fcab3] [http-nio-8080-exec-1] DEBUG c.s.m.CategoryMapper.pageQuery_COUNT - ==>  Preparing: SELECT count(0) FROM category
2025-04-17 00:43:01.187 [traceId=b947d08b6e9d43d7932256d750941a33] [http-nio-8080-exec-2] DEBUG c.sky.mapper.DishMapper.query_COUNT - ==>  Preparing: SELECT count(0) FROM dish
2025-04-17 00:43:01.187 [traceId=35aa44298ca24339b3f02f0a789fcab3] [http-nio-8080-exec-1] DEBUG c.s.m.CategoryMapper.pageQuery_COUNT - ==> Parameters: 
2025-04-17 00:43:01.187 [traceId=b947d08b6e9d43d7932256d750941a33] [http-nio-8080-exec-2] DEBUG c.sky.mapper.DishMapper.query_COUNT - ==> Parameters: 
2025-04-17 00:43:01.190 [traceId=b947d08b6e9d43d7932256d750941a33] [http-nio-8080-exec-2] DEBUG c.sky.mapper.DishMapper.query_COUNT - <==      Total: 1
2025-04-17 00:43:01.192 [traceId=35aa44298ca24339b3f02f0a789fcab3] [http-nio-8080-exec-1] DEBUG c.s.m.CategoryMapper.pageQuery_COUNT - <==      Total: 1
2025-04-17 00:43:01.195 [traceId=b947d08b6e9d43d7932256d750941a33] [http-nio-8080-exec-2] DEBUG com.sky.mapper.DishMapper.query - ==>  Preparing: select id, name, category_id, price, image, description, status, create_time, update_time, create_user, update_user from dish order by create_time desc LIMIT ?
2025-04-17 00:43:01.195 [traceId=35aa44298ca24339b3f02f0a789fcab3] [http-nio-8080-exec-1] DEBUG c.s.mapper.CategoryMapper.pageQuery - ==>  Preparing: select * from category order by sort asc , create_time desc LIMIT ?
2025-04-17 00:43:01.196 [traceId=b947d08b6e9d43d7932256d750941a33] [http-nio-8080-exec-2] DEBUG com.sky.mapper.DishMapper.query - ==> Parameters: 10(Integer)
2025-04-17 00:43:01.196 [traceId=35aa44298ca24339b3f02f0a789fcab3] [http-nio-8080-exec-1] DEBUG c.s.mapper.CategoryMapper.pageQuery - ==> Parameters: 10(Integer)
2025-04-17 00:43:01.212 [traceId=b947d08b6e9d43d7932256d750941a33] [http-nio-8080-exec-2] DEBUG com.sky.mapper.DishMapper.query - <==      Total: 10
2025-04-17 00:43:01.216 [traceId=35aa44298ca24339b3f02f0a789fcab3] [http-nio-8080-exec-1] DEBUG c.s.mapper.CategoryMapper.pageQuery - <==      Total: 10
2025-04-17 00:43:04.038 [traceId=2c64c212ef8a41c4af8171edb21685a2] [http-nio-8080-exec-4] DEBUG c.s.mapper.EmployeeMapper.queryByOne - ==>  Preparing: select * from employee where id=?
2025-04-17 00:43:04.039 [traceId=2c64c212ef8a41c4af8171edb21685a2] [http-nio-8080-exec-4] DEBUG c.s.mapper.EmployeeMapper.queryByOne - ==> Parameters: 1(Long)
2025-04-17 00:43:04.043 [traceId=2c64c212ef8a41c4af8171edb21685a2] [http-nio-8080-exec-4] DEBUG c.s.mapper.EmployeeMapper.queryByOne - <==      Total: 1
2025-04-17 00:43:04.051 [traceId=2c64c212ef8a41c4af8171edb21685a2] [http-nio-8080-exec-4] DEBUG c.sky.mapper.DishMapper.query_COUNT - ==>  Preparing: SELECT count(0) FROM dish WHERE category_id = ?
2025-04-17 00:43:04.052 [traceId=2c64c212ef8a41c4af8171edb21685a2] [http-nio-8080-exec-4] DEBUG c.sky.mapper.DishMapper.query_COUNT - ==> Parameters: 16(Integer)
2025-04-17 00:43:04.055 [traceId=2c64c212ef8a41c4af8171edb21685a2] [http-nio-8080-exec-4] DEBUG c.sky.mapper.DishMapper.query_COUNT - <==      Total: 1
2025-04-17 00:43:04.055 [traceId=2c64c212ef8a41c4af8171edb21685a2] [http-nio-8080-exec-4] DEBUG com.sky.mapper.DishMapper.query - ==>  Preparing: select id, name, category_id, price, image, description, status, create_time, update_time, create_user, update_user from dish WHERE category_id=? order by create_time desc LIMIT ?
2025-04-17 00:43:04.056 [traceId=2c64c212ef8a41c4af8171edb21685a2] [http-nio-8080-exec-4] DEBUG com.sky.mapper.DishMapper.query - ==> Parameters: 16(Integer), 10(Integer)
2025-04-17 00:43:04.058 [traceId=2c64c212ef8a41c4af8171edb21685a2] [http-nio-8080-exec-4] DEBUG com.sky.mapper.DishMapper.query - <==      Total: 4
2025-04-17 00:46:41.774 [traceId=] [SpringApplicationShutdownHook] INFO  c.alibaba.druid.pool.DruidDataSource - {dataSource-1} closing ...
2025-04-17 00:46:41.781 [traceId=] [SpringApplicationShutdownHook] INFO  c.alibaba.druid.pool.DruidDataSource - {dataSource-1} closed
2025-04-17 01:34:45.819 [traceId=] [main] INFO  com.sky.SkyApplication - Starting SkyApplication using Java 17.0.12 on 192.168.0.100 with PID 7439 (/Users/zry/Desktop/sky-out/sky-server/target/classes started by zry in /Users/zry/Desktop/sky-out)
2025-04-17 01:34:45.822 [traceId=] [main] INFO  com.sky.SkyApplication - The following 1 profile is active: "dev"
2025-04-17 01:34:47.471 [traceId=] [main] INFO  o.s.d.r.c.RepositoryConfigurationDelegate - Multiple Spring Data modules found, entering strict repository configuration mode
2025-04-17 01:34:47.479 [traceId=] [main] INFO  o.s.d.r.c.RepositoryConfigurationDelegate - Bootstrapping Spring Data Redis repositories in DEFAULT mode.
2025-04-17 01:34:47.525 [traceId=] [main] INFO  o.s.d.r.c.RepositoryConfigurationDelegate - Finished Spring Data repository scanning in 25 ms. Found 0 Redis repository interfaces.
2025-04-17 01:34:49.193 [traceId=] [main] INFO  o.s.b.w.e.tomcat.TomcatWebServer - Tomcat initialized with port(s): 8080 (http)
2025-04-17 01:34:49.206 [traceId=] [main] INFO  o.a.coyote.http11.Http11NioProtocol - Initializing ProtocolHandler ["http-nio-8080"]
2025-04-17 01:34:49.206 [traceId=] [main] INFO  o.a.catalina.core.StandardService - Starting service [Tomcat]
2025-04-17 01:34:49.206 [traceId=] [main] INFO  o.a.catalina.core.StandardEngine - Starting Servlet engine: [Apache Tomcat/9.0.65]
2025-04-17 01:34:49.354 [traceId=] [main] INFO  o.a.c.c.C.[Tomcat].[localhost].[/] - Initializing Spring embedded WebApplicationContext
2025-04-17 01:34:49.354 [traceId=] [main] INFO  o.s.b.w.s.c.ServletWebServerApplicationContext - Root WebApplicationContext: initialization completed in 3453 ms
2025-04-17 01:34:49.591 [traceId=] [main] INFO  c.a.d.s.b.a.DruidDataSourceAutoConfigure - Init DruidDataSource
2025-04-17 01:34:49.743 [traceId=] [main] INFO  c.alibaba.druid.pool.DruidDataSource - {dataSource-1} inited
2025-04-17 01:34:50.008 [traceId=] [main] INFO  com.sky.config.MinioConfiguration - 加载minio配置值：MinioProperties(endpoint=http://localhost:9000, accessKey=minioadmin, secretKey=minioadmin, bucketName=mybucket)
2025-04-17 01:34:50.284 [traceId=] [main] INFO  com.sky.config.WebMvcConfiguration - 开始注册自定义拦截器...
2025-04-17 01:34:51.507 [traceId=] [main] INFO  o.a.coyote.http11.Http11NioProtocol - Starting ProtocolHandler ["http-nio-8080"]
2025-04-17 01:34:51.526 [traceId=] [main] INFO  o.s.b.w.e.tomcat.TomcatWebServer - Tomcat started on port(s): 8080 (http) with context path ''
2025-04-17 01:34:51.861 [traceId=] [main] INFO  com.sky.SkyApplication - Started SkyApplication in 7.049 seconds (JVM running for 8.471)
2025-04-17 01:34:51.864 [traceId=] [main] INFO  com.sky.SkyApplication - server started
2025-04-17 01:35:04.418 [traceId=] [http-nio-8080-exec-1] INFO  o.a.c.c.C.[Tomcat].[localhost].[/] - Initializing Spring DispatcherServlet 'dispatcherServlet'
2025-04-17 01:35:04.419 [traceId=] [http-nio-8080-exec-1] INFO  o.s.web.servlet.DispatcherServlet - Initializing Servlet 'dispatcherServlet'
2025-04-17 01:35:04.420 [traceId=] [http-nio-8080-exec-1] INFO  o.s.web.servlet.DispatcherServlet - Completed initialization in 1 ms
2025-04-17 01:35:04.896 [traceId=4e2a8e3a577947f9bedae1839a2af5e7] [http-nio-8080-exec-1] DEBUG c.s.mapper.EmployeeMapper.queryByOne - ==>  Preparing: select * from employee where id=?
2025-04-17 01:35:04.919 [traceId=4e2a8e3a577947f9bedae1839a2af5e7] [http-nio-8080-exec-1] DEBUG c.s.mapper.EmployeeMapper.queryByOne - ==> Parameters: 1(Long)
2025-04-17 01:35:04.951 [traceId=4e2a8e3a577947f9bedae1839a2af5e7] [http-nio-8080-exec-1] DEBUG c.s.mapper.EmployeeMapper.queryByOne - <==      Total: 1
2025-04-17 01:35:05.050 [traceId=4e2a8e3a577947f9bedae1839a2af5e7] [http-nio-8080-exec-1] DEBUG c.sky.mapper.DishMapper.query_COUNT - ==>  Preparing: SELECT count(0) FROM dish
2025-04-17 01:35:05.050 [traceId=4e2a8e3a577947f9bedae1839a2af5e7] [http-nio-8080-exec-1] DEBUG c.sky.mapper.DishMapper.query_COUNT - ==> Parameters: 
2025-04-17 01:35:05.055 [traceId=4e2a8e3a577947f9bedae1839a2af5e7] [http-nio-8080-exec-1] DEBUG c.sky.mapper.DishMapper.query_COUNT - <==      Total: 1
2025-04-17 01:35:05.057 [traceId=4e2a8e3a577947f9bedae1839a2af5e7] [http-nio-8080-exec-1] DEBUG com.sky.mapper.DishMapper.query - ==>  Preparing: select id, name, category_id, price, image, description, status, create_time, update_time, create_user, update_user from dish order by create_time desc LIMIT ?
2025-04-17 01:35:05.058 [traceId=4e2a8e3a577947f9bedae1839a2af5e7] [http-nio-8080-exec-1] DEBUG com.sky.mapper.DishMapper.query - ==> Parameters: 10(Integer)
2025-04-17 01:35:05.063 [traceId=4e2a8e3a577947f9bedae1839a2af5e7] [http-nio-8080-exec-1] DEBUG com.sky.mapper.DishMapper.query - <==      Total: 10
2025-04-17 01:35:05.454 [traceId=8ce67a51c1f1414392b1e18602d2d911] [http-nio-8080-exec-2] DEBUG c.s.mapper.EmployeeMapper.queryByOne - ==>  Preparing: select * from employee where id=?
2025-04-17 01:35:05.454 [traceId=8ce67a51c1f1414392b1e18602d2d911] [http-nio-8080-exec-2] DEBUG c.s.mapper.EmployeeMapper.queryByOne - ==> Parameters: 1(Long)
2025-04-17 01:35:05.456 [traceId=8ce67a51c1f1414392b1e18602d2d911] [http-nio-8080-exec-2] DEBUG c.s.mapper.EmployeeMapper.queryByOne - <==      Total: 1
2025-04-17 01:35:05.458 [traceId=8ce67a51c1f1414392b1e18602d2d911] [http-nio-8080-exec-2] DEBUG c.sky.mapper.DishMapper.query_COUNT - ==>  Preparing: SELECT count(0) FROM dish
2025-04-17 01:35:05.458 [traceId=8ce67a51c1f1414392b1e18602d2d911] [http-nio-8080-exec-2] DEBUG c.sky.mapper.DishMapper.query_COUNT - ==> Parameters: 
2025-04-17 01:35:05.459 [traceId=8ce67a51c1f1414392b1e18602d2d911] [http-nio-8080-exec-2] DEBUG c.sky.mapper.DishMapper.query_COUNT - <==      Total: 1
2025-04-17 01:35:05.460 [traceId=8ce67a51c1f1414392b1e18602d2d911] [http-nio-8080-exec-2] DEBUG com.sky.mapper.DishMapper.query - ==>  Preparing: select id, name, category_id, price, image, description, status, create_time, update_time, create_user, update_user from dish order by create_time desc LIMIT ?
2025-04-17 01:35:05.460 [traceId=8ce67a51c1f1414392b1e18602d2d911] [http-nio-8080-exec-2] DEBUG com.sky.mapper.DishMapper.query - ==> Parameters: 10(Integer)
2025-04-17 01:35:05.469 [traceId=8ce67a51c1f1414392b1e18602d2d911] [http-nio-8080-exec-2] DEBUG com.sky.mapper.DishMapper.query - <==      Total: 10
2025-04-17 01:35:13.541 [traceId=6942d61bc0a8434d86a8fa3dea2f51f0] [http-nio-8080-exec-3] ERROR c.sky.handler.GlobalExceptionHandler - 系统异常：traceId=6942d61bc0a8434d86a8fa3dea2f51f0, url=/admin/dish, error=Request method 'DELETE' not supported
org.springframework.web.HttpRequestMethodNotSupportedException: Request method 'DELETE' not supported
	at org.springframework.web.servlet.mvc.method.RequestMappingInfoHandlerMapping.handleNoMatch(RequestMappingInfoHandlerMapping.java:253)
	at org.springframework.web.servlet.handler.AbstractHandlerMethodMapping.lookupHandlerMethod(AbstractHandlerMethodMapping.java:442)
	at org.springframework.web.servlet.handler.AbstractHandlerMethodMapping.getHandlerInternal(AbstractHandlerMethodMapping.java:383)
	at org.springframework.web.servlet.mvc.method.RequestMappingInfoHandlerMapping.getHandlerInternal(RequestMappingInfoHandlerMapping.java:125)
	at org.springframework.web.servlet.mvc.method.RequestMappingInfoHandlerMapping.getHandlerInternal(RequestMappingInfoHandlerMapping.java:67)
	at org.springframework.web.servlet.handler.AbstractHandlerMapping.getHandler(AbstractHandlerMapping.java:498)
	at org.springframework.web.servlet.DispatcherServlet.getHandler(DispatcherServlet.java:1264)
	at org.springframework.web.servlet.DispatcherServlet.doDispatch(DispatcherServlet.java:1046)
	at org.springframework.web.servlet.DispatcherServlet.doService(DispatcherServlet.java:963)
	at org.springframework.web.servlet.FrameworkServlet.processRequest(FrameworkServlet.java:1006)
	at org.springframework.web.servlet.FrameworkServlet.doDelete(FrameworkServlet.java:931)
	at javax.servlet.http.HttpServlet.service(HttpServlet.java:687)
	at org.springframework.web.servlet.FrameworkServlet.service(FrameworkServlet.java:883)
	at javax.servlet.http.HttpServlet.service(HttpServlet.java:764)
	at org.apache.catalina.core.ApplicationFilterChain.internalDoFilter(ApplicationFilterChain.java:227)
	at org.apache.catalina.core.ApplicationFilterChain.doFilter(ApplicationFilterChain.java:162)
	at org.apache.tomcat.websocket.server.WsFilter.doFilter(WsFilter.java:53)
	at org.apache.catalina.core.ApplicationFilterChain.internalDoFilter(ApplicationFilterChain.java:189)
	at org.apache.catalina.core.ApplicationFilterChain.doFilter(ApplicationFilterChain.java:162)
	at com.sky.config.TraceIdFilter.doFilter(TraceIdFilter.java:25)
	at org.apache.catalina.core.ApplicationFilterChain.internalDoFilter(ApplicationFilterChain.java:189)
	at org.apache.catalina.core.ApplicationFilterChain.doFilter(ApplicationFilterChain.java:162)
	at org.springframework.web.filter.CharacterEncodingFilter.doFilterInternal(CharacterEncodingFilter.java:201)
	at org.springframework.web.filter.OncePerRequestFilter.doFilter(OncePerRequestFilter.java:117)
	at org.apache.catalina.core.ApplicationFilterChain.internalDoFilter(ApplicationFilterChain.java:189)
	at org.apache.catalina.core.ApplicationFilterChain.doFilter(ApplicationFilterChain.java:162)
	at org.apache.catalina.core.StandardWrapperValve.invoke(StandardWrapperValve.java:197)
	at org.apache.catalina.core.StandardContextValve.invoke(StandardContextValve.java:97)
	at org.apache.catalina.authenticator.AuthenticatorBase.invoke(AuthenticatorBase.java:541)
	at org.apache.catalina.core.StandardHostValve.invoke(StandardHostValve.java:135)
	at org.apache.catalina.valves.ErrorReportValve.invoke(ErrorReportValve.java:92)
	at org.apache.catalina.core.StandardEngineValve.invoke(StandardEngineValve.java:78)
	at org.apache.catalina.connector.CoyoteAdapter.service(CoyoteAdapter.java:360)
	at org.apache.coyote.http11.Http11Processor.service(Http11Processor.java:399)
	at org.apache.coyote.AbstractProcessorLight.process(AbstractProcessorLight.java:65)
	at org.apache.coyote.AbstractProtocol$ConnectionHandler.process(AbstractProtocol.java:890)
	at org.apache.tomcat.util.net.NioEndpoint$SocketProcessor.doRun(NioEndpoint.java:1789)
	at org.apache.tomcat.util.net.SocketProcessorBase.run(SocketProcessorBase.java:49)
	at org.apache.tomcat.util.threads.ThreadPoolExecutor.runWorker(ThreadPoolExecutor.java:1191)
	at org.apache.tomcat.util.threads.ThreadPoolExecutor$Worker.run(ThreadPoolExecutor.java:659)
	at org.apache.tomcat.util.threads.TaskThread$WrappingRunnable.run(TaskThread.java:61)
	at java.base/java.lang.Thread.run(Thread.java:840)
2025-04-17 02:00:09.201 [traceId=6e3ca0818b304aa9a37fd33f782f51dd] [http-nio-8080-exec-4] ERROR c.a.d.pool.DruidAbstractDataSource - discard long time none received connection. , jdbcUrl : jdbc:mysql://localhost:3306/sky_take_out?serverTimezone=Asia/Shanghai&useUnicode=true&characterEncoding=utf-8&zeroDateTimeBehavior=convertToNull&useSSL=false&allowPublicKeyRetrieval=true, jdbcUrl : jdbc:mysql://localhost:3306/sky_take_out?serverTimezone=Asia/Shanghai&useUnicode=true&characterEncoding=utf-8&zeroDateTimeBehavior=convertToNull&useSSL=false&allowPublicKeyRetrieval=true, lastPacketReceivedIdleMillis : 1503622
2025-04-17 02:00:09.255 [traceId=6e3ca0818b304aa9a37fd33f782f51dd] [http-nio-8080-exec-4] DEBUG c.s.mapper.EmployeeMapper.queryByOne - ==>  Preparing: select * from employee where id=?
2025-04-17 02:00:09.260 [traceId=6e3ca0818b304aa9a37fd33f782f51dd] [http-nio-8080-exec-4] DEBUG c.s.mapper.EmployeeMapper.queryByOne - ==> Parameters: 1(Long)
2025-04-17 02:00:09.280 [traceId=6e3ca0818b304aa9a37fd33f782f51dd] [http-nio-8080-exec-4] DEBUG c.s.mapper.EmployeeMapper.queryByOne - <==      Total: 1
2025-04-17 02:00:09.352 [traceId=6e3ca0818b304aa9a37fd33f782f51dd] [http-nio-8080-exec-4] DEBUG c.s.m.CategoryMapper.pageQuery_COUNT - ==>  Preparing: SELECT count(0) FROM category
2025-04-17 02:00:09.352 [traceId=6e3ca0818b304aa9a37fd33f782f51dd] [http-nio-8080-exec-4] DEBUG c.s.m.CategoryMapper.pageQuery_COUNT - ==> Parameters: 
2025-04-17 02:00:09.358 [traceId=6e3ca0818b304aa9a37fd33f782f51dd] [http-nio-8080-exec-4] DEBUG c.s.m.CategoryMapper.pageQuery_COUNT - <==      Total: 1
2025-04-17 02:00:09.360 [traceId=6e3ca0818b304aa9a37fd33f782f51dd] [http-nio-8080-exec-4] DEBUG c.s.mapper.CategoryMapper.pageQuery - ==>  Preparing: select * from category order by sort asc , create_time desc LIMIT ?
2025-04-17 02:00:09.369 [traceId=6e3ca0818b304aa9a37fd33f782f51dd] [http-nio-8080-exec-4] DEBUG c.s.mapper.CategoryMapper.pageQuery - ==> Parameters: 10(Integer)
2025-04-17 02:00:09.380 [traceId=6e3ca0818b304aa9a37fd33f782f51dd] [http-nio-8080-exec-4] DEBUG c.s.mapper.CategoryMapper.pageQuery - <==      Total: 10
2025-04-17 02:00:09.387 [traceId=dabea69f5a324192a055ce61c024b54d] [http-nio-8080-exec-6] DEBUG c.s.mapper.EmployeeMapper.queryByOne - ==>  Preparing: select * from employee where id=?
2025-04-17 02:00:09.388 [traceId=dabea69f5a324192a055ce61c024b54d] [http-nio-8080-exec-6] DEBUG c.s.mapper.EmployeeMapper.queryByOne - ==> Parameters: 1(Long)
2025-04-17 02:00:09.390 [traceId=dabea69f5a324192a055ce61c024b54d] [http-nio-8080-exec-6] DEBUG c.s.mapper.EmployeeMapper.queryByOne - <==      Total: 1
2025-04-17 02:00:09.390 [traceId=4ca2bd3d5e474a30a910f21823ea63b1] [http-nio-8080-exec-5] WARN  o.s.web.servlet.PageNotFound - No mapping for GET /admin/setmeal/page
2025-04-17 02:00:09.398 [traceId=dabea69f5a324192a055ce61c024b54d] [http-nio-8080-exec-6] DEBUG com.sky.mapper.CategoryMapper.list - ==>  Preparing: select * from category where status = 1 and type = ? order by sort asc,create_time desc
2025-04-17 02:00:09.398 [traceId=dabea69f5a324192a055ce61c024b54d] [http-nio-8080-exec-6] DEBUG com.sky.mapper.CategoryMapper.list - ==> Parameters: 2(Integer)
2025-04-17 02:00:09.403 [traceId=dabea69f5a324192a055ce61c024b54d] [http-nio-8080-exec-6] DEBUG com.sky.mapper.CategoryMapper.list - <==      Total: 2
2025-04-17 02:00:13.545 [traceId=4f13d02bf0da488189d28a4528c4868a] [http-nio-8080-exec-7] WARN  o.s.web.servlet.PageNotFound - No mapping for GET /admin/setmeal/page
2025-04-17 02:00:15.410 [traceId=bbcb01cbd2c2429689ea994e6983f659] [http-nio-8080-exec-9] DEBUG c.s.mapper.EmployeeMapper.queryByOne - ==>  Preparing: select * from employee where id=?
2025-04-17 02:00:15.410 [traceId=bbcb01cbd2c2429689ea994e6983f659] [http-nio-8080-exec-9] DEBUG c.s.mapper.EmployeeMapper.queryByOne - ==> Parameters: 1(Long)
2025-04-17 02:00:15.461 [traceId=bbcb01cbd2c2429689ea994e6983f659] [http-nio-8080-exec-9] DEBUG c.s.mapper.EmployeeMapper.queryByOne - <==      Total: 1
2025-04-17 02:00:15.467 [traceId=bbcb01cbd2c2429689ea994e6983f659] [http-nio-8080-exec-9] DEBUG com.sky.mapper.CategoryMapper.list - ==>  Preparing: select * from category where status = 1 and type = ? order by sort asc,create_time desc
2025-04-17 02:00:15.467 [traceId=bbcb01cbd2c2429689ea994e6983f659] [http-nio-8080-exec-9] DEBUG com.sky.mapper.CategoryMapper.list - ==> Parameters: 1(Integer)
2025-04-17 02:00:15.506 [traceId=17a54ea0f78e4498b2f4cb254328d173] [http-nio-8080-exec-8] DEBUG c.s.mapper.EmployeeMapper.queryByOne - ==>  Preparing: select * from employee where id=?
2025-04-17 02:00:15.507 [traceId=17a54ea0f78e4498b2f4cb254328d173] [http-nio-8080-exec-8] DEBUG c.s.mapper.EmployeeMapper.queryByOne - ==> Parameters: 1(Long)
2025-04-17 02:00:15.530 [traceId=bbcb01cbd2c2429689ea994e6983f659] [http-nio-8080-exec-9] DEBUG com.sky.mapper.CategoryMapper.list - <==      Total: 8
2025-04-17 02:00:15.532 [traceId=17a54ea0f78e4498b2f4cb254328d173] [http-nio-8080-exec-8] DEBUG c.s.mapper.EmployeeMapper.queryByOne - <==      Total: 1
2025-04-17 02:00:15.536 [traceId=17a54ea0f78e4498b2f4cb254328d173] [http-nio-8080-exec-8] DEBUG c.sky.mapper.DishMapper.query_COUNT - ==>  Preparing: SELECT count(0) FROM dish
2025-04-17 02:00:15.536 [traceId=17a54ea0f78e4498b2f4cb254328d173] [http-nio-8080-exec-8] DEBUG c.sky.mapper.DishMapper.query_COUNT - ==> Parameters: 
2025-04-17 02:00:15.538 [traceId=17a54ea0f78e4498b2f4cb254328d173] [http-nio-8080-exec-8] DEBUG c.sky.mapper.DishMapper.query_COUNT - <==      Total: 1
2025-04-17 02:00:15.539 [traceId=17a54ea0f78e4498b2f4cb254328d173] [http-nio-8080-exec-8] DEBUG com.sky.mapper.DishMapper.query - ==>  Preparing: select id, name, category_id, price, image, description, status, create_time, update_time, create_user, update_user from dish order by create_time desc LIMIT ?
2025-04-17 02:00:15.540 [traceId=17a54ea0f78e4498b2f4cb254328d173] [http-nio-8080-exec-8] DEBUG com.sky.mapper.DishMapper.query - ==> Parameters: 10(Integer)
2025-04-17 02:00:15.545 [traceId=17a54ea0f78e4498b2f4cb254328d173] [http-nio-8080-exec-8] DEBUG com.sky.mapper.DishMapper.query - <==      Total: 10
2025-04-17 02:00:15.886 [traceId=1027321087774dc3a76d2ed58bdf322c] [http-nio-8080-exec-10] DEBUG c.s.mapper.EmployeeMapper.queryByOne - ==>  Preparing: select * from employee where id=?
2025-04-17 02:00:15.887 [traceId=1027321087774dc3a76d2ed58bdf322c] [http-nio-8080-exec-10] DEBUG c.s.mapper.EmployeeMapper.queryByOne - ==> Parameters: 1(Long)
2025-04-17 02:00:15.888 [traceId=1027321087774dc3a76d2ed58bdf322c] [http-nio-8080-exec-10] DEBUG c.s.mapper.EmployeeMapper.queryByOne - <==      Total: 1
2025-04-17 02:00:15.890 [traceId=1027321087774dc3a76d2ed58bdf322c] [http-nio-8080-exec-10] DEBUG c.s.m.CategoryMapper.pageQuery_COUNT - ==>  Preparing: SELECT count(0) FROM category
2025-04-17 02:00:15.892 [traceId=1027321087774dc3a76d2ed58bdf322c] [http-nio-8080-exec-10] DEBUG c.s.m.CategoryMapper.pageQuery_COUNT - ==> Parameters: 
2025-04-17 02:00:15.897 [traceId=1027321087774dc3a76d2ed58bdf322c] [http-nio-8080-exec-10] DEBUG c.s.m.CategoryMapper.pageQuery_COUNT - <==      Total: 1
2025-04-17 02:00:15.898 [traceId=1027321087774dc3a76d2ed58bdf322c] [http-nio-8080-exec-10] DEBUG c.s.mapper.CategoryMapper.pageQuery - ==>  Preparing: select * from category order by sort asc , create_time desc LIMIT ?
2025-04-17 02:00:15.898 [traceId=1027321087774dc3a76d2ed58bdf322c] [http-nio-8080-exec-10] DEBUG c.s.mapper.CategoryMapper.pageQuery - ==> Parameters: 10(Integer)
2025-04-17 02:00:15.902 [traceId=1027321087774dc3a76d2ed58bdf322c] [http-nio-8080-exec-10] DEBUG c.s.mapper.CategoryMapper.pageQuery - <==      Total: 10
2025-04-17 02:00:17.694 [traceId=988a0d324e0a4121a352aa5ef322a70b] [http-nio-8080-exec-1] DEBUG c.s.mapper.EmployeeMapper.queryByOne - ==>  Preparing: select * from employee where id=?
2025-04-17 02:00:17.694 [traceId=7e98285400664f509c44e7ce40e9ae6a] [http-nio-8080-exec-2] DEBUG c.s.mapper.EmployeeMapper.queryByOne - ==>  Preparing: select * from employee where id=?
2025-04-17 02:00:17.695 [traceId=7e98285400664f509c44e7ce40e9ae6a] [http-nio-8080-exec-2] DEBUG c.s.mapper.EmployeeMapper.queryByOne - ==> Parameters: 1(Long)
2025-04-17 02:00:17.695 [traceId=988a0d324e0a4121a352aa5ef322a70b] [http-nio-8080-exec-1] DEBUG c.s.mapper.EmployeeMapper.queryByOne - ==> Parameters: 1(Long)
2025-04-17 02:00:17.697 [traceId=988a0d324e0a4121a352aa5ef322a70b] [http-nio-8080-exec-1] DEBUG c.s.mapper.EmployeeMapper.queryByOne - <==      Total: 1
2025-04-17 02:00:17.697 [traceId=7e98285400664f509c44e7ce40e9ae6a] [http-nio-8080-exec-2] DEBUG c.s.mapper.EmployeeMapper.queryByOne - <==      Total: 1
2025-04-17 02:00:17.698 [traceId=7e98285400664f509c44e7ce40e9ae6a] [http-nio-8080-exec-2] DEBUG com.sky.mapper.CategoryMapper.list - ==>  Preparing: select * from category where status = 1 and type = ? order by sort asc,create_time desc
2025-04-17 02:00:17.699 [traceId=7e98285400664f509c44e7ce40e9ae6a] [http-nio-8080-exec-2] DEBUG com.sky.mapper.CategoryMapper.list - ==> Parameters: 1(Integer)
2025-04-17 02:00:17.701 [traceId=988a0d324e0a4121a352aa5ef322a70b] [http-nio-8080-exec-1] DEBUG c.sky.mapper.DishMapper.query_COUNT - ==>  Preparing: SELECT count(0) FROM dish
2025-04-17 02:00:17.701 [traceId=7e98285400664f509c44e7ce40e9ae6a] [http-nio-8080-exec-2] DEBUG com.sky.mapper.CategoryMapper.list - <==      Total: 8
2025-04-17 02:00:17.701 [traceId=988a0d324e0a4121a352aa5ef322a70b] [http-nio-8080-exec-1] DEBUG c.sky.mapper.DishMapper.query_COUNT - ==> Parameters: 
2025-04-17 02:00:17.702 [traceId=988a0d324e0a4121a352aa5ef322a70b] [http-nio-8080-exec-1] DEBUG c.sky.mapper.DishMapper.query_COUNT - <==      Total: 1
2025-04-17 02:00:17.703 [traceId=988a0d324e0a4121a352aa5ef322a70b] [http-nio-8080-exec-1] DEBUG com.sky.mapper.DishMapper.query - ==>  Preparing: select id, name, category_id, price, image, description, status, create_time, update_time, create_user, update_user from dish order by create_time desc LIMIT ?
2025-04-17 02:00:17.704 [traceId=988a0d324e0a4121a352aa5ef322a70b] [http-nio-8080-exec-1] DEBUG com.sky.mapper.DishMapper.query - ==> Parameters: 10(Integer)
2025-04-17 02:00:17.708 [traceId=988a0d324e0a4121a352aa5ef322a70b] [http-nio-8080-exec-1] DEBUG com.sky.mapper.DishMapper.query - <==      Total: 10
2025-04-17 03:59:40.503 [traceId=] [SpringApplicationShutdownHook] INFO  c.alibaba.druid.pool.DruidDataSource - {dataSource-1} closing ...
2025-04-17 03:59:40.508 [traceId=] [SpringApplicationShutdownHook] INFO  c.alibaba.druid.pool.DruidDataSource - {dataSource-1} closed
2025-04-17 03:59:46.838 [traceId=] [main] INFO  com.sky.SkyApplication - Starting SkyApplication using Java 17.0.12 on 192.168.0.100 with PID 55734 (/Users/zry/Desktop/sky-out/sky-server/target/classes started by zry in /Users/zry/Desktop/sky-out)
2025-04-17 03:59:46.839 [traceId=] [main] INFO  com.sky.SkyApplication - The following 1 profile is active: "dev"
2025-04-17 03:59:47.780 [traceId=] [main] INFO  o.s.d.r.c.RepositoryConfigurationDelegate - Multiple Spring Data modules found, entering strict repository configuration mode
2025-04-17 03:59:47.784 [traceId=] [main] INFO  o.s.d.r.c.RepositoryConfigurationDelegate - Bootstrapping Spring Data Redis repositories in DEFAULT mode.
2025-04-17 03:59:47.811 [traceId=] [main] INFO  o.s.d.r.c.RepositoryConfigurationDelegate - Finished Spring Data repository scanning in 12 ms. Found 0 Redis repository interfaces.
2025-04-17 03:59:48.761 [traceId=] [main] INFO  o.s.b.w.e.tomcat.TomcatWebServer - Tomcat initialized with port(s): 8080 (http)
2025-04-17 03:59:48.771 [traceId=] [main] INFO  o.a.coyote.http11.Http11NioProtocol - Initializing ProtocolHandler ["http-nio-8080"]
2025-04-17 03:59:48.771 [traceId=] [main] INFO  o.a.catalina.core.StandardService - Starting service [Tomcat]
2025-04-17 03:59:48.771 [traceId=] [main] INFO  o.a.catalina.core.StandardEngine - Starting Servlet engine: [Apache Tomcat/9.0.65]
2025-04-17 03:59:48.906 [traceId=] [main] INFO  o.a.c.c.C.[Tomcat].[localhost].[/] - Initializing Spring embedded WebApplicationContext
2025-04-17 03:59:48.906 [traceId=] [main] INFO  o.s.b.w.s.c.ServletWebServerApplicationContext - Root WebApplicationContext: initialization completed in 2012 ms
2025-04-17 03:59:49.062 [traceId=] [main] INFO  c.a.d.s.b.a.DruidDataSourceAutoConfigure - Init DruidDataSource
2025-04-17 03:59:49.208 [traceId=] [main] INFO  c.alibaba.druid.pool.DruidDataSource - {dataSource-1} inited
2025-04-17 03:59:49.476 [traceId=] [main] INFO  com.sky.config.MinioConfiguration - 加载minio配置值：MinioProperties(endpoint=http://localhost:9000, accessKey=minioadmin, secretKey=minioadmin, bucketName=mybucket)
2025-04-17 03:59:49.762 [traceId=] [main] INFO  com.sky.config.WebMvcConfiguration - 开始注册自定义拦截器...
2025-04-17 03:59:50.919 [traceId=] [main] INFO  o.a.coyote.http11.Http11NioProtocol - Starting ProtocolHandler ["http-nio-8080"]
2025-04-17 03:59:50.938 [traceId=] [main] INFO  o.s.b.w.e.tomcat.TomcatWebServer - Tomcat started on port(s): 8080 (http) with context path ''
2025-04-17 03:59:51.276 [traceId=] [main] INFO  com.sky.SkyApplication - Started SkyApplication in 5.113 seconds (JVM running for 5.924)
2025-04-17 03:59:51.278 [traceId=] [main] INFO  com.sky.SkyApplication - server started
2025-04-17 04:00:10.092 [traceId=] [http-nio-8080-exec-3] INFO  o.a.c.c.C.[Tomcat].[localhost].[/] - Initializing Spring DispatcherServlet 'dispatcherServlet'
2025-04-17 04:00:10.093 [traceId=] [http-nio-8080-exec-3] INFO  o.s.web.servlet.DispatcherServlet - Initializing Servlet 'dispatcherServlet'
2025-04-17 04:00:10.096 [traceId=] [http-nio-8080-exec-3] INFO  o.s.web.servlet.DispatcherServlet - Completed initialization in 2 ms
2025-04-17 04:00:10.166 [traceId=c98e32d5a41e4919a4bc102b7898e49e] [http-nio-8080-exec-4] WARN  o.s.web.servlet.PageNotFound - No mapping for GET /admin/shop/status
2025-04-17 04:00:10.170 [traceId=f5332667e83c4624a9a739140cc1588e] [http-nio-8080-exec-1] WARN  o.s.web.servlet.PageNotFound - No mapping for GET /ws/c2ul2epqus
2025-04-17 04:00:11.791 [traceId=3a1319574aba4cf4a780919eeba5e578] [http-nio-8080-exec-3] DEBUG c.s.mapper.EmployeeMapper.queryByOne - ==>  Preparing: select * from employee where id=?
2025-04-17 04:00:11.793 [traceId=4163f194c19b41999d6761c64285a6a4] [http-nio-8080-exec-2] DEBUG c.s.mapper.EmployeeMapper.queryByOne - ==>  Preparing: select * from employee where id=?
2025-04-17 04:00:11.865 [traceId=3a1319574aba4cf4a780919eeba5e578] [http-nio-8080-exec-3] DEBUG c.s.mapper.EmployeeMapper.queryByOne - ==> Parameters: 1(Long)
2025-04-17 04:00:11.865 [traceId=4163f194c19b41999d6761c64285a6a4] [http-nio-8080-exec-2] DEBUG c.s.mapper.EmployeeMapper.queryByOne - ==> Parameters: 1(Long)
2025-04-17 04:00:11.917 [traceId=4163f194c19b41999d6761c64285a6a4] [http-nio-8080-exec-2] DEBUG c.s.mapper.EmployeeMapper.queryByOne - <==      Total: 1
2025-04-17 04:00:11.917 [traceId=3a1319574aba4cf4a780919eeba5e578] [http-nio-8080-exec-3] DEBUG c.s.mapper.EmployeeMapper.queryByOne - <==      Total: 1
2025-04-17 04:00:11.962 [traceId=3a1319574aba4cf4a780919eeba5e578] [http-nio-8080-exec-3] DEBUG com.sky.mapper.CategoryMapper.list - ==>  Preparing: select * from category where status = 1 and type = ? order by sort asc,create_time desc
2025-04-17 04:00:11.963 [traceId=3a1319574aba4cf4a780919eeba5e578] [http-nio-8080-exec-3] DEBUG com.sky.mapper.CategoryMapper.list - ==> Parameters: 1(Integer)
2025-04-17 04:00:11.973 [traceId=3a1319574aba4cf4a780919eeba5e578] [http-nio-8080-exec-3] DEBUG com.sky.mapper.CategoryMapper.list - <==      Total: 8
2025-04-17 04:00:12.058 [traceId=4163f194c19b41999d6761c64285a6a4] [http-nio-8080-exec-2] DEBUG c.sky.mapper.DishMapper.query_COUNT - ==>  Preparing: SELECT count(0) FROM dish
2025-04-17 04:00:12.059 [traceId=4163f194c19b41999d6761c64285a6a4] [http-nio-8080-exec-2] DEBUG c.sky.mapper.DishMapper.query_COUNT - ==> Parameters: 
2025-04-17 04:00:12.070 [traceId=4163f194c19b41999d6761c64285a6a4] [http-nio-8080-exec-2] DEBUG c.sky.mapper.DishMapper.query_COUNT - <==      Total: 1
2025-04-17 04:00:12.074 [traceId=4163f194c19b41999d6761c64285a6a4] [http-nio-8080-exec-2] DEBUG com.sky.mapper.DishMapper.query - ==>  Preparing: select id, name, category_id, price, image, description, status, create_time, update_time, create_user, update_user from dish order by create_time desc LIMIT ?
2025-04-17 04:00:12.075 [traceId=4163f194c19b41999d6761c64285a6a4] [http-nio-8080-exec-2] DEBUG com.sky.mapper.DishMapper.query - ==> Parameters: 10(Integer)
2025-04-17 04:00:12.095 [traceId=4163f194c19b41999d6761c64285a6a4] [http-nio-8080-exec-2] DEBUG com.sky.mapper.DishMapper.query - <==      Total: 10
2025-04-17 04:00:18.243 [traceId=2c0d62ef08f0414b9efccafdb2feea0a] [http-nio-8080-exec-6] DEBUG c.s.mapper.EmployeeMapper.queryByOne - ==>  Preparing: select * from employee where id=?
2025-04-17 04:00:18.244 [traceId=2c0d62ef08f0414b9efccafdb2feea0a] [http-nio-8080-exec-6] DEBUG c.s.mapper.EmployeeMapper.queryByOne - ==> Parameters: 1(Long)
2025-04-17 04:00:18.245 [traceId=2c0d62ef08f0414b9efccafdb2feea0a] [http-nio-8080-exec-6] DEBUG c.s.mapper.EmployeeMapper.queryByOne - <==      Total: 1
2025-04-17 04:00:18.262 [traceId=2c0d62ef08f0414b9efccafdb2feea0a] [http-nio-8080-exec-6] DEBUG c.sky.mapper.DishMapper.selectByList - ==>  Preparing: select id, name, category_id, price, image, description, status, create_time, update_time, create_user, update_user from dish where id in ( ? )
2025-04-17 04:00:18.263 [traceId=2c0d62ef08f0414b9efccafdb2feea0a] [http-nio-8080-exec-6] DEBUG c.sky.mapper.DishMapper.selectByList - ==> Parameters: 70(Long)
2025-04-17 04:00:18.265 [traceId=2c0d62ef08f0414b9efccafdb2feea0a] [http-nio-8080-exec-6] DEBUG c.sky.mapper.DishMapper.selectByList - <==      Total: 1
2025-04-17 04:00:18.268 [traceId=2c0d62ef08f0414b9efccafdb2feea0a] [http-nio-8080-exec-6] DEBUG c.s.m.S.getMealIdsByDishIds - ==>  Preparing: select dish_id from setmeal_dish where dish_id in ( ? )
2025-04-17 04:00:18.269 [traceId=2c0d62ef08f0414b9efccafdb2feea0a] [http-nio-8080-exec-6] DEBUG c.s.m.S.getMealIdsByDishIds - ==> Parameters: 70(Long)
2025-04-17 04:00:18.272 [traceId=2c0d62ef08f0414b9efccafdb2feea0a] [http-nio-8080-exec-6] DEBUG c.s.m.S.getMealIdsByDishIds - <==      Total: 0
2025-04-17 04:00:18.273 [traceId=2c0d62ef08f0414b9efccafdb2feea0a] [http-nio-8080-exec-6] DEBUG c.sky.mapper.DishMapper.deleteBatch - ==>  Preparing: delete from dish where id in ( ? )
2025-04-17 04:00:18.273 [traceId=2c0d62ef08f0414b9efccafdb2feea0a] [http-nio-8080-exec-6] DEBUG c.sky.mapper.DishMapper.deleteBatch - ==> Parameters: 70(Long)
2025-04-17 04:00:18.279 [traceId=2c0d62ef08f0414b9efccafdb2feea0a] [http-nio-8080-exec-6] DEBUG c.sky.mapper.DishMapper.deleteBatch - <==    Updates: 1
2025-04-17 04:00:18.280 [traceId=2c0d62ef08f0414b9efccafdb2feea0a] [http-nio-8080-exec-6] DEBUG c.s.mapper.DishFlavorMapper.delBatch - ==>  Preparing: delete from dish_flavor where dish_id in ( ? )
2025-04-17 04:00:18.280 [traceId=2c0d62ef08f0414b9efccafdb2feea0a] [http-nio-8080-exec-6] DEBUG c.s.mapper.DishFlavorMapper.delBatch - ==> Parameters: 70(Long)
2025-04-17 04:00:18.288 [traceId=2c0d62ef08f0414b9efccafdb2feea0a] [http-nio-8080-exec-6] DEBUG c.s.mapper.DishFlavorMapper.delBatch - <==    Updates: 0
2025-04-17 04:00:18.300 [traceId=de6064ac80c54366bed9b92f768cf561] [http-nio-8080-exec-7] DEBUG c.s.mapper.EmployeeMapper.queryByOne - ==>  Preparing: select * from employee where id=?
2025-04-17 04:00:18.300 [traceId=de6064ac80c54366bed9b92f768cf561] [http-nio-8080-exec-7] DEBUG c.s.mapper.EmployeeMapper.queryByOne - ==> Parameters: 1(Long)
2025-04-17 04:00:18.302 [traceId=de6064ac80c54366bed9b92f768cf561] [http-nio-8080-exec-7] DEBUG c.s.mapper.EmployeeMapper.queryByOne - <==      Total: 1
2025-04-17 04:00:18.304 [traceId=de6064ac80c54366bed9b92f768cf561] [http-nio-8080-exec-7] DEBUG c.sky.mapper.DishMapper.query_COUNT - ==>  Preparing: SELECT count(0) FROM dish
2025-04-17 04:00:18.304 [traceId=de6064ac80c54366bed9b92f768cf561] [http-nio-8080-exec-7] DEBUG c.sky.mapper.DishMapper.query_COUNT - ==> Parameters: 
2025-04-17 04:00:18.306 [traceId=de6064ac80c54366bed9b92f768cf561] [http-nio-8080-exec-7] DEBUG c.sky.mapper.DishMapper.query_COUNT - <==      Total: 1
2025-04-17 04:00:18.306 [traceId=de6064ac80c54366bed9b92f768cf561] [http-nio-8080-exec-7] DEBUG com.sky.mapper.DishMapper.query - ==>  Preparing: select id, name, category_id, price, image, description, status, create_time, update_time, create_user, update_user from dish order by create_time desc LIMIT ?
2025-04-17 04:00:18.307 [traceId=de6064ac80c54366bed9b92f768cf561] [http-nio-8080-exec-7] DEBUG com.sky.mapper.DishMapper.query - ==> Parameters: 10(Integer)
2025-04-17 04:00:18.313 [traceId=de6064ac80c54366bed9b92f768cf561] [http-nio-8080-exec-7] DEBUG com.sky.mapper.DishMapper.query - <==      Total: 10
2025-04-17 04:01:41.148 [traceId=c57341cdd39b4ab9894804490493feb3] [http-nio-8080-exec-8] ERROR c.a.d.pool.DruidAbstractDataSource - discard long time none received connection. , jdbcUrl : jdbc:mysql://localhost:3306/sky_take_out?serverTimezone=Asia/Shanghai&useUnicode=true&characterEncoding=utf-8&zeroDateTimeBehavior=convertToNull&useSSL=false&allowPublicKeyRetrieval=true, jdbcUrl : jdbc:mysql://localhost:3306/sky_take_out?serverTimezone=Asia/Shanghai&useUnicode=true&characterEncoding=utf-8&zeroDateTimeBehavior=convertToNull&useSSL=false&allowPublicKeyRetrieval=true, lastPacketReceivedIdleMillis : 82829
2025-04-17 04:01:41.149 [traceId=c57341cdd39b4ab9894804490493feb3] [http-nio-8080-exec-8] ERROR c.a.d.pool.DruidAbstractDataSource - discard long time none received connection. , jdbcUrl : jdbc:mysql://localhost:3306/sky_take_out?serverTimezone=Asia/Shanghai&useUnicode=true&characterEncoding=utf-8&zeroDateTimeBehavior=convertToNull&useSSL=false&allowPublicKeyRetrieval=true, jdbcUrl : jdbc:mysql://localhost:3306/sky_take_out?serverTimezone=Asia/Shanghai&useUnicode=true&characterEncoding=utf-8&zeroDateTimeBehavior=convertToNull&useSSL=false&allowPublicKeyRetrieval=true, lastPacketReceivedIdleMillis : 89265
2025-04-17 04:01:41.158 [traceId=c57341cdd39b4ab9894804490493feb3] [http-nio-8080-exec-8] DEBUG c.s.mapper.EmployeeMapper.queryByOne - ==>  Preparing: select * from employee where id=?
2025-04-17 04:01:41.159 [traceId=c57341cdd39b4ab9894804490493feb3] [http-nio-8080-exec-8] DEBUG c.s.mapper.EmployeeMapper.queryByOne - ==> Parameters: 1(Long)
2025-04-17 04:01:41.162 [traceId=c57341cdd39b4ab9894804490493feb3] [http-nio-8080-exec-8] DEBUG c.s.mapper.EmployeeMapper.queryByOne - <==      Total: 1
2025-04-17 04:01:41.162 [traceId=c57341cdd39b4ab9894804490493feb3] [http-nio-8080-exec-8] DEBUG com.sky.mapper.CategoryMapper.list - ==>  Preparing: select * from category where status = 1 and type = ? order by sort asc,create_time desc
2025-04-17 04:01:41.163 [traceId=c57341cdd39b4ab9894804490493feb3] [http-nio-8080-exec-8] DEBUG com.sky.mapper.CategoryMapper.list - ==> Parameters: 1(Integer)
2025-04-17 04:01:41.172 [traceId=c57341cdd39b4ab9894804490493feb3] [http-nio-8080-exec-8] DEBUG com.sky.mapper.CategoryMapper.list - <==      Total: 8
2025-04-17 04:02:06.512 [traceId=cd3fcb377bc442d18d1bcb2fef1ff605] [http-nio-8080-exec-9] DEBUG c.s.mapper.EmployeeMapper.queryByOne - ==>  Preparing: select * from employee where id=?
2025-04-17 04:02:06.513 [traceId=cd3fcb377bc442d18d1bcb2fef1ff605] [http-nio-8080-exec-9] DEBUG c.s.mapper.EmployeeMapper.queryByOne - ==> Parameters: 1(Long)
2025-04-17 04:02:06.516 [traceId=cd3fcb377bc442d18d1bcb2fef1ff605] [http-nio-8080-exec-9] DEBUG c.s.mapper.EmployeeMapper.queryByOne - <==      Total: 1
2025-04-17 04:02:06.863 [traceId=cd3fcb377bc442d18d1bcb2fef1ff605] [http-nio-8080-exec-9] INFO  com.sky.utils.MinioUtil - 上传成功：http://localhost:9000/mybucket/2025-04-17/6962ab34ad12469bb61cf82b93d293c1.png
2025-04-17 04:02:07.713 [traceId=ae536f6a311742ddbb52de1b2c21eda2] [http-nio-8080-exec-10] DEBUG c.s.mapper.EmployeeMapper.queryByOne - ==>  Preparing: select * from employee where id=?
2025-04-17 04:02:07.714 [traceId=ae536f6a311742ddbb52de1b2c21eda2] [http-nio-8080-exec-10] DEBUG c.s.mapper.EmployeeMapper.queryByOne - ==> Parameters: 1(Long)
2025-04-17 04:02:07.717 [traceId=ae536f6a311742ddbb52de1b2c21eda2] [http-nio-8080-exec-10] DEBUG c.s.mapper.EmployeeMapper.queryByOne - <==      Total: 1
2025-04-17 04:02:07.754 [traceId=ae536f6a311742ddbb52de1b2c21eda2] [http-nio-8080-exec-10] INFO  c.s.controller.admin.DishController - DishDTO(id=null, name=niu, categoryId=17, price=22, image=http://localhost:9000/mybucket/2025-04-17/6962ab34ad12469bb61cf82b93d293c1.png, description=, status=0, flavors=[])
2025-04-17 04:02:07.767 [traceId=ae536f6a311742ddbb52de1b2c21eda2] [http-nio-8080-exec-10] DEBUG com.sky.mapper.DishMapper.add - ==>  Preparing: insert into dish(id, name, category_id, price, image, description, status, create_time, update_time, create_user, update_user) values (?, ?, ?, ?, ?, ?, ?, ?, ?, ?, ?)
2025-04-17 04:02:07.768 [traceId=ae536f6a311742ddbb52de1b2c21eda2] [http-nio-8080-exec-10] DEBUG com.sky.mapper.DishMapper.add - ==> Parameters: null, niu(String), 17(Long), 22(BigDecimal), http://localhost:9000/mybucket/2025-04-17/6962ab34ad12469bb61cf82b93d293c1.png(String), (String), 0(Integer), 2025-04-17T04:02:07.766911(LocalDateTime), 2025-04-17T04:02:07.766911(LocalDateTime), 1(Long), 1(Long)
2025-04-17 04:02:07.775 [traceId=ae536f6a311742ddbb52de1b2c21eda2] [http-nio-8080-exec-10] DEBUG com.sky.mapper.DishMapper.add - <==    Updates: 1
2025-04-17 04:02:08.325 [traceId=2457204f8a574966a001a1cfbee1af15] [http-nio-8080-exec-4] DEBUG c.s.mapper.EmployeeMapper.queryByOne - ==>  Preparing: select * from employee where id=?
2025-04-17 04:02:08.325 [traceId=2457204f8a574966a001a1cfbee1af15] [http-nio-8080-exec-4] DEBUG c.s.mapper.EmployeeMapper.queryByOne - ==> Parameters: 1(Long)
2025-04-17 04:02:08.327 [traceId=2457204f8a574966a001a1cfbee1af15] [http-nio-8080-exec-4] DEBUG c.s.mapper.EmployeeMapper.queryByOne - <==      Total: 1
2025-04-17 04:02:08.328 [traceId=1bbb49996c8c436ab30d706cb29a769e] [http-nio-8080-exec-1] DEBUG c.s.mapper.EmployeeMapper.queryByOne - ==>  Preparing: select * from employee where id=?
2025-04-17 04:02:08.328 [traceId=1bbb49996c8c436ab30d706cb29a769e] [http-nio-8080-exec-1] DEBUG c.s.mapper.EmployeeMapper.queryByOne - ==> Parameters: 1(Long)
2025-04-17 04:02:08.330 [traceId=1bbb49996c8c436ab30d706cb29a769e] [http-nio-8080-exec-1] DEBUG c.s.mapper.EmployeeMapper.queryByOne - <==      Total: 1
2025-04-17 04:02:08.334 [traceId=2457204f8a574966a001a1cfbee1af15] [http-nio-8080-exec-4] DEBUG com.sky.mapper.CategoryMapper.list - ==>  Preparing: select * from category where status = 1 and type = ? order by sort asc,create_time desc
2025-04-17 04:02:08.335 [traceId=2457204f8a574966a001a1cfbee1af15] [http-nio-8080-exec-4] DEBUG com.sky.mapper.CategoryMapper.list - ==> Parameters: 1(Integer)
2025-04-17 04:02:08.336 [traceId=1bbb49996c8c436ab30d706cb29a769e] [http-nio-8080-exec-1] DEBUG c.sky.mapper.DishMapper.query_COUNT - ==>  Preparing: SELECT count(0) FROM dish
2025-04-17 04:02:08.337 [traceId=1bbb49996c8c436ab30d706cb29a769e] [http-nio-8080-exec-1] DEBUG c.sky.mapper.DishMapper.query_COUNT - ==> Parameters: 
2025-04-17 04:02:08.337 [traceId=2457204f8a574966a001a1cfbee1af15] [http-nio-8080-exec-4] DEBUG com.sky.mapper.CategoryMapper.list - <==      Total: 8
2025-04-17 04:02:08.345 [traceId=1bbb49996c8c436ab30d706cb29a769e] [http-nio-8080-exec-1] DEBUG c.sky.mapper.DishMapper.query_COUNT - <==      Total: 1
2025-04-17 04:02:08.358 [traceId=1bbb49996c8c436ab30d706cb29a769e] [http-nio-8080-exec-1] DEBUG com.sky.mapper.DishMapper.query - ==>  Preparing: select id, name, category_id, price, image, description, status, create_time, update_time, create_user, update_user from dish order by create_time desc LIMIT ?
2025-04-17 04:02:08.359 [traceId=1bbb49996c8c436ab30d706cb29a769e] [http-nio-8080-exec-1] DEBUG com.sky.mapper.DishMapper.query - ==> Parameters: 10(Integer)
2025-04-17 04:02:08.362 [traceId=1bbb49996c8c436ab30d706cb29a769e] [http-nio-8080-exec-1] DEBUG com.sky.mapper.DishMapper.query - <==      Total: 10
2025-04-17 04:02:11.657 [traceId=6fe90679e2944386ac1c24e5ca239bb3] [http-nio-8080-exec-5] WARN  o.s.web.servlet.PageNotFound - No mapping for POST /admin/dish/status/1
2025-04-17 04:02:34.061 [traceId=08f9475634ef45fa92bbadbc4ecae6ac] [http-nio-8080-exec-3] DEBUG c.s.mapper.EmployeeMapper.queryByOne - ==>  Preparing: select * from employee where id=?
2025-04-17 04:02:34.062 [traceId=08f9475634ef45fa92bbadbc4ecae6ac] [http-nio-8080-exec-3] DEBUG c.s.mapper.EmployeeMapper.queryByOne - ==> Parameters: 1(Long)
2025-04-17 04:02:34.070 [traceId=08f9475634ef45fa92bbadbc4ecae6ac] [http-nio-8080-exec-3] DEBUG c.s.mapper.EmployeeMapper.queryByOne - <==      Total: 1
2025-04-17 04:02:34.072 [traceId=08f9475634ef45fa92bbadbc4ecae6ac] [http-nio-8080-exec-3] DEBUG c.sky.mapper.DishMapper.query_COUNT - ==>  Preparing: SELECT count(0) FROM dish
2025-04-17 04:02:34.073 [traceId=08f9475634ef45fa92bbadbc4ecae6ac] [http-nio-8080-exec-3] DEBUG c.sky.mapper.DishMapper.query_COUNT - ==> Parameters: 
2025-04-17 04:02:34.075 [traceId=08f9475634ef45fa92bbadbc4ecae6ac] [http-nio-8080-exec-3] DEBUG c.sky.mapper.DishMapper.query_COUNT - <==      Total: 1
2025-04-17 04:02:34.076 [traceId=08f9475634ef45fa92bbadbc4ecae6ac] [http-nio-8080-exec-3] DEBUG com.sky.mapper.DishMapper.query - ==>  Preparing: select id, name, category_id, price, image, description, status, create_time, update_time, create_user, update_user from dish order by create_time desc LIMIT ?
2025-04-17 04:02:34.077 [traceId=08f9475634ef45fa92bbadbc4ecae6ac] [http-nio-8080-exec-3] DEBUG com.sky.mapper.DishMapper.query - ==> Parameters: 10(Integer)
2025-04-17 04:02:34.078 [traceId=08f9475634ef45fa92bbadbc4ecae6ac] [http-nio-8080-exec-3] DEBUG com.sky.mapper.DishMapper.query - <==      Total: 10
2025-04-17 04:02:34.938 [traceId=e6fc020d7c454bbaaef38cff98496f50] [http-nio-8080-exec-2] DEBUG c.s.mapper.EmployeeMapper.queryByOne - ==>  Preparing: select * from employee where id=?
2025-04-17 04:02:34.938 [traceId=e6fc020d7c454bbaaef38cff98496f50] [http-nio-8080-exec-2] DEBUG c.s.mapper.EmployeeMapper.queryByOne - ==> Parameters: 1(Long)
2025-04-17 04:02:34.939 [traceId=e6fc020d7c454bbaaef38cff98496f50] [http-nio-8080-exec-2] DEBUG c.s.mapper.EmployeeMapper.queryByOne - <==      Total: 1
2025-04-17 04:02:34.941 [traceId=e6fc020d7c454bbaaef38cff98496f50] [http-nio-8080-exec-2] DEBUG c.sky.mapper.DishMapper.query_COUNT - ==>  Preparing: SELECT count(0) FROM dish
2025-04-17 04:02:34.941 [traceId=e6fc020d7c454bbaaef38cff98496f50] [http-nio-8080-exec-2] DEBUG c.sky.mapper.DishMapper.query_COUNT - ==> Parameters: 
2025-04-17 04:02:34.942 [traceId=e6fc020d7c454bbaaef38cff98496f50] [http-nio-8080-exec-2] DEBUG c.sky.mapper.DishMapper.query_COUNT - <==      Total: 1
2025-04-17 04:02:34.943 [traceId=e6fc020d7c454bbaaef38cff98496f50] [http-nio-8080-exec-2] DEBUG com.sky.mapper.DishMapper.query - ==>  Preparing: select id, name, category_id, price, image, description, status, create_time, update_time, create_user, update_user from dish order by create_time desc LIMIT ?
2025-04-17 04:02:34.943 [traceId=e6fc020d7c454bbaaef38cff98496f50] [http-nio-8080-exec-2] DEBUG com.sky.mapper.DishMapper.query - ==> Parameters: 10(Integer)
2025-04-17 04:02:34.947 [traceId=e6fc020d7c454bbaaef38cff98496f50] [http-nio-8080-exec-2] DEBUG com.sky.mapper.DishMapper.query - <==      Total: 10
2025-04-17 04:02:39.907 [traceId=6a54463e26944d20ba656e2e4be722ae] [http-nio-8080-exec-6] DEBUG c.s.mapper.EmployeeMapper.queryByOne - ==>  Preparing: select * from employee where id=?
2025-04-17 04:02:39.908 [traceId=6a54463e26944d20ba656e2e4be722ae] [http-nio-8080-exec-6] DEBUG c.s.mapper.EmployeeMapper.queryByOne - ==> Parameters: 1(Long)
2025-04-17 04:02:39.908 [traceId=6a54463e26944d20ba656e2e4be722ae] [http-nio-8080-exec-6] DEBUG c.s.mapper.EmployeeMapper.queryByOne - <==      Total: 1
2025-04-17 04:02:39.910 [traceId=6a54463e26944d20ba656e2e4be722ae] [http-nio-8080-exec-6] DEBUG c.sky.mapper.DishMapper.selectByList - ==>  Preparing: select id, name, category_id, price, image, description, status, create_time, update_time, create_user, update_user from dish where id in ( ? )
2025-04-17 04:02:39.910 [traceId=6a54463e26944d20ba656e2e4be722ae] [http-nio-8080-exec-6] DEBUG c.sky.mapper.DishMapper.selectByList - ==> Parameters: 71(Long)
2025-04-17 04:02:39.911 [traceId=6a54463e26944d20ba656e2e4be722ae] [http-nio-8080-exec-6] DEBUG c.sky.mapper.DishMapper.selectByList - <==      Total: 1
2025-04-17 04:02:39.922 [traceId=6a54463e26944d20ba656e2e4be722ae] [http-nio-8080-exec-6] ERROR c.sky.handler.GlobalExceptionHandler - 异常信息：起售中的菜品不能删除
2025-04-17 04:03:31.484 [traceId=3c31f613df134a30b88ee52ed5156b92] [http-nio-8080-exec-8] WARN  o.s.web.servlet.PageNotFound - No mapping for GET /admin/dish/71
2025-04-17 04:03:31.485 [traceId=f0bbd695146a4295bd5a2b2e3c0e2559] [http-nio-8080-exec-7] DEBUG c.s.mapper.EmployeeMapper.queryByOne - ==>  Preparing: select * from employee where id=?
2025-04-17 04:03:31.485 [traceId=f0bbd695146a4295bd5a2b2e3c0e2559] [http-nio-8080-exec-7] DEBUG c.s.mapper.EmployeeMapper.queryByOne - ==> Parameters: 1(Long)
2025-04-17 04:03:31.487 [traceId=f0bbd695146a4295bd5a2b2e3c0e2559] [http-nio-8080-exec-7] DEBUG c.s.mapper.EmployeeMapper.queryByOne - <==      Total: 1
2025-04-17 04:03:31.488 [traceId=f0bbd695146a4295bd5a2b2e3c0e2559] [http-nio-8080-exec-7] DEBUG com.sky.mapper.CategoryMapper.list - ==>  Preparing: select * from category where status = 1 and type = ? order by sort asc,create_time desc
2025-04-17 04:03:31.488 [traceId=f0bbd695146a4295bd5a2b2e3c0e2559] [http-nio-8080-exec-7] DEBUG com.sky.mapper.CategoryMapper.list - ==> Parameters: 1(Integer)
2025-04-17 04:03:31.492 [traceId=f0bbd695146a4295bd5a2b2e3c0e2559] [http-nio-8080-exec-7] DEBUG com.sky.mapper.CategoryMapper.list - <==      Total: 8
2025-04-17 04:14:12.343 [traceId=] [main] INFO  com.sky.SkyApplication - Starting SkyApplication using Java 17.0.12 on 192.168.0.100 with PID 64403 (/Users/zry/Desktop/sky-out/sky-server/target/classes started by zry in /Users/zry/Desktop/sky-out)
2025-04-17 04:14:12.344 [traceId=] [main] INFO  com.sky.SkyApplication - The following 1 profile is active: "dev"
2025-04-17 04:14:13.348 [traceId=] [main] INFO  o.s.d.r.c.RepositoryConfigurationDelegate - Multiple Spring Data modules found, entering strict repository configuration mode
2025-04-17 04:14:13.353 [traceId=] [main] INFO  o.s.d.r.c.RepositoryConfigurationDelegate - Bootstrapping Spring Data Redis repositories in DEFAULT mode.
2025-04-17 04:14:13.381 [traceId=] [main] INFO  o.s.d.r.c.RepositoryConfigurationDelegate - Finished Spring Data repository scanning in 12 ms. Found 0 Redis repository interfaces.
2025-04-17 04:14:14.334 [traceId=] [main] INFO  o.s.b.w.e.tomcat.TomcatWebServer - Tomcat initialized with port(s): 8080 (http)
2025-04-17 04:14:14.344 [traceId=] [main] INFO  o.a.coyote.http11.Http11NioProtocol - Initializing ProtocolHandler ["http-nio-8080"]
2025-04-17 04:14:14.344 [traceId=] [main] INFO  o.a.catalina.core.StandardService - Starting service [Tomcat]
2025-04-17 04:14:14.344 [traceId=] [main] INFO  o.a.catalina.core.StandardEngine - Starting Servlet engine: [Apache Tomcat/9.0.65]
2025-04-17 04:14:14.463 [traceId=] [main] INFO  o.a.c.c.C.[Tomcat].[localhost].[/] - Initializing Spring embedded WebApplicationContext
2025-04-17 04:14:14.463 [traceId=] [main] INFO  o.s.b.w.s.c.ServletWebServerApplicationContext - Root WebApplicationContext: initialization completed in 2069 ms
2025-04-17 04:14:14.603 [traceId=] [main] INFO  c.a.d.s.b.a.DruidDataSourceAutoConfigure - Init DruidDataSource
2025-04-17 04:14:14.744 [traceId=] [main] INFO  c.alibaba.druid.pool.DruidDataSource - {dataSource-1} inited
2025-04-17 04:14:15.030 [traceId=] [main] INFO  com.sky.config.MinioConfiguration - 加载minio配置值：MinioProperties(endpoint=http://localhost:9000, accessKey=minioadmin, secretKey=minioadmin, bucketName=mybucket)
2025-04-17 04:14:15.297 [traceId=] [main] INFO  com.sky.config.WebMvcConfiguration - 开始注册自定义拦截器...
2025-04-17 04:14:16.457 [traceId=] [main] INFO  o.a.coyote.http11.Http11NioProtocol - Starting ProtocolHandler ["http-nio-8080"]
2025-04-17 04:14:16.480 [traceId=] [main] INFO  o.s.b.w.e.tomcat.TomcatWebServer - Tomcat started on port(s): 8080 (http) with context path ''
2025-04-17 04:14:16.881 [traceId=] [main] INFO  com.sky.SkyApplication - Started SkyApplication in 5.18 seconds (JVM running for 6.086)
2025-04-17 04:14:16.884 [traceId=] [main] INFO  com.sky.SkyApplication - server started
2025-04-17 04:14:34.899 [traceId=] [http-nio-8080-exec-3] INFO  o.a.c.c.C.[Tomcat].[localhost].[/] - Initializing Spring DispatcherServlet 'dispatcherServlet'
2025-04-17 04:14:34.900 [traceId=] [http-nio-8080-exec-3] INFO  o.s.web.servlet.DispatcherServlet - Initializing Servlet 'dispatcherServlet'
2025-04-17 04:14:34.902 [traceId=] [http-nio-8080-exec-3] INFO  o.s.web.servlet.DispatcherServlet - Completed initialization in 2 ms
2025-04-17 04:14:34.969 [traceId=eb8843defdd2491997cb3d5f9b26f561] [http-nio-8080-exec-4] WARN  o.s.web.servlet.PageNotFound - No mapping for GET /admin/shop/status
2025-04-17 04:14:34.989 [traceId=1f7e7cc708f34f1da0750d02273a36e1] [http-nio-8080-exec-1] WARN  o.s.web.servlet.PageNotFound - No mapping for GET /ws/dy93ta1cdim
2025-04-17 04:14:36.213 [traceId=79d15566269248d7a304a717c59e38fd] [http-nio-8080-exec-2] DEBUG c.s.mapper.EmployeeMapper.queryByOne - ==>  Preparing: select * from employee where id=?
2025-04-17 04:14:36.213 [traceId=ba89aa60d55c4aafb4380b1f576d55ae] [http-nio-8080-exec-3] DEBUG c.s.mapper.EmployeeMapper.queryByOne - ==>  Preparing: select * from employee where id=?
2025-04-17 04:14:36.300 [traceId=ba89aa60d55c4aafb4380b1f576d55ae] [http-nio-8080-exec-3] DEBUG c.s.mapper.EmployeeMapper.queryByOne - ==> Parameters: 1(Long)
2025-04-17 04:14:36.300 [traceId=79d15566269248d7a304a717c59e38fd] [http-nio-8080-exec-2] DEBUG c.s.mapper.EmployeeMapper.queryByOne - ==> Parameters: 1(Long)
2025-04-17 04:14:36.351 [traceId=79d15566269248d7a304a717c59e38fd] [http-nio-8080-exec-2] DEBUG c.s.mapper.EmployeeMapper.queryByOne - <==      Total: 1
2025-04-17 04:14:36.351 [traceId=ba89aa60d55c4aafb4380b1f576d55ae] [http-nio-8080-exec-3] DEBUG c.s.mapper.EmployeeMapper.queryByOne - <==      Total: 1
2025-04-17 04:14:36.370 [traceId=ba89aa60d55c4aafb4380b1f576d55ae] [http-nio-8080-exec-3] DEBUG com.sky.mapper.DishMapper.queryByOne - ==>  Preparing: select id, name, category_id, price, image, description, status, create_time, update_time, create_user, update_user from dish where id =?
2025-04-17 04:14:36.371 [traceId=ba89aa60d55c4aafb4380b1f576d55ae] [http-nio-8080-exec-3] DEBUG com.sky.mapper.DishMapper.queryByOne - ==> Parameters: 71(Long)
2025-04-17 04:14:36.376 [traceId=ba89aa60d55c4aafb4380b1f576d55ae] [http-nio-8080-exec-3] DEBUG com.sky.mapper.DishMapper.queryByOne - <==      Total: 1
2025-04-17 04:14:36.400 [traceId=79d15566269248d7a304a717c59e38fd] [http-nio-8080-exec-2] DEBUG com.sky.mapper.CategoryMapper.list - ==>  Preparing: select * from category where status = 1 and type = ? order by sort asc,create_time desc
2025-04-17 04:14:36.401 [traceId=79d15566269248d7a304a717c59e38fd] [http-nio-8080-exec-2] DEBUG com.sky.mapper.CategoryMapper.list - ==> Parameters: 1(Integer)
2025-04-17 04:14:36.410 [traceId=79d15566269248d7a304a717c59e38fd] [http-nio-8080-exec-2] DEBUG com.sky.mapper.CategoryMapper.list - <==      Total: 8
2025-04-17 04:14:39.850 [traceId=7f8d0d3dfd1c471f8a052c585efc3d49] [http-nio-8080-exec-6] WARN  o.s.web.servlet.PageNotFound - No mapping for GET /admin/shop/status
2025-04-17 04:14:39.850 [traceId=8647fa2deebe49dfa1d4d21e950eee44] [http-nio-8080-exec-8] WARN  o.s.web.servlet.PageNotFound - No mapping for GET /ws/3j45fj0a7yp
2025-04-17 04:14:39.851 [traceId=e18c4e3c52fc4e3d94c9b24db3b25896] [http-nio-8080-exec-5] DEBUG c.s.mapper.EmployeeMapper.queryByOne - ==>  Preparing: select * from employee where id=?
2025-04-17 04:14:39.851 [traceId=e18c4e3c52fc4e3d94c9b24db3b25896] [http-nio-8080-exec-5] DEBUG c.s.mapper.EmployeeMapper.queryByOne - ==> Parameters: 1(Long)
2025-04-17 04:14:39.852 [traceId=71986b2010274fdda63c745059ca6b36] [http-nio-8080-exec-7] DEBUG c.s.mapper.EmployeeMapper.queryByOne - ==>  Preparing: select * from employee where id=?
2025-04-17 04:14:39.852 [traceId=71986b2010274fdda63c745059ca6b36] [http-nio-8080-exec-7] DEBUG c.s.mapper.EmployeeMapper.queryByOne - ==> Parameters: 1(Long)
2025-04-17 04:14:39.854 [traceId=71986b2010274fdda63c745059ca6b36] [http-nio-8080-exec-7] DEBUG c.s.mapper.EmployeeMapper.queryByOne - <==      Total: 1
2025-04-17 04:14:39.854 [traceId=e18c4e3c52fc4e3d94c9b24db3b25896] [http-nio-8080-exec-5] DEBUG c.s.mapper.EmployeeMapper.queryByOne - <==      Total: 1
2025-04-17 04:14:39.855 [traceId=71986b2010274fdda63c745059ca6b36] [http-nio-8080-exec-7] DEBUG com.sky.mapper.DishMapper.queryByOne - ==>  Preparing: select id, name, category_id, price, image, description, status, create_time, update_time, create_user, update_user from dish where id =?
2025-04-17 04:14:39.855 [traceId=e18c4e3c52fc4e3d94c9b24db3b25896] [http-nio-8080-exec-5] DEBUG com.sky.mapper.CategoryMapper.list - ==>  Preparing: select * from category where status = 1 and type = ? order by sort asc,create_time desc
2025-04-17 04:14:39.856 [traceId=e18c4e3c52fc4e3d94c9b24db3b25896] [http-nio-8080-exec-5] DEBUG com.sky.mapper.CategoryMapper.list - ==> Parameters: 1(Integer)
2025-04-17 04:14:39.856 [traceId=71986b2010274fdda63c745059ca6b36] [http-nio-8080-exec-7] DEBUG com.sky.mapper.DishMapper.queryByOne - ==> Parameters: 71(Long)
2025-04-17 04:14:39.858 [traceId=71986b2010274fdda63c745059ca6b36] [http-nio-8080-exec-7] DEBUG com.sky.mapper.DishMapper.queryByOne - <==      Total: 1
2025-04-17 04:14:39.866 [traceId=e18c4e3c52fc4e3d94c9b24db3b25896] [http-nio-8080-exec-5] DEBUG com.sky.mapper.CategoryMapper.list - <==      Total: 8
2025-04-17 04:15:14.573 [traceId=af39d5df02034d519978ee400e6e29c5] [http-nio-8080-exec-1] DEBUG c.s.mapper.EmployeeMapper.queryByOne - ==>  Preparing: select * from employee where id=?
2025-04-17 04:15:14.573 [traceId=db4db7d11e2c45998da5fe66a08cc9c5] [http-nio-8080-exec-10] DEBUG c.s.mapper.EmployeeMapper.queryByOne - ==>  Preparing: select * from employee where id=?
2025-04-17 04:15:14.574 [traceId=db4db7d11e2c45998da5fe66a08cc9c5] [http-nio-8080-exec-10] DEBUG c.s.mapper.EmployeeMapper.queryByOne - ==> Parameters: 1(Long)
2025-04-17 04:15:14.574 [traceId=af39d5df02034d519978ee400e6e29c5] [http-nio-8080-exec-1] DEBUG c.s.mapper.EmployeeMapper.queryByOne - ==> Parameters: 1(Long)
2025-04-17 04:15:14.575 [traceId=db4db7d11e2c45998da5fe66a08cc9c5] [http-nio-8080-exec-10] DEBUG c.s.mapper.EmployeeMapper.queryByOne - <==      Total: 1
2025-04-17 04:15:14.575 [traceId=af39d5df02034d519978ee400e6e29c5] [http-nio-8080-exec-1] DEBUG c.s.mapper.EmployeeMapper.queryByOne - <==      Total: 1
2025-04-17 04:15:14.578 [traceId=af39d5df02034d519978ee400e6e29c5] [http-nio-8080-exec-1] DEBUG com.sky.mapper.CategoryMapper.list - ==>  Preparing: select * from category where status = 1 and type = ? order by sort asc,create_time desc
2025-04-17 04:15:14.580 [traceId=af39d5df02034d519978ee400e6e29c5] [http-nio-8080-exec-1] DEBUG com.sky.mapper.CategoryMapper.list - ==> Parameters: 1(Integer)
2025-04-17 04:15:14.584 [traceId=af39d5df02034d519978ee400e6e29c5] [http-nio-8080-exec-1] DEBUG com.sky.mapper.CategoryMapper.list - <==      Total: 8
2025-04-17 04:15:14.646 [traceId=db4db7d11e2c45998da5fe66a08cc9c5] [http-nio-8080-exec-10] DEBUG c.sky.mapper.DishMapper.query_COUNT - ==>  Preparing: SELECT count(0) FROM dish
2025-04-17 04:15:14.647 [traceId=db4db7d11e2c45998da5fe66a08cc9c5] [http-nio-8080-exec-10] DEBUG c.sky.mapper.DishMapper.query_COUNT - ==> Parameters: 
2025-04-17 04:15:14.648 [traceId=db4db7d11e2c45998da5fe66a08cc9c5] [http-nio-8080-exec-10] DEBUG c.sky.mapper.DishMapper.query_COUNT - <==      Total: 1
2025-04-17 04:15:14.651 [traceId=db4db7d11e2c45998da5fe66a08cc9c5] [http-nio-8080-exec-10] DEBUG com.sky.mapper.DishMapper.query - ==>  Preparing: select id, name, category_id, price, image, description, status, create_time, update_time, create_user, update_user from dish order by create_time desc LIMIT ?
2025-04-17 04:15:14.652 [traceId=db4db7d11e2c45998da5fe66a08cc9c5] [http-nio-8080-exec-10] DEBUG com.sky.mapper.DishMapper.query - ==> Parameters: 10(Integer)
2025-04-17 04:15:14.654 [traceId=db4db7d11e2c45998da5fe66a08cc9c5] [http-nio-8080-exec-10] DEBUG com.sky.mapper.DishMapper.query - <==      Total: 10
2025-04-17 04:15:20.746 [traceId=3ffd7ab416384014a851ddefd0bef4bb] [http-nio-8080-exec-4] DEBUG c.s.mapper.EmployeeMapper.queryByOne - ==>  Preparing: select * from employee where id=?
2025-04-17 04:15:20.746 [traceId=addbebed29444104b7254fce15b03f60] [http-nio-8080-exec-3] DEBUG c.s.mapper.EmployeeMapper.queryByOne - ==>  Preparing: select * from employee where id=?
2025-04-17 04:15:20.746 [traceId=addbebed29444104b7254fce15b03f60] [http-nio-8080-exec-3] DEBUG c.s.mapper.EmployeeMapper.queryByOne - ==> Parameters: 1(Long)
2025-04-17 04:15:20.746 [traceId=3ffd7ab416384014a851ddefd0bef4bb] [http-nio-8080-exec-4] DEBUG c.s.mapper.EmployeeMapper.queryByOne - ==> Parameters: 1(Long)
2025-04-17 04:15:20.748 [traceId=addbebed29444104b7254fce15b03f60] [http-nio-8080-exec-3] DEBUG c.s.mapper.EmployeeMapper.queryByOne - <==      Total: 1
2025-04-17 04:15:20.749 [traceId=3ffd7ab416384014a851ddefd0bef4bb] [http-nio-8080-exec-4] DEBUG c.s.mapper.EmployeeMapper.queryByOne - <==      Total: 1
2025-04-17 04:15:20.749 [traceId=addbebed29444104b7254fce15b03f60] [http-nio-8080-exec-3] DEBUG com.sky.mapper.CategoryMapper.list - ==>  Preparing: select * from category where status = 1 and type = ? order by sort asc,create_time desc
2025-04-17 04:15:28.110 [traceId=addbebed29444104b7254fce15b03f60] [http-nio-8080-exec-3] DEBUG com.sky.mapper.CategoryMapper.list - ==> Parameters: 1(Integer)
2025-04-17 04:15:28.110 [traceId=3ffd7ab416384014a851ddefd0bef4bb] [http-nio-8080-exec-4] DEBUG com.sky.mapper.DishMapper.queryByOne - ==>  Preparing: select id, name, category_id, price, image, description, status, create_time, update_time, create_user, update_user from dish where id =?
2025-04-17 04:15:28.111 [traceId=3ffd7ab416384014a851ddefd0bef4bb] [http-nio-8080-exec-4] DEBUG com.sky.mapper.DishMapper.queryByOne - ==> Parameters: 71(Long)
2025-04-17 04:15:28.116 [traceId=addbebed29444104b7254fce15b03f60] [http-nio-8080-exec-3] DEBUG com.sky.mapper.CategoryMapper.list - <==      Total: 8
2025-04-17 04:15:28.119 [traceId=3ffd7ab416384014a851ddefd0bef4bb] [http-nio-8080-exec-4] DEBUG com.sky.mapper.DishMapper.queryByOne - <==      Total: 1
2025-04-17 04:15:52.019 [traceId=581662c7807f4e2c8b0079cd7d3aa656] [http-nio-8080-exec-2] DEBUG c.s.mapper.EmployeeMapper.queryByOne - ==>  Preparing: select * from employee where id=?
2025-04-17 04:15:52.020 [traceId=581662c7807f4e2c8b0079cd7d3aa656] [http-nio-8080-exec-2] DEBUG c.s.mapper.EmployeeMapper.queryByOne - ==> Parameters: 1(Long)
2025-04-17 04:15:52.024 [traceId=581662c7807f4e2c8b0079cd7d3aa656] [http-nio-8080-exec-2] DEBUG c.s.mapper.EmployeeMapper.queryByOne - <==      Total: 1
2025-04-17 04:15:52.028 [traceId=581662c7807f4e2c8b0079cd7d3aa656] [http-nio-8080-exec-2] DEBUG c.sky.mapper.DishMapper.query_COUNT - ==>  Preparing: SELECT count(0) FROM dish
2025-04-17 04:15:52.029 [traceId=581662c7807f4e2c8b0079cd7d3aa656] [http-nio-8080-exec-2] DEBUG c.sky.mapper.DishMapper.query_COUNT - ==> Parameters: 
2025-04-17 04:15:52.031 [traceId=ae9b42193e1c40e5906a87a394efffc3] [http-nio-8080-exec-8] DEBUG c.s.mapper.EmployeeMapper.queryByOne - ==>  Preparing: select * from employee where id=?
2025-04-17 04:15:52.031 [traceId=ae9b42193e1c40e5906a87a394efffc3] [http-nio-8080-exec-8] DEBUG c.s.mapper.EmployeeMapper.queryByOne - ==> Parameters: 1(Long)
2025-04-17 04:15:52.032 [traceId=581662c7807f4e2c8b0079cd7d3aa656] [http-nio-8080-exec-2] DEBUG c.sky.mapper.DishMapper.query_COUNT - <==      Total: 1
2025-04-17 04:15:52.033 [traceId=581662c7807f4e2c8b0079cd7d3aa656] [http-nio-8080-exec-2] DEBUG com.sky.mapper.DishMapper.query - ==>  Preparing: select id, name, category_id, price, image, description, status, create_time, update_time, create_user, update_user from dish order by create_time desc LIMIT ?
2025-04-17 04:15:52.033 [traceId=581662c7807f4e2c8b0079cd7d3aa656] [http-nio-8080-exec-2] DEBUG com.sky.mapper.DishMapper.query - ==> Parameters: 10(Integer)
2025-04-17 04:15:52.034 [traceId=ae9b42193e1c40e5906a87a394efffc3] [http-nio-8080-exec-8] DEBUG c.s.mapper.EmployeeMapper.queryByOne - <==      Total: 1
2025-04-17 04:15:52.037 [traceId=ae9b42193e1c40e5906a87a394efffc3] [http-nio-8080-exec-8] DEBUG com.sky.mapper.CategoryMapper.list - ==>  Preparing: select * from category where status = 1 and type = ? order by sort asc,create_time desc
2025-04-17 04:15:52.038 [traceId=ae9b42193e1c40e5906a87a394efffc3] [http-nio-8080-exec-8] DEBUG com.sky.mapper.CategoryMapper.list - ==> Parameters: 1(Integer)
2025-04-17 04:15:52.042 [traceId=ae9b42193e1c40e5906a87a394efffc3] [http-nio-8080-exec-8] DEBUG com.sky.mapper.CategoryMapper.list - <==      Total: 8
2025-04-17 04:15:52.044 [traceId=581662c7807f4e2c8b0079cd7d3aa656] [http-nio-8080-exec-2] DEBUG com.sky.mapper.DishMapper.query - <==      Total: 10
2025-04-17 04:15:56.415 [traceId=46db7926900a472e87cc77e315b149f1] [http-nio-8080-exec-6] DEBUG c.s.mapper.EmployeeMapper.queryByOne - ==>  Preparing: select * from employee where id=?
2025-04-17 04:15:56.415 [traceId=913594f1791c4af9bf57c34395026a1d] [http-nio-8080-exec-7] DEBUG c.s.mapper.EmployeeMapper.queryByOne - ==>  Preparing: select * from employee where id=?
2025-04-17 04:15:56.415 [traceId=46db7926900a472e87cc77e315b149f1] [http-nio-8080-exec-6] DEBUG c.s.mapper.EmployeeMapper.queryByOne - ==> Parameters: 1(Long)
2025-04-17 04:15:56.415 [traceId=913594f1791c4af9bf57c34395026a1d] [http-nio-8080-exec-7] DEBUG c.s.mapper.EmployeeMapper.queryByOne - ==> Parameters: 1(Long)
2025-04-17 04:15:56.417 [traceId=46db7926900a472e87cc77e315b149f1] [http-nio-8080-exec-6] DEBUG c.s.mapper.EmployeeMapper.queryByOne - <==      Total: 1
2025-04-17 04:15:56.417 [traceId=913594f1791c4af9bf57c34395026a1d] [http-nio-8080-exec-7] DEBUG c.s.mapper.EmployeeMapper.queryByOne - <==      Total: 1
2025-04-17 04:15:59.780 [traceId=46db7926900a472e87cc77e315b149f1] [http-nio-8080-exec-6] DEBUG com.sky.mapper.CategoryMapper.list - ==>  Preparing: select * from category where status = 1 and type = ? order by sort asc,create_time desc
2025-04-17 04:15:59.781 [traceId=46db7926900a472e87cc77e315b149f1] [http-nio-8080-exec-6] DEBUG com.sky.mapper.CategoryMapper.list - ==> Parameters: 1(Integer)
2025-04-17 04:15:59.784 [traceId=46db7926900a472e87cc77e315b149f1] [http-nio-8080-exec-6] DEBUG com.sky.mapper.CategoryMapper.list - <==      Total: 8
2025-04-17 04:15:59.785 [traceId=913594f1791c4af9bf57c34395026a1d] [http-nio-8080-exec-7] DEBUG com.sky.mapper.DishMapper.queryByOne - ==>  Preparing: select id, name, category_id, price, image, description, status, create_time, update_time, create_user, update_user from dish where id =?
2025-04-17 04:15:59.785 [traceId=913594f1791c4af9bf57c34395026a1d] [http-nio-8080-exec-7] DEBUG com.sky.mapper.DishMapper.queryByOne - ==> Parameters: 71(Long)
2025-04-17 04:15:59.786 [traceId=913594f1791c4af9bf57c34395026a1d] [http-nio-8080-exec-7] DEBUG com.sky.mapper.DishMapper.queryByOne - <==      Total: 1
2025-04-17 04:16:07.879 [traceId=8384f50024164883b7bae7ffe278dd10] [http-nio-8080-exec-5] DEBUG c.s.mapper.EmployeeMapper.queryByOne - ==>  Preparing: select * from employee where id=?
2025-04-17 04:16:07.879 [traceId=4f471c059fc04aedb7895a575fb96eb9] [http-nio-8080-exec-9] DEBUG c.s.mapper.EmployeeMapper.queryByOne - ==>  Preparing: select * from employee where id=?
2025-04-17 04:16:07.880 [traceId=8384f50024164883b7bae7ffe278dd10] [http-nio-8080-exec-5] DEBUG c.s.mapper.EmployeeMapper.queryByOne - ==> Parameters: 1(Long)
2025-04-17 04:16:07.880 [traceId=4f471c059fc04aedb7895a575fb96eb9] [http-nio-8080-exec-9] DEBUG c.s.mapper.EmployeeMapper.queryByOne - ==> Parameters: 1(Long)
2025-04-17 04:16:07.881 [traceId=4f471c059fc04aedb7895a575fb96eb9] [http-nio-8080-exec-9] DEBUG c.s.mapper.EmployeeMapper.queryByOne - <==      Total: 1
2025-04-17 04:16:07.881 [traceId=8384f50024164883b7bae7ffe278dd10] [http-nio-8080-exec-5] DEBUG c.s.mapper.EmployeeMapper.queryByOne - <==      Total: 1
2025-04-17 04:16:07.882 [traceId=8384f50024164883b7bae7ffe278dd10] [http-nio-8080-exec-5] DEBUG com.sky.mapper.CategoryMapper.list - ==>  Preparing: select * from category where status = 1 and type = ? order by sort asc,create_time desc
2025-04-17 04:16:07.883 [traceId=8384f50024164883b7bae7ffe278dd10] [http-nio-8080-exec-5] DEBUG com.sky.mapper.CategoryMapper.list - ==> Parameters: 1(Integer)
2025-04-17 04:16:07.884 [traceId=4f471c059fc04aedb7895a575fb96eb9] [http-nio-8080-exec-9] DEBUG c.sky.mapper.DishMapper.query_COUNT - ==>  Preparing: SELECT count(0) FROM dish
2025-04-17 04:16:07.885 [traceId=4f471c059fc04aedb7895a575fb96eb9] [http-nio-8080-exec-9] DEBUG c.sky.mapper.DishMapper.query_COUNT - ==> Parameters: 
2025-04-17 04:16:07.885 [traceId=8384f50024164883b7bae7ffe278dd10] [http-nio-8080-exec-5] DEBUG com.sky.mapper.CategoryMapper.list - <==      Total: 8
2025-04-17 04:16:07.885 [traceId=4f471c059fc04aedb7895a575fb96eb9] [http-nio-8080-exec-9] DEBUG c.sky.mapper.DishMapper.query_COUNT - <==      Total: 1
2025-04-17 04:16:07.886 [traceId=4f471c059fc04aedb7895a575fb96eb9] [http-nio-8080-exec-9] DEBUG com.sky.mapper.DishMapper.query - ==>  Preparing: select id, name, category_id, price, image, description, status, create_time, update_time, create_user, update_user from dish order by create_time desc LIMIT ?
2025-04-17 04:16:07.886 [traceId=4f471c059fc04aedb7895a575fb96eb9] [http-nio-8080-exec-9] DEBUG com.sky.mapper.DishMapper.query - ==> Parameters: 10(Integer)
2025-04-17 04:16:07.894 [traceId=4f471c059fc04aedb7895a575fb96eb9] [http-nio-8080-exec-9] DEBUG com.sky.mapper.DishMapper.query - <==      Total: 10
2025-04-17 04:16:10.526 [traceId=42280f29fdf4452ca6519bd6e593a2e2] [http-nio-8080-exec-1] DEBUG c.s.mapper.EmployeeMapper.queryByOne - ==>  Preparing: select * from employee where id=?
2025-04-17 04:16:10.527 [traceId=42280f29fdf4452ca6519bd6e593a2e2] [http-nio-8080-exec-1] DEBUG c.s.mapper.EmployeeMapper.queryByOne - ==> Parameters: 1(Long)
2025-04-17 04:16:10.528 [traceId=42280f29fdf4452ca6519bd6e593a2e2] [http-nio-8080-exec-1] DEBUG c.s.mapper.EmployeeMapper.queryByOne - <==      Total: 1
2025-04-17 04:16:10.529 [traceId=42280f29fdf4452ca6519bd6e593a2e2] [http-nio-8080-exec-1] DEBUG com.sky.mapper.CategoryMapper.list - ==>  Preparing: select * from category where status = 1 and type = ? order by sort asc,create_time desc
2025-04-17 04:16:10.529 [traceId=42280f29fdf4452ca6519bd6e593a2e2] [http-nio-8080-exec-1] DEBUG com.sky.mapper.CategoryMapper.list - ==> Parameters: 1(Integer)
2025-04-17 04:16:10.532 [traceId=42280f29fdf4452ca6519bd6e593a2e2] [http-nio-8080-exec-1] DEBUG com.sky.mapper.CategoryMapper.list - <==      Total: 8
2025-04-17 04:16:12.578 [traceId=23f3350871e0412b8eb60ad1e0a26f45] [http-nio-8080-exec-10] DEBUG c.s.mapper.EmployeeMapper.queryByOne - ==>  Preparing: select * from employee where id=?
2025-04-17 04:16:12.578 [traceId=21b8e92d78134ca180c6a4a14845a7c5] [http-nio-8080-exec-3] DEBUG c.s.mapper.EmployeeMapper.queryByOne - ==>  Preparing: select * from employee where id=?
2025-04-17 04:16:12.578 [traceId=23f3350871e0412b8eb60ad1e0a26f45] [http-nio-8080-exec-10] DEBUG c.s.mapper.EmployeeMapper.queryByOne - ==> Parameters: 1(Long)
2025-04-17 04:16:12.578 [traceId=21b8e92d78134ca180c6a4a14845a7c5] [http-nio-8080-exec-3] DEBUG c.s.mapper.EmployeeMapper.queryByOne - ==> Parameters: 1(Long)
2025-04-17 04:16:12.580 [traceId=21b8e92d78134ca180c6a4a14845a7c5] [http-nio-8080-exec-3] DEBUG c.s.mapper.EmployeeMapper.queryByOne - <==      Total: 1
2025-04-17 04:16:12.581 [traceId=21b8e92d78134ca180c6a4a14845a7c5] [http-nio-8080-exec-3] DEBUG com.sky.mapper.CategoryMapper.list - ==>  Preparing: select * from category where status = 1 and type = ? order by sort asc,create_time desc
2025-04-17 04:16:12.582 [traceId=23f3350871e0412b8eb60ad1e0a26f45] [http-nio-8080-exec-10] DEBUG c.s.mapper.EmployeeMapper.queryByOne - <==      Total: 1
2025-04-17 04:16:12.582 [traceId=21b8e92d78134ca180c6a4a14845a7c5] [http-nio-8080-exec-3] DEBUG com.sky.mapper.CategoryMapper.list - ==> Parameters: 1(Integer)
2025-04-17 04:16:12.587 [traceId=23f3350871e0412b8eb60ad1e0a26f45] [http-nio-8080-exec-10] DEBUG c.sky.mapper.DishMapper.query_COUNT - ==>  Preparing: SELECT count(0) FROM dish
2025-04-17 04:16:12.587 [traceId=23f3350871e0412b8eb60ad1e0a26f45] [http-nio-8080-exec-10] DEBUG c.sky.mapper.DishMapper.query_COUNT - ==> Parameters: 
2025-04-17 04:16:12.588 [traceId=21b8e92d78134ca180c6a4a14845a7c5] [http-nio-8080-exec-3] DEBUG com.sky.mapper.CategoryMapper.list - <==      Total: 8
2025-04-17 04:16:12.591 [traceId=23f3350871e0412b8eb60ad1e0a26f45] [http-nio-8080-exec-10] DEBUG c.sky.mapper.DishMapper.query_COUNT - <==      Total: 1
2025-04-17 04:16:12.591 [traceId=23f3350871e0412b8eb60ad1e0a26f45] [http-nio-8080-exec-10] DEBUG com.sky.mapper.DishMapper.query - ==>  Preparing: select id, name, category_id, price, image, description, status, create_time, update_time, create_user, update_user from dish order by create_time desc LIMIT ?
2025-04-17 04:16:12.592 [traceId=23f3350871e0412b8eb60ad1e0a26f45] [http-nio-8080-exec-10] DEBUG com.sky.mapper.DishMapper.query - ==> Parameters: 10(Integer)
2025-04-17 04:16:12.596 [traceId=23f3350871e0412b8eb60ad1e0a26f45] [http-nio-8080-exec-10] DEBUG com.sky.mapper.DishMapper.query - <==      Total: 10
2025-04-17 04:16:15.598 [traceId=602af47e5a2f430381b8b5d04bb2015b] [http-nio-8080-exec-8] DEBUG c.s.mapper.EmployeeMapper.queryByOne - ==>  Preparing: select * from employee where id=?
2025-04-17 04:16:15.599 [traceId=d08544da6592466ab225bed1447c7738] [http-nio-8080-exec-4] DEBUG c.s.mapper.EmployeeMapper.queryByOne - ==>  Preparing: select * from employee where id=?
2025-04-17 04:16:15.599 [traceId=d08544da6592466ab225bed1447c7738] [http-nio-8080-exec-4] DEBUG c.s.mapper.EmployeeMapper.queryByOne - ==> Parameters: 1(Long)
2025-04-17 04:16:15.599 [traceId=602af47e5a2f430381b8b5d04bb2015b] [http-nio-8080-exec-8] DEBUG c.s.mapper.EmployeeMapper.queryByOne - ==> Parameters: 1(Long)
2025-04-17 04:16:15.601 [traceId=602af47e5a2f430381b8b5d04bb2015b] [http-nio-8080-exec-8] DEBUG c.s.mapper.EmployeeMapper.queryByOne - <==      Total: 1
2025-04-17 04:16:15.602 [traceId=d08544da6592466ab225bed1447c7738] [http-nio-8080-exec-4] DEBUG c.s.mapper.EmployeeMapper.queryByOne - <==      Total: 1
2025-04-17 04:16:15.603 [traceId=602af47e5a2f430381b8b5d04bb2015b] [http-nio-8080-exec-8] DEBUG com.sky.mapper.CategoryMapper.list - ==>  Preparing: select * from category where status = 1 and type = ? order by sort asc,create_time desc
2025-04-17 04:16:17.693 [traceId=602af47e5a2f430381b8b5d04bb2015b] [http-nio-8080-exec-8] DEBUG com.sky.mapper.CategoryMapper.list - ==> Parameters: 1(Integer)
2025-04-17 04:16:17.696 [traceId=602af47e5a2f430381b8b5d04bb2015b] [http-nio-8080-exec-8] DEBUG com.sky.mapper.CategoryMapper.list - <==      Total: 8
2025-04-17 04:16:17.696 [traceId=d08544da6592466ab225bed1447c7738] [http-nio-8080-exec-4] DEBUG com.sky.mapper.DishMapper.queryByOne - ==>  Preparing: select id, name, category_id, price, image, description, status, create_time, update_time, create_user, update_user from dish where id =?
2025-04-17 04:16:17.696 [traceId=d08544da6592466ab225bed1447c7738] [http-nio-8080-exec-4] DEBUG com.sky.mapper.DishMapper.queryByOne - ==> Parameters: 67(Long)
2025-04-17 04:16:17.698 [traceId=d08544da6592466ab225bed1447c7738] [http-nio-8080-exec-4] DEBUG com.sky.mapper.DishMapper.queryByOne - <==      Total: 1
2025-04-17 04:16:20.623 [traceId=e45fcef4dff4440fadb9b159b6c79832] [http-nio-8080-exec-6] DEBUG c.s.mapper.EmployeeMapper.queryByOne - ==>  Preparing: select * from employee where id=?
2025-04-17 04:16:20.623 [traceId=e9d00b3472314fa283e19fafff09a2ec] [http-nio-8080-exec-2] DEBUG c.s.mapper.EmployeeMapper.queryByOne - ==>  Preparing: select * from employee where id=?
2025-04-17 04:16:20.623 [traceId=e9d00b3472314fa283e19fafff09a2ec] [http-nio-8080-exec-2] DEBUG c.s.mapper.EmployeeMapper.queryByOne - ==> Parameters: 1(Long)
2025-04-17 04:16:20.623 [traceId=e45fcef4dff4440fadb9b159b6c79832] [http-nio-8080-exec-6] DEBUG c.s.mapper.EmployeeMapper.queryByOne - ==> Parameters: 1(Long)
2025-04-17 04:16:20.624 [traceId=e9d00b3472314fa283e19fafff09a2ec] [http-nio-8080-exec-2] DEBUG c.s.mapper.EmployeeMapper.queryByOne - <==      Total: 1
2025-04-17 04:16:20.624 [traceId=e45fcef4dff4440fadb9b159b6c79832] [http-nio-8080-exec-6] DEBUG c.s.mapper.EmployeeMapper.queryByOne - <==      Total: 1
2025-04-17 04:16:20.627 [traceId=e45fcef4dff4440fadb9b159b6c79832] [http-nio-8080-exec-6] DEBUG com.sky.mapper.CategoryMapper.list - ==>  Preparing: select * from category where status = 1 and type = ? order by sort asc,create_time desc
2025-04-17 04:16:20.628 [traceId=e45fcef4dff4440fadb9b159b6c79832] [http-nio-8080-exec-6] DEBUG com.sky.mapper.CategoryMapper.list - ==> Parameters: 1(Integer)
2025-04-17 04:16:20.629 [traceId=e9d00b3472314fa283e19fafff09a2ec] [http-nio-8080-exec-2] DEBUG c.sky.mapper.DishMapper.query_COUNT - ==>  Preparing: SELECT count(0) FROM dish
2025-04-17 04:16:20.630 [traceId=e9d00b3472314fa283e19fafff09a2ec] [http-nio-8080-exec-2] DEBUG c.sky.mapper.DishMapper.query_COUNT - ==> Parameters: 
2025-04-17 04:16:20.630 [traceId=e45fcef4dff4440fadb9b159b6c79832] [http-nio-8080-exec-6] DEBUG com.sky.mapper.CategoryMapper.list - <==      Total: 8
2025-04-17 04:16:20.630 [traceId=e9d00b3472314fa283e19fafff09a2ec] [http-nio-8080-exec-2] DEBUG c.sky.mapper.DishMapper.query_COUNT - <==      Total: 1
2025-04-17 04:16:20.631 [traceId=e9d00b3472314fa283e19fafff09a2ec] [http-nio-8080-exec-2] DEBUG com.sky.mapper.DishMapper.query - ==>  Preparing: select id, name, category_id, price, image, description, status, create_time, update_time, create_user, update_user from dish order by create_time desc LIMIT ?
2025-04-17 04:16:20.631 [traceId=e9d00b3472314fa283e19fafff09a2ec] [http-nio-8080-exec-2] DEBUG com.sky.mapper.DishMapper.query - ==> Parameters: 10(Integer)
2025-04-17 04:16:20.635 [traceId=e9d00b3472314fa283e19fafff09a2ec] [http-nio-8080-exec-2] DEBUG com.sky.mapper.DishMapper.query - <==      Total: 10
2025-04-17 04:30:21.104 [traceId=] [SpringApplicationShutdownHook] INFO  c.alibaba.druid.pool.DruidDataSource - {dataSource-1} closing ...
2025-04-17 04:30:21.204 [traceId=] [SpringApplicationShutdownHook] INFO  c.alibaba.druid.pool.DruidDataSource - {dataSource-1} closed
2025-04-17 04:30:27.323 [traceId=] [main] INFO  com.sky.SkyApplication - Starting SkyApplication using Java 17.0.12 on 192.168.0.100 with PID 73366 (/Users/zry/Desktop/sky-out/sky-server/target/classes started by zry in /Users/zry/Desktop/sky-out)
2025-04-17 04:30:27.325 [traceId=] [main] INFO  com.sky.SkyApplication - The following 1 profile is active: "dev"
2025-04-17 04:30:28.485 [traceId=] [main] INFO  o.s.d.r.c.RepositoryConfigurationDelegate - Multiple Spring Data modules found, entering strict repository configuration mode
2025-04-17 04:30:28.489 [traceId=] [main] INFO  o.s.d.r.c.RepositoryConfigurationDelegate - Bootstrapping Spring Data Redis repositories in DEFAULT mode.
2025-04-17 04:30:28.532 [traceId=] [main] INFO  o.s.d.r.c.RepositoryConfigurationDelegate - Finished Spring Data repository scanning in 29 ms. Found 0 Redis repository interfaces.
2025-04-17 04:30:29.436 [traceId=] [main] INFO  o.s.b.w.e.tomcat.TomcatWebServer - Tomcat initialized with port(s): 8080 (http)
2025-04-17 04:30:29.446 [traceId=] [main] INFO  o.a.coyote.http11.Http11NioProtocol - Initializing ProtocolHandler ["http-nio-8080"]
2025-04-17 04:30:29.447 [traceId=] [main] INFO  o.a.catalina.core.StandardService - Starting service [Tomcat]
2025-04-17 04:30:29.447 [traceId=] [main] INFO  o.a.catalina.core.StandardEngine - Starting Servlet engine: [Apache Tomcat/9.0.65]
2025-04-17 04:30:29.566 [traceId=] [main] INFO  o.a.c.c.C.[Tomcat].[localhost].[/] - Initializing Spring embedded WebApplicationContext
2025-04-17 04:30:29.567 [traceId=] [main] INFO  o.s.b.w.s.c.ServletWebServerApplicationContext - Root WebApplicationContext: initialization completed in 2179 ms
2025-04-17 04:30:29.708 [traceId=] [main] INFO  c.a.d.s.b.a.DruidDataSourceAutoConfigure - Init DruidDataSource
2025-04-17 04:30:29.869 [traceId=] [main] INFO  c.alibaba.druid.pool.DruidDataSource - {dataSource-1} inited
2025-04-17 04:30:30.190 [traceId=] [main] INFO  com.sky.config.MinioConfiguration - 加载minio配置值：MinioProperties(endpoint=http://localhost:9000, accessKey=minioadmin, secretKey=minioadmin, bucketName=mybucket)
2025-04-17 04:30:30.485 [traceId=] [main] INFO  com.sky.config.WebMvcConfiguration - 开始注册自定义拦截器...
2025-04-17 04:30:31.541 [traceId=] [main] INFO  o.a.coyote.http11.Http11NioProtocol - Starting ProtocolHandler ["http-nio-8080"]
2025-04-17 04:30:31.566 [traceId=] [main] INFO  o.s.b.w.e.tomcat.TomcatWebServer - Tomcat started on port(s): 8080 (http) with context path ''
2025-04-17 04:30:31.919 [traceId=] [main] INFO  com.sky.SkyApplication - Started SkyApplication in 5.405 seconds (JVM running for 6.97)
2025-04-17 04:30:31.923 [traceId=] [main] INFO  com.sky.SkyApplication - server started
2025-04-17 04:40:34.874 [traceId=] [SpringApplicationShutdownHook] INFO  c.alibaba.druid.pool.DruidDataSource - {dataSource-1} closing ...
2025-04-17 04:40:34.879 [traceId=] [SpringApplicationShutdownHook] INFO  c.alibaba.druid.pool.DruidDataSource - {dataSource-1} closed
2025-04-17 04:40:39.712 [traceId=] [main] INFO  com.sky.SkyApplication - Starting SkyApplication using Java 17.0.12 on 192.168.0.100 with PID 78542 (/Users/zry/Desktop/sky-out/sky-server/target/classes started by zry in /Users/zry/Desktop/sky-out)
2025-04-17 04:40:39.714 [traceId=] [main] INFO  com.sky.SkyApplication - The following 1 profile is active: "dev"
2025-04-17 04:40:40.952 [traceId=] [main] INFO  o.s.d.r.c.RepositoryConfigurationDelegate - Multiple Spring Data modules found, entering strict repository configuration mode
2025-04-17 04:40:40.965 [traceId=] [main] INFO  o.s.d.r.c.RepositoryConfigurationDelegate - Bootstrapping Spring Data Redis repositories in DEFAULT mode.
2025-04-17 04:40:41.046 [traceId=] [main] INFO  o.s.d.r.c.RepositoryConfigurationDelegate - Finished Spring Data repository scanning in 42 ms. Found 0 Redis repository interfaces.
2025-04-17 04:40:42.395 [traceId=] [main] INFO  o.s.b.w.e.tomcat.TomcatWebServer - Tomcat initialized with port(s): 8080 (http)
2025-04-17 04:40:42.404 [traceId=] [main] INFO  o.a.coyote.http11.Http11NioProtocol - Initializing ProtocolHandler ["http-nio-8080"]
2025-04-17 04:40:42.405 [traceId=] [main] INFO  o.a.catalina.core.StandardService - Starting service [Tomcat]
2025-04-17 04:40:42.405 [traceId=] [main] INFO  o.a.catalina.core.StandardEngine - Starting Servlet engine: [Apache Tomcat/9.0.65]
2025-04-17 04:40:42.519 [traceId=] [main] INFO  o.a.c.c.C.[Tomcat].[localhost].[/] - Initializing Spring embedded WebApplicationContext
2025-04-17 04:40:42.519 [traceId=] [main] INFO  o.s.b.w.s.c.ServletWebServerApplicationContext - Root WebApplicationContext: initialization completed in 2749 ms
2025-04-17 04:40:42.684 [traceId=] [main] INFO  c.a.d.s.b.a.DruidDataSourceAutoConfigure - Init DruidDataSource
2025-04-17 04:40:42.871 [traceId=] [main] INFO  c.alibaba.druid.pool.DruidDataSource - {dataSource-1} inited
2025-04-17 04:40:43.171 [traceId=] [main] INFO  com.sky.config.MinioConfiguration - 加载minio配置值：MinioProperties(endpoint=http://localhost:9000, accessKey=minioadmin, secretKey=minioadmin, bucketName=mybucket)
2025-04-17 04:40:43.437 [traceId=] [main] INFO  com.sky.config.WebMvcConfiguration - 开始注册自定义拦截器...
2025-04-17 04:40:44.456 [traceId=] [main] INFO  o.a.coyote.http11.Http11NioProtocol - Starting ProtocolHandler ["http-nio-8080"]
2025-04-17 04:40:44.476 [traceId=] [main] INFO  o.s.b.w.e.tomcat.TomcatWebServer - Tomcat started on port(s): 8080 (http) with context path ''
2025-04-17 04:40:44.809 [traceId=] [main] INFO  com.sky.SkyApplication - Started SkyApplication in 5.872 seconds (JVM running for 6.67)
2025-04-17 04:40:44.812 [traceId=] [main] INFO  com.sky.SkyApplication - server started
2025-04-17 04:40:56.413 [traceId=] [http-nio-8080-exec-2] INFO  o.a.c.c.C.[Tomcat].[localhost].[/] - Initializing Spring DispatcherServlet 'dispatcherServlet'
2025-04-17 04:40:56.414 [traceId=] [http-nio-8080-exec-2] INFO  o.s.web.servlet.DispatcherServlet - Initializing Servlet 'dispatcherServlet'
2025-04-17 04:40:56.416 [traceId=] [http-nio-8080-exec-2] INFO  o.s.web.servlet.DispatcherServlet - Completed initialization in 2 ms
2025-04-17 04:40:56.447 [traceId=472cc10d729a4024825f40a735c989a5] [http-nio-8080-exec-1] WARN  o.s.web.servlet.PageNotFound - No mapping for GET /ws/716w7afnt9y
2025-04-17 04:40:56.454 [traceId=6b1f6bcf2ab741dea55f9c7b6502bf27] [http-nio-8080-exec-4] WARN  o.s.web.servlet.PageNotFound - No mapping for GET /admin/shop/status
2025-04-17 04:40:57.786 [traceId=7b2b036e410d43aca5643fe01dceebd3] [http-nio-8080-exec-2] DEBUG c.s.mapper.EmployeeMapper.queryByOne - ==>  Preparing: select * from employee where id=?
2025-04-17 04:40:57.786 [traceId=aa2f6503e9e640eaa5637323770a0394] [http-nio-8080-exec-3] DEBUG c.s.mapper.EmployeeMapper.queryByOne - ==>  Preparing: select * from employee where id=?
2025-04-17 04:40:57.962 [traceId=aa2f6503e9e640eaa5637323770a0394] [http-nio-8080-exec-3] DEBUG c.s.mapper.EmployeeMapper.queryByOne - ==> Parameters: 1(Long)
2025-04-17 04:40:57.962 [traceId=7b2b036e410d43aca5643fe01dceebd3] [http-nio-8080-exec-2] DEBUG c.s.mapper.EmployeeMapper.queryByOne - ==> Parameters: 1(Long)
2025-04-17 04:40:58.018 [traceId=aa2f6503e9e640eaa5637323770a0394] [http-nio-8080-exec-3] DEBUG c.s.mapper.EmployeeMapper.queryByOne - <==      Total: 1
2025-04-17 04:40:58.019 [traceId=7b2b036e410d43aca5643fe01dceebd3] [http-nio-8080-exec-2] DEBUG c.s.mapper.EmployeeMapper.queryByOne - <==      Total: 1
2025-04-17 04:40:58.080 [traceId=aa2f6503e9e640eaa5637323770a0394] [http-nio-8080-exec-3] DEBUG com.sky.mapper.CategoryMapper.list - ==>  Preparing: select * from category where status = 1 and type = ? order by sort asc,create_time desc
2025-04-17 04:40:58.081 [traceId=aa2f6503e9e640eaa5637323770a0394] [http-nio-8080-exec-3] DEBUG com.sky.mapper.CategoryMapper.list - ==> Parameters: 1(Integer)
2025-04-17 04:40:58.093 [traceId=aa2f6503e9e640eaa5637323770a0394] [http-nio-8080-exec-3] DEBUG com.sky.mapper.CategoryMapper.list - <==      Total: 8
2025-04-17 04:40:58.153 [traceId=7b2b036e410d43aca5643fe01dceebd3] [http-nio-8080-exec-2] DEBUG c.sky.mapper.DishMapper.query_COUNT - ==>  Preparing: SELECT count(0) FROM dish
2025-04-17 04:40:58.153 [traceId=7b2b036e410d43aca5643fe01dceebd3] [http-nio-8080-exec-2] DEBUG c.sky.mapper.DishMapper.query_COUNT - ==> Parameters: 
2025-04-17 04:40:58.158 [traceId=7b2b036e410d43aca5643fe01dceebd3] [http-nio-8080-exec-2] DEBUG c.sky.mapper.DishMapper.query_COUNT - <==      Total: 1
2025-04-17 04:40:58.160 [traceId=7b2b036e410d43aca5643fe01dceebd3] [http-nio-8080-exec-2] DEBUG com.sky.mapper.DishMapper.query - ==>  Preparing: select id, name, category_id, price, image, description, status, create_time, update_time, create_user, update_user from dish order by create_time desc LIMIT ?
2025-04-17 04:40:58.161 [traceId=7b2b036e410d43aca5643fe01dceebd3] [http-nio-8080-exec-2] DEBUG com.sky.mapper.DishMapper.query - ==> Parameters: 10(Integer)
2025-04-17 04:40:58.169 [traceId=7b2b036e410d43aca5643fe01dceebd3] [http-nio-8080-exec-2] DEBUG com.sky.mapper.DishMapper.query - <==      Total: 10
2025-04-17 04:41:02.942 [traceId=d8ec2c083ed047baa5158ba2a2ec0eee] [http-nio-8080-exec-6] DEBUG c.s.mapper.EmployeeMapper.queryByOne - ==>  Preparing: select * from employee where id=?
2025-04-17 04:41:02.942 [traceId=f132c15eec9d4ef794a7555ef561857b] [http-nio-8080-exec-7] DEBUG c.s.mapper.EmployeeMapper.queryByOne - ==>  Preparing: select * from employee where id=?
2025-04-17 04:41:02.943 [traceId=d8ec2c083ed047baa5158ba2a2ec0eee] [http-nio-8080-exec-6] DEBUG c.s.mapper.EmployeeMapper.queryByOne - ==> Parameters: 1(Long)
2025-04-17 04:41:02.943 [traceId=f132c15eec9d4ef794a7555ef561857b] [http-nio-8080-exec-7] DEBUG c.s.mapper.EmployeeMapper.queryByOne - ==> Parameters: 1(Long)
2025-04-17 04:41:02.945 [traceId=f132c15eec9d4ef794a7555ef561857b] [http-nio-8080-exec-7] DEBUG c.s.mapper.EmployeeMapper.queryByOne - <==      Total: 1
2025-04-17 04:41:02.946 [traceId=d8ec2c083ed047baa5158ba2a2ec0eee] [http-nio-8080-exec-6] DEBUG c.s.mapper.EmployeeMapper.queryByOne - <==      Total: 1
2025-04-17 04:41:02.946 [traceId=f132c15eec9d4ef794a7555ef561857b] [http-nio-8080-exec-7] DEBUG com.sky.mapper.CategoryMapper.list - ==>  Preparing: select * from category where status = 1 and type = ? order by sort asc,create_time desc
2025-04-17 04:41:02.954 [traceId=f132c15eec9d4ef794a7555ef561857b] [http-nio-8080-exec-7] DEBUG com.sky.mapper.CategoryMapper.list - ==> Parameters: 1(Integer)
2025-04-17 04:41:02.956 [traceId=d8ec2c083ed047baa5158ba2a2ec0eee] [http-nio-8080-exec-6] DEBUG com.sky.mapper.DishMapper.queryByOne - ==>  Preparing: select id, name, category_id, price, image, description, status, create_time, update_time, create_user, update_user from dish where id =?
2025-04-17 04:41:02.957 [traceId=d8ec2c083ed047baa5158ba2a2ec0eee] [http-nio-8080-exec-6] DEBUG com.sky.mapper.DishMapper.queryByOne - ==> Parameters: 71(Long)
2025-04-17 04:41:02.958 [traceId=d8ec2c083ed047baa5158ba2a2ec0eee] [http-nio-8080-exec-6] DEBUG com.sky.mapper.DishMapper.queryByOne - <==      Total: 1
2025-04-17 04:41:02.959 [traceId=d8ec2c083ed047baa5158ba2a2ec0eee] [http-nio-8080-exec-6] DEBUG c.sky.mapper.DishFlavorMapper.query - ==>  Preparing: select id,dish_id,name,value from dish_flavor where dish_id=?
2025-04-17 04:41:02.959 [traceId=d8ec2c083ed047baa5158ba2a2ec0eee] [http-nio-8080-exec-6] DEBUG c.sky.mapper.DishFlavorMapper.query - ==> Parameters: 71(Long)
2025-04-17 04:41:02.962 [traceId=d8ec2c083ed047baa5158ba2a2ec0eee] [http-nio-8080-exec-6] DEBUG c.sky.mapper.DishFlavorMapper.query - <==      Total: 0
2025-04-17 04:41:02.963 [traceId=f132c15eec9d4ef794a7555ef561857b] [http-nio-8080-exec-7] DEBUG com.sky.mapper.CategoryMapper.list - <==      Total: 8
2025-04-17 04:41:19.246 [traceId=f70ef03e35e440c0922d4f8fca6d5726] [http-nio-8080-exec-8] DEBUG c.s.mapper.EmployeeMapper.queryByOne - ==>  Preparing: select * from employee where id=?
2025-04-17 04:41:19.247 [traceId=f70ef03e35e440c0922d4f8fca6d5726] [http-nio-8080-exec-8] DEBUG c.s.mapper.EmployeeMapper.queryByOne - ==> Parameters: 1(Long)
2025-04-17 04:41:19.248 [traceId=f70ef03e35e440c0922d4f8fca6d5726] [http-nio-8080-exec-8] DEBUG c.s.mapper.EmployeeMapper.queryByOne - <==      Total: 1
2025-04-17 04:41:19.381 [traceId=f70ef03e35e440c0922d4f8fca6d5726] [http-nio-8080-exec-8] DEBUG com.sky.mapper.DishMapper.update - ==>  Preparing: update dish SET name=?, category_id= ?, price= ?, image= ?, description ?, status=?, update_time=?, update_user=? where id=?
2025-04-17 04:41:19.382 [traceId=f70ef03e35e440c0922d4f8fca6d5726] [http-nio-8080-exec-8] DEBUG com.sky.mapper.DishMapper.update - ==> Parameters: niu(String), 17(Long), 22(BigDecimal), http://localhost:9000/mybucket/2025-04-17/6962ab34ad12469bb61cf82b93d293c1.png(String), (String), 0(Integer), 2025-04-17T04:41:19.379747(LocalDateTime), 1(Long), 71(Long)
2025-04-17 04:41:19.438 [traceId=f70ef03e35e440c0922d4f8fca6d5726] [http-nio-8080-exec-8] ERROR c.sky.handler.GlobalExceptionHandler - 系统异常：traceId=f70ef03e35e440c0922d4f8fca6d5726, url=/admin/dish, error=
### Error updating database.  Cause: java.sql.SQLSyntaxErrorException: You have an error in your SQL syntax; check the manual that corresponds to your MySQL server version for the right syntax to use near ''',
            status=0,
            update_time='2025-04-17 04:41:19.379747',
' at line 6
### The error may exist in file [/Users/zry/Desktop/sky-out/sky-server/target/classes/mapper/DishMapper.xml]
### The error may involve defaultParameterMap
### The error occurred while setting parameters
### SQL: update dish          SET name=?,             category_id= ?,             price= ?,             image= ?,             description ?,             status=?,             update_time=?,             update_user=?          where id=?
### Cause: java.sql.SQLSyntaxErrorException: You have an error in your SQL syntax; check the manual that corresponds to your MySQL server version for the right syntax to use near ''',
            status=0,
            update_time='2025-04-17 04:41:19.379747',
' at line 6
; bad SQL grammar []; nested exception is java.sql.SQLSyntaxErrorException: You have an error in your SQL syntax; check the manual that corresponds to your MySQL server version for the right syntax to use near ''',
            status=0,
            update_time='2025-04-17 04:41:19.379747',
' at line 6
org.springframework.jdbc.BadSqlGrammarException: 
### Error updating database.  Cause: java.sql.SQLSyntaxErrorException: You have an error in your SQL syntax; check the manual that corresponds to your MySQL server version for the right syntax to use near ''',
            status=0,
            update_time='2025-04-17 04:41:19.379747',
' at line 6
### The error may exist in file [/Users/zry/Desktop/sky-out/sky-server/target/classes/mapper/DishMapper.xml]
### The error may involve defaultParameterMap
### The error occurred while setting parameters
### SQL: update dish          SET name=?,             category_id= ?,             price= ?,             image= ?,             description ?,             status=?,             update_time=?,             update_user=?          where id=?
### Cause: java.sql.SQLSyntaxErrorException: You have an error in your SQL syntax; check the manual that corresponds to your MySQL server version for the right syntax to use near ''',
            status=0,
            update_time='2025-04-17 04:41:19.379747',
' at line 6
; bad SQL grammar []; nested exception is java.sql.SQLSyntaxErrorException: You have an error in your SQL syntax; check the manual that corresponds to your MySQL server version for the right syntax to use near ''',
            status=0,
            update_time='2025-04-17 04:41:19.379747',
' at line 6
	at org.springframework.jdbc.support.SQLErrorCodeSQLExceptionTranslator.doTranslate(SQLErrorCodeSQLExceptionTranslator.java:239)
	at org.springframework.jdbc.support.AbstractFallbackSQLExceptionTranslator.translate(AbstractFallbackSQLExceptionTranslator.java:70)
	at org.mybatis.spring.MyBatisExceptionTranslator.translateExceptionIfPossible(MyBatisExceptionTranslator.java:91)
	at org.mybatis.spring.SqlSessionTemplate$SqlSessionInterceptor.invoke(SqlSessionTemplate.java:441)
	at jdk.proxy2/jdk.proxy2.$Proxy82.update(Unknown Source)
	at org.mybatis.spring.SqlSessionTemplate.update(SqlSessionTemplate.java:288)
	at org.apache.ibatis.binding.MapperMethod.execute(MapperMethod.java:67)
	at org.apache.ibatis.binding.MapperProxy$PlainMethodInvoker.invoke(MapperProxy.java:145)
	at org.apache.ibatis.binding.MapperProxy.invoke(MapperProxy.java:86)
	at jdk.proxy2/jdk.proxy2.$Proxy96.update(Unknown Source)
	at java.base/jdk.internal.reflect.NativeMethodAccessorImpl.invoke0(Native Method)
	at java.base/jdk.internal.reflect.NativeMethodAccessorImpl.invoke(NativeMethodAccessorImpl.java:77)
	at java.base/jdk.internal.reflect.DelegatingMethodAccessorImpl.invoke(DelegatingMethodAccessorImpl.java:43)
	at java.base/java.lang.reflect.Method.invoke(Method.java:569)
	at org.springframework.aop.support.AopUtils.invokeJoinpointUsingReflection(AopUtils.java:344)
	at org.springframework.aop.framework.ReflectiveMethodInvocation.invokeJoinpoint(ReflectiveMethodInvocation.java:198)
	at org.springframework.aop.framework.ReflectiveMethodInvocation.proceed(ReflectiveMethodInvocation.java:163)
	at org.springframework.aop.framework.adapter.MethodBeforeAdviceInterceptor.invoke(MethodBeforeAdviceInterceptor.java:58)
	at org.springframework.aop.framework.ReflectiveMethodInvocation.proceed(ReflectiveMethodInvocation.java:175)
	at org.springframework.aop.interceptor.ExposeInvocationInterceptor.invoke(ExposeInvocationInterceptor.java:97)
	at org.springframework.aop.framework.ReflectiveMethodInvocation.proceed(ReflectiveMethodInvocation.java:186)
	at org.springframework.aop.framework.JdkDynamicAopProxy.invoke(JdkDynamicAopProxy.java:215)
	at jdk.proxy2/jdk.proxy2.$Proxy97.update(Unknown Source)
	at com.sky.service.impl.DishServiceImpl.update(DishServiceImpl.java:101)
	at com.sky.service.impl.DishServiceImpl$$FastClassBySpringCGLIB$$a2ffbea0.invoke(<generated>)
	at org.springframework.cglib.proxy.MethodProxy.invoke(MethodProxy.java:218)
	at org.springframework.aop.framework.CglibAopProxy.invokeMethod(CglibAopProxy.java:386)
	at org.springframework.aop.framework.CglibAopProxy.access$000(CglibAopProxy.java:85)
	at org.springframework.aop.framework.CglibAopProxy$DynamicAdvisedInterceptor.intercept(CglibAopProxy.java:704)
	at com.sky.service.impl.DishServiceImpl$$EnhancerBySpringCGLIB$$30706d9c.update(<generated>)
	at com.sky.controller.admin.DishController.update(DishController.java:56)
	at java.base/jdk.internal.reflect.NativeMethodAccessorImpl.invoke0(Native Method)
	at java.base/jdk.internal.reflect.NativeMethodAccessorImpl.invoke(NativeMethodAccessorImpl.java:77)
	at java.base/jdk.internal.reflect.DelegatingMethodAccessorImpl.invoke(DelegatingMethodAccessorImpl.java:43)
	at java.base/java.lang.reflect.Method.invoke(Method.java:569)
	at org.springframework.web.method.support.InvocableHandlerMethod.doInvoke(InvocableHandlerMethod.java:205)
	at org.springframework.web.method.support.InvocableHandlerMethod.invokeForRequest(InvocableHandlerMethod.java:150)
	at org.springframework.web.servlet.mvc.method.annotation.ServletInvocableHandlerMethod.invokeAndHandle(ServletInvocableHandlerMethod.java:117)
	at org.springframework.web.servlet.mvc.method.annotation.RequestMappingHandlerAdapter.invokeHandlerMethod(RequestMappingHandlerAdapter.java:895)
	at org.springframework.web.servlet.mvc.method.annotation.RequestMappingHandlerAdapter.handleInternal(RequestMappingHandlerAdapter.java:808)
	at org.springframework.web.servlet.mvc.method.AbstractHandlerMethodAdapter.handle(AbstractHandlerMethodAdapter.java:87)
	at org.springframework.web.servlet.DispatcherServlet.doDispatch(DispatcherServlet.java:1070)
	at org.springframework.web.servlet.DispatcherServlet.doService(DispatcherServlet.java:963)
	at org.springframework.web.servlet.FrameworkServlet.processRequest(FrameworkServlet.java:1006)
	at org.springframework.web.servlet.FrameworkServlet.doPut(FrameworkServlet.java:920)
	at javax.servlet.http.HttpServlet.service(HttpServlet.java:684)
	at org.springframework.web.servlet.FrameworkServlet.service(FrameworkServlet.java:883)
	at javax.servlet.http.HttpServlet.service(HttpServlet.java:764)
	at org.apache.catalina.core.ApplicationFilterChain.internalDoFilter(ApplicationFilterChain.java:227)
	at org.apache.catalina.core.ApplicationFilterChain.doFilter(ApplicationFilterChain.java:162)
	at org.apache.tomcat.websocket.server.WsFilter.doFilter(WsFilter.java:53)
	at org.apache.catalina.core.ApplicationFilterChain.internalDoFilter(ApplicationFilterChain.java:189)
	at org.apache.catalina.core.ApplicationFilterChain.doFilter(ApplicationFilterChain.java:162)
	at com.sky.config.TraceIdFilter.doFilter(TraceIdFilter.java:25)
	at org.apache.catalina.core.ApplicationFilterChain.internalDoFilter(ApplicationFilterChain.java:189)
	at org.apache.catalina.core.ApplicationFilterChain.doFilter(ApplicationFilterChain.java:162)
	at org.springframework.web.filter.CharacterEncodingFilter.doFilterInternal(CharacterEncodingFilter.java:201)
	at org.springframework.web.filter.OncePerRequestFilter.doFilter(OncePerRequestFilter.java:117)
	at org.apache.catalina.core.ApplicationFilterChain.internalDoFilter(ApplicationFilterChain.java:189)
	at org.apache.catalina.core.ApplicationFilterChain.doFilter(ApplicationFilterChain.java:162)
	at org.apache.catalina.core.StandardWrapperValve.invoke(StandardWrapperValve.java:197)
	at org.apache.catalina.core.StandardContextValve.invoke(StandardContextValve.java:97)
	at org.apache.catalina.authenticator.AuthenticatorBase.invoke(AuthenticatorBase.java:541)
	at org.apache.catalina.core.StandardHostValve.invoke(StandardHostValve.java:135)
	at org.apache.catalina.valves.ErrorReportValve.invoke(ErrorReportValve.java:92)
	at org.apache.catalina.core.StandardEngineValve.invoke(StandardEngineValve.java:78)
	at org.apache.catalina.connector.CoyoteAdapter.service(CoyoteAdapter.java:360)
	at org.apache.coyote.http11.Http11Processor.service(Http11Processor.java:399)
	at org.apache.coyote.AbstractProcessorLight.process(AbstractProcessorLight.java:65)
	at org.apache.coyote.AbstractProtocol$ConnectionHandler.process(AbstractProtocol.java:890)
	at org.apache.tomcat.util.net.NioEndpoint$SocketProcessor.doRun(NioEndpoint.java:1789)
	at org.apache.tomcat.util.net.SocketProcessorBase.run(SocketProcessorBase.java:49)
	at org.apache.tomcat.util.threads.ThreadPoolExecutor.runWorker(ThreadPoolExecutor.java:1191)
	at org.apache.tomcat.util.threads.ThreadPoolExecutor$Worker.run(ThreadPoolExecutor.java:659)
	at org.apache.tomcat.util.threads.TaskThread$WrappingRunnable.run(TaskThread.java:61)
	at java.base/java.lang.Thread.run(Thread.java:840)
Caused by: java.sql.SQLSyntaxErrorException: You have an error in your SQL syntax; check the manual that corresponds to your MySQL server version for the right syntax to use near ''',
            status=0,
            update_time='2025-04-17 04:41:19.379747',
' at line 6
	at com.mysql.cj.jdbc.exceptions.SQLError.createSQLException(SQLError.java:120)
	at com.mysql.cj.jdbc.exceptions.SQLExceptionsMapping.translateException(SQLExceptionsMapping.java:122)
	at com.mysql.cj.jdbc.ClientPreparedStatement.executeInternal(ClientPreparedStatement.java:916)
	at com.mysql.cj.jdbc.ClientPreparedStatement.execute(ClientPreparedStatement.java:354)
	at com.alibaba.druid.pool.DruidPooledPreparedStatement.execute(DruidPooledPreparedStatement.java:497)
	at java.base/jdk.internal.reflect.NativeMethodAccessorImpl.invoke0(Native Method)
	at java.base/jdk.internal.reflect.NativeMethodAccessorImpl.invoke(NativeMethodAccessorImpl.java:77)
	at java.base/jdk.internal.reflect.DelegatingMethodAccessorImpl.invoke(DelegatingMethodAccessorImpl.java:43)
	at java.base/java.lang.reflect.Method.invoke(Method.java:569)
	at org.apache.ibatis.logging.jdbc.PreparedStatementLogger.invoke(PreparedStatementLogger.java:59)
	at jdk.proxy3/jdk.proxy3.$Proxy141.execute(Unknown Source)
	at org.apache.ibatis.executor.statement.PreparedStatementHandler.update(PreparedStatementHandler.java:47)
	at org.apache.ibatis.executor.statement.RoutingStatementHandler.update(RoutingStatementHandler.java:74)
	at org.apache.ibatis.executor.SimpleExecutor.doUpdate(SimpleExecutor.java:50)
	at org.apache.ibatis.executor.BaseExecutor.update(BaseExecutor.java:117)
	at org.apache.ibatis.executor.CachingExecutor.update(CachingExecutor.java:76)
	at java.base/jdk.internal.reflect.NativeMethodAccessorImpl.invoke0(Native Method)
	at java.base/jdk.internal.reflect.NativeMethodAccessorImpl.invoke(NativeMethodAccessorImpl.java:77)
	at java.base/jdk.internal.reflect.DelegatingMethodAccessorImpl.invoke(DelegatingMethodAccessorImpl.java:43)
	at java.base/java.lang.reflect.Method.invoke(Method.java:569)
	at org.apache.ibatis.plugin.Plugin.invoke(Plugin.java:64)
	at jdk.proxy2/jdk.proxy2.$Proxy139.update(Unknown Source)
	at org.apache.ibatis.session.defaults.DefaultSqlSession.update(DefaultSqlSession.java:194)
	at java.base/jdk.internal.reflect.NativeMethodAccessorImpl.invoke0(Native Method)
	at java.base/jdk.internal.reflect.NativeMethodAccessorImpl.invoke(NativeMethodAccessorImpl.java:77)
	at java.base/jdk.internal.reflect.DelegatingMethodAccessorImpl.invoke(DelegatingMethodAccessorImpl.java:43)
	at java.base/java.lang.reflect.Method.invoke(Method.java:569)
	at org.mybatis.spring.SqlSessionTemplate$SqlSessionInterceptor.invoke(SqlSessionTemplate.java:427)
	... 72 common frames omitted
2025-04-17 04:41:22.678 [traceId=d01bd80b57ea4b84bc94ba16862f4fa7] [http-nio-8080-exec-9] DEBUG c.s.mapper.EmployeeMapper.queryByOne - ==>  Preparing: select * from employee where id=?
2025-04-17 04:41:22.678 [traceId=fd8642a986b542469401c20f4bc94a65] [http-nio-8080-exec-10] DEBUG c.s.mapper.EmployeeMapper.queryByOne - ==>  Preparing: select * from employee where id=?
2025-04-17 04:41:22.679 [traceId=d01bd80b57ea4b84bc94ba16862f4fa7] [http-nio-8080-exec-9] DEBUG c.s.mapper.EmployeeMapper.queryByOne - ==> Parameters: 1(Long)
2025-04-17 04:41:22.679 [traceId=fd8642a986b542469401c20f4bc94a65] [http-nio-8080-exec-10] DEBUG c.s.mapper.EmployeeMapper.queryByOne - ==> Parameters: 1(Long)
2025-04-17 04:41:22.681 [traceId=d01bd80b57ea4b84bc94ba16862f4fa7] [http-nio-8080-exec-9] DEBUG c.s.mapper.EmployeeMapper.queryByOne - <==      Total: 1
2025-04-17 04:41:22.681 [traceId=fd8642a986b542469401c20f4bc94a65] [http-nio-8080-exec-10] DEBUG c.s.mapper.EmployeeMapper.queryByOne - <==      Total: 1
2025-04-17 04:41:22.682 [traceId=fd8642a986b542469401c20f4bc94a65] [http-nio-8080-exec-10] DEBUG com.sky.mapper.CategoryMapper.list - ==>  Preparing: select * from category where status = 1 and type = ? order by sort asc,create_time desc
2025-04-17 04:41:22.683 [traceId=fd8642a986b542469401c20f4bc94a65] [http-nio-8080-exec-10] DEBUG com.sky.mapper.CategoryMapper.list - ==> Parameters: 1(Integer)
2025-04-17 04:41:22.696 [traceId=d01bd80b57ea4b84bc94ba16862f4fa7] [http-nio-8080-exec-9] DEBUG c.sky.mapper.DishMapper.query_COUNT - ==>  Preparing: SELECT count(0) FROM dish
2025-04-17 04:41:22.697 [traceId=d01bd80b57ea4b84bc94ba16862f4fa7] [http-nio-8080-exec-9] DEBUG c.sky.mapper.DishMapper.query_COUNT - ==> Parameters: 
2025-04-17 04:41:22.697 [traceId=fd8642a986b542469401c20f4bc94a65] [http-nio-8080-exec-10] DEBUG com.sky.mapper.CategoryMapper.list - <==      Total: 8
2025-04-17 04:41:22.699 [traceId=d01bd80b57ea4b84bc94ba16862f4fa7] [http-nio-8080-exec-9] DEBUG c.sky.mapper.DishMapper.query_COUNT - <==      Total: 1
2025-04-17 04:41:22.700 [traceId=d01bd80b57ea4b84bc94ba16862f4fa7] [http-nio-8080-exec-9] DEBUG com.sky.mapper.DishMapper.query - ==>  Preparing: select id, name, category_id, price, image, description, status, create_time, update_time, create_user, update_user from dish order by create_time desc LIMIT ?
2025-04-17 04:41:22.702 [traceId=d01bd80b57ea4b84bc94ba16862f4fa7] [http-nio-8080-exec-9] DEBUG com.sky.mapper.DishMapper.query - ==> Parameters: 10(Integer)
2025-04-17 04:41:22.780 [traceId=d01bd80b57ea4b84bc94ba16862f4fa7] [http-nio-8080-exec-9] DEBUG com.sky.mapper.DishMapper.query - <==      Total: 10
2025-04-17 04:41:25.908 [traceId=fffcf5a89ddb4852ac79893323517a4a] [http-nio-8080-exec-1] DEBUG c.s.mapper.EmployeeMapper.queryByOne - ==>  Preparing: select * from employee where id=?
2025-04-17 04:41:25.909 [traceId=fffcf5a89ddb4852ac79893323517a4a] [http-nio-8080-exec-1] DEBUG c.s.mapper.EmployeeMapper.queryByOne - ==> Parameters: 1(Long)
2025-04-17 04:41:25.910 [traceId=fffcf5a89ddb4852ac79893323517a4a] [http-nio-8080-exec-1] DEBUG c.s.mapper.EmployeeMapper.queryByOne - <==      Total: 1
2025-04-17 04:41:25.912 [traceId=fffcf5a89ddb4852ac79893323517a4a] [http-nio-8080-exec-1] DEBUG com.sky.mapper.CategoryMapper.list - ==>  Preparing: select * from category where status = 1 and type = ? order by sort asc,create_time desc
2025-04-17 04:41:25.914 [traceId=fffcf5a89ddb4852ac79893323517a4a] [http-nio-8080-exec-1] DEBUG com.sky.mapper.CategoryMapper.list - ==> Parameters: 1(Integer)
2025-04-17 04:41:25.916 [traceId=fffcf5a89ddb4852ac79893323517a4a] [http-nio-8080-exec-1] DEBUG com.sky.mapper.CategoryMapper.list - <==      Total: 8
2025-04-17 04:41:56.461 [traceId=8fc02123ff304f509f5be2e65efe4cd2] [http-nio-8080-exec-4] DEBUG c.s.mapper.EmployeeMapper.queryByOne - ==>  Preparing: select * from employee where id=?
2025-04-17 04:41:56.461 [traceId=8fc02123ff304f509f5be2e65efe4cd2] [http-nio-8080-exec-4] DEBUG c.s.mapper.EmployeeMapper.queryByOne - ==> Parameters: 1(Long)
2025-04-17 04:41:56.463 [traceId=8fc02123ff304f509f5be2e65efe4cd2] [http-nio-8080-exec-4] DEBUG c.s.mapper.EmployeeMapper.queryByOne - <==      Total: 1
2025-04-17 04:41:56.853 [traceId=8fc02123ff304f509f5be2e65efe4cd2] [http-nio-8080-exec-4] INFO  com.sky.utils.MinioUtil - 上传成功：http://localhost:9000/mybucket/2025-04-17/3e516f4e6b61432dae712f8b91081aab.png
2025-04-17 04:41:57.554 [traceId=133b8aebed334fb0b1cfc0ce76522d51] [http-nio-8080-exec-5] DEBUG c.s.mapper.EmployeeMapper.queryByOne - ==>  Preparing: select * from employee where id=?
2025-04-17 04:41:57.554 [traceId=133b8aebed334fb0b1cfc0ce76522d51] [http-nio-8080-exec-5] DEBUG c.s.mapper.EmployeeMapper.queryByOne - ==> Parameters: 1(Long)
2025-04-17 04:41:57.556 [traceId=133b8aebed334fb0b1cfc0ce76522d51] [http-nio-8080-exec-5] DEBUG c.s.mapper.EmployeeMapper.queryByOne - <==      Total: 1
2025-04-17 04:41:57.558 [traceId=133b8aebed334fb0b1cfc0ce76522d51] [http-nio-8080-exec-5] INFO  c.s.controller.admin.DishController - DishDTO(id=null, name=ads, categoryId=16, price=100, image=http://localhost:9000/mybucket/2025-04-17/3e516f4e6b61432dae712f8b91081aab.png, description=, status=0, flavors=[DishFlavor(id=null, dishId=null, name=甜味, value=["全糖"])])
2025-04-17 04:41:57.560 [traceId=133b8aebed334fb0b1cfc0ce76522d51] [http-nio-8080-exec-5] DEBUG com.sky.mapper.DishMapper.add - ==>  Preparing: insert into dish(id, name, category_id, price, image, description, status, create_time, update_time, create_user, update_user) values (?, ?, ?, ?, ?, ?, ?, ?, ?, ?, ?)
2025-04-17 04:41:57.562 [traceId=133b8aebed334fb0b1cfc0ce76522d51] [http-nio-8080-exec-5] DEBUG com.sky.mapper.DishMapper.add - ==> Parameters: null, ads(String), 16(Long), 100(BigDecimal), http://localhost:9000/mybucket/2025-04-17/3e516f4e6b61432dae712f8b91081aab.png(String), (String), 0(Integer), 2025-04-17T04:41:57.559485(LocalDateTime), 2025-04-17T04:41:57.559485(LocalDateTime), 1(Long), 1(Long)
2025-04-17 04:41:57.572 [traceId=133b8aebed334fb0b1cfc0ce76522d51] [http-nio-8080-exec-5] DEBUG com.sky.mapper.DishMapper.add - <==    Updates: 1
2025-04-17 04:41:58.141 [traceId=5e14d49da6e94140a6ee8a44eca24546] [http-nio-8080-exec-3] DEBUG c.s.mapper.EmployeeMapper.queryByOne - ==>  Preparing: select * from employee where id=?
2025-04-17 04:41:58.142 [traceId=5e14d49da6e94140a6ee8a44eca24546] [http-nio-8080-exec-3] DEBUG c.s.mapper.EmployeeMapper.queryByOne - ==> Parameters: 1(Long)
2025-04-17 04:41:58.143 [traceId=5e14d49da6e94140a6ee8a44eca24546] [http-nio-8080-exec-3] DEBUG c.s.mapper.EmployeeMapper.queryByOne - <==      Total: 1
2025-04-17 04:41:58.147 [traceId=5e14d49da6e94140a6ee8a44eca24546] [http-nio-8080-exec-3] DEBUG c.sky.mapper.DishMapper.query_COUNT - ==>  Preparing: SELECT count(0) FROM dish
2025-04-17 04:41:58.147 [traceId=5e14d49da6e94140a6ee8a44eca24546] [http-nio-8080-exec-3] DEBUG c.sky.mapper.DishMapper.query_COUNT - ==> Parameters: 
2025-04-17 04:41:58.148 [traceId=5e14d49da6e94140a6ee8a44eca24546] [http-nio-8080-exec-3] DEBUG c.sky.mapper.DishMapper.query_COUNT - <==      Total: 1
2025-04-17 04:41:58.149 [traceId=5e14d49da6e94140a6ee8a44eca24546] [http-nio-8080-exec-3] DEBUG com.sky.mapper.DishMapper.query - ==>  Preparing: select id, name, category_id, price, image, description, status, create_time, update_time, create_user, update_user from dish order by create_time desc LIMIT ?
2025-04-17 04:41:58.149 [traceId=5e14d49da6e94140a6ee8a44eca24546] [http-nio-8080-exec-3] DEBUG com.sky.mapper.DishMapper.query - ==> Parameters: 10(Integer)
2025-04-17 04:41:58.152 [traceId=5e14d49da6e94140a6ee8a44eca24546] [http-nio-8080-exec-3] DEBUG com.sky.mapper.DishMapper.query - <==      Total: 10
2025-04-17 04:41:58.155 [traceId=b39227af2ff843b78a6e1a8b629e5267] [http-nio-8080-exec-2] DEBUG c.s.mapper.EmployeeMapper.queryByOne - ==>  Preparing: select * from employee where id=?
2025-04-17 04:41:58.156 [traceId=b39227af2ff843b78a6e1a8b629e5267] [http-nio-8080-exec-2] DEBUG c.s.mapper.EmployeeMapper.queryByOne - ==> Parameters: 1(Long)
2025-04-17 04:41:58.157 [traceId=b39227af2ff843b78a6e1a8b629e5267] [http-nio-8080-exec-2] DEBUG c.s.mapper.EmployeeMapper.queryByOne - <==      Total: 1
2025-04-17 04:41:58.158 [traceId=b39227af2ff843b78a6e1a8b629e5267] [http-nio-8080-exec-2] DEBUG com.sky.mapper.CategoryMapper.list - ==>  Preparing: select * from category where status = 1 and type = ? order by sort asc,create_time desc
2025-04-17 04:41:58.158 [traceId=b39227af2ff843b78a6e1a8b629e5267] [http-nio-8080-exec-2] DEBUG com.sky.mapper.CategoryMapper.list - ==> Parameters: 1(Integer)
2025-04-17 04:41:58.160 [traceId=b39227af2ff843b78a6e1a8b629e5267] [http-nio-8080-exec-2] DEBUG com.sky.mapper.CategoryMapper.list - <==      Total: 8
2025-04-17 04:42:03.413 [traceId=58848f6da2d84f6d8a712855ed434e1a] [http-nio-8080-exec-6] DEBUG c.s.mapper.EmployeeMapper.queryByOne - ==>  Preparing: select * from employee where id=?
2025-04-17 04:42:03.413 [traceId=d315454c9be24fc2a6e4ea5141e1f942] [http-nio-8080-exec-7] DEBUG c.s.mapper.EmployeeMapper.queryByOne - ==>  Preparing: select * from employee where id=?
2025-04-17 04:42:03.413 [traceId=58848f6da2d84f6d8a712855ed434e1a] [http-nio-8080-exec-6] DEBUG c.s.mapper.EmployeeMapper.queryByOne - ==> Parameters: 1(Long)
2025-04-17 04:42:03.413 [traceId=d315454c9be24fc2a6e4ea5141e1f942] [http-nio-8080-exec-7] DEBUG c.s.mapper.EmployeeMapper.queryByOne - ==> Parameters: 1(Long)
2025-04-17 04:42:03.414 [traceId=d315454c9be24fc2a6e4ea5141e1f942] [http-nio-8080-exec-7] DEBUG c.s.mapper.EmployeeMapper.queryByOne - <==      Total: 1
2025-04-17 04:42:03.414 [traceId=58848f6da2d84f6d8a712855ed434e1a] [http-nio-8080-exec-6] DEBUG c.s.mapper.EmployeeMapper.queryByOne - <==      Total: 1
2025-04-17 04:42:03.415 [traceId=58848f6da2d84f6d8a712855ed434e1a] [http-nio-8080-exec-6] DEBUG com.sky.mapper.CategoryMapper.list - ==>  Preparing: select * from category where status = 1 and type = ? order by sort asc,create_time desc
2025-04-17 04:42:03.415 [traceId=d315454c9be24fc2a6e4ea5141e1f942] [http-nio-8080-exec-7] DEBUG com.sky.mapper.DishMapper.queryByOne - ==>  Preparing: select id, name, category_id, price, image, description, status, create_time, update_time, create_user, update_user from dish where id =?
2025-04-17 04:42:03.415 [traceId=58848f6da2d84f6d8a712855ed434e1a] [http-nio-8080-exec-6] DEBUG com.sky.mapper.CategoryMapper.list - ==> Parameters: 1(Integer)
2025-04-17 04:42:03.415 [traceId=d315454c9be24fc2a6e4ea5141e1f942] [http-nio-8080-exec-7] DEBUG com.sky.mapper.DishMapper.queryByOne - ==> Parameters: 72(Long)
2025-04-17 04:42:03.416 [traceId=d315454c9be24fc2a6e4ea5141e1f942] [http-nio-8080-exec-7] DEBUG com.sky.mapper.DishMapper.queryByOne - <==      Total: 1
2025-04-17 04:42:03.417 [traceId=d315454c9be24fc2a6e4ea5141e1f942] [http-nio-8080-exec-7] DEBUG c.sky.mapper.DishFlavorMapper.query - ==>  Preparing: select id,dish_id,name,value from dish_flavor where dish_id=?
2025-04-17 04:42:03.417 [traceId=58848f6da2d84f6d8a712855ed434e1a] [http-nio-8080-exec-6] DEBUG com.sky.mapper.CategoryMapper.list - <==      Total: 8
2025-04-17 04:42:03.417 [traceId=d315454c9be24fc2a6e4ea5141e1f942] [http-nio-8080-exec-7] DEBUG c.sky.mapper.DishFlavorMapper.query - ==> Parameters: 72(Long)
2025-04-17 04:42:03.418 [traceId=d315454c9be24fc2a6e4ea5141e1f942] [http-nio-8080-exec-7] DEBUG c.sky.mapper.DishFlavorMapper.query - <==      Total: 0
2025-04-17 05:04:53.690 [traceId=] [SpringApplicationShutdownHook] INFO  c.alibaba.druid.pool.DruidDataSource - {dataSource-1} closing ...
2025-04-17 05:04:53.708 [traceId=] [SpringApplicationShutdownHook] INFO  c.alibaba.druid.pool.DruidDataSource - {dataSource-1} closed
2025-04-17 05:04:58.639 [traceId=] [main] INFO  com.sky.SkyApplication - Starting SkyApplication using Java 17.0.12 on 192.168.0.100 with PID 92720 (/Users/zry/Desktop/sky-out/sky-server/target/classes started by zry in /Users/zry/Desktop/sky-out)
2025-04-17 05:04:58.641 [traceId=] [main] INFO  com.sky.SkyApplication - The following 1 profile is active: "dev"
2025-04-17 05:04:59.660 [traceId=] [main] INFO  o.s.d.r.c.RepositoryConfigurationDelegate - Multiple Spring Data modules found, entering strict repository configuration mode
2025-04-17 05:04:59.663 [traceId=] [main] INFO  o.s.d.r.c.RepositoryConfigurationDelegate - Bootstrapping Spring Data Redis repositories in DEFAULT mode.
2025-04-17 05:04:59.690 [traceId=] [main] INFO  o.s.d.r.c.RepositoryConfigurationDelegate - Finished Spring Data repository scanning in 12 ms. Found 0 Redis repository interfaces.
2025-04-17 05:05:00.652 [traceId=] [main] INFO  o.s.b.w.e.tomcat.TomcatWebServer - Tomcat initialized with port(s): 8080 (http)
2025-04-17 05:05:00.661 [traceId=] [main] INFO  o.a.coyote.http11.Http11NioProtocol - Initializing ProtocolHandler ["http-nio-8080"]
2025-04-17 05:05:00.662 [traceId=] [main] INFO  o.a.catalina.core.StandardService - Starting service [Tomcat]
2025-04-17 05:05:00.662 [traceId=] [main] INFO  o.a.catalina.core.StandardEngine - Starting Servlet engine: [Apache Tomcat/9.0.65]
2025-04-17 05:05:00.776 [traceId=] [main] INFO  o.a.c.c.C.[Tomcat].[localhost].[/] - Initializing Spring embedded WebApplicationContext
2025-04-17 05:05:00.776 [traceId=] [main] INFO  o.s.b.w.s.c.ServletWebServerApplicationContext - Root WebApplicationContext: initialization completed in 2078 ms
2025-04-17 05:05:00.925 [traceId=] [main] INFO  c.a.d.s.b.a.DruidDataSourceAutoConfigure - Init DruidDataSource
2025-04-17 05:05:01.066 [traceId=] [main] INFO  c.alibaba.druid.pool.DruidDataSource - {dataSource-1} inited
2025-04-17 05:05:01.325 [traceId=] [main] INFO  com.sky.config.MinioConfiguration - 加载minio配置值：MinioProperties(endpoint=http://localhost:9000, accessKey=minioadmin, secretKey=minioadmin, bucketName=mybucket)
2025-04-17 05:05:01.665 [traceId=] [main] INFO  com.sky.config.WebMvcConfiguration - 开始注册自定义拦截器...
2025-04-17 05:05:02.636 [traceId=] [main] INFO  o.a.coyote.http11.Http11NioProtocol - Starting ProtocolHandler ["http-nio-8080"]
2025-04-17 05:05:02.655 [traceId=] [main] INFO  o.s.b.w.e.tomcat.TomcatWebServer - Tomcat started on port(s): 8080 (http) with context path ''
2025-04-17 05:05:03.055 [traceId=] [main] INFO  com.sky.SkyApplication - Started SkyApplication in 4.996 seconds (JVM running for 5.784)
2025-04-17 05:05:03.058 [traceId=] [main] INFO  com.sky.SkyApplication - server started
2025-04-17 05:05:16.632 [traceId=] [http-nio-8080-exec-1] INFO  o.a.c.c.C.[Tomcat].[localhost].[/] - Initializing Spring DispatcherServlet 'dispatcherServlet'
2025-04-17 05:05:16.634 [traceId=] [http-nio-8080-exec-1] INFO  o.s.web.servlet.DispatcherServlet - Initializing Servlet 'dispatcherServlet'
2025-04-17 05:05:16.637 [traceId=] [http-nio-8080-exec-1] INFO  o.s.web.servlet.DispatcherServlet - Completed initialization in 2 ms
2025-04-17 05:05:16.669 [traceId=b50ef9632805498c9ab1baaff361baab] [http-nio-8080-exec-1] WARN  o.s.web.servlet.PageNotFound - No mapping for GET /ws/rz9ap4aa66
2025-04-17 05:05:16.676 [traceId=1d9d7f52518b4f6b95c2e85f9a4ec9da] [http-nio-8080-exec-4] WARN  o.s.web.servlet.PageNotFound - No mapping for GET /admin/shop/status
2025-04-17 05:05:17.657 [traceId=a54a228f1d4f4a6a99f37a263adbc2cc] [http-nio-8080-exec-3] DEBUG c.s.mapper.EmployeeMapper.queryByOne - ==>  Preparing: select * from employee where id=?
2025-04-17 05:05:17.657 [traceId=30691c0843704f4ab8aff6523031becd] [http-nio-8080-exec-2] DEBUG c.s.mapper.EmployeeMapper.queryByOne - ==>  Preparing: select * from employee where id=?
2025-04-17 05:05:17.709 [traceId=30691c0843704f4ab8aff6523031becd] [http-nio-8080-exec-2] DEBUG c.s.mapper.EmployeeMapper.queryByOne - ==> Parameters: 1(Long)
2025-04-17 05:05:17.709 [traceId=a54a228f1d4f4a6a99f37a263adbc2cc] [http-nio-8080-exec-3] DEBUG c.s.mapper.EmployeeMapper.queryByOne - ==> Parameters: 1(Long)
2025-04-17 05:05:17.769 [traceId=a54a228f1d4f4a6a99f37a263adbc2cc] [http-nio-8080-exec-3] DEBUG c.s.mapper.EmployeeMapper.queryByOne - <==      Total: 1
2025-04-17 05:05:17.769 [traceId=30691c0843704f4ab8aff6523031becd] [http-nio-8080-exec-2] DEBUG c.s.mapper.EmployeeMapper.queryByOne - <==      Total: 1
2025-04-17 05:05:17.789 [traceId=a54a228f1d4f4a6a99f37a263adbc2cc] [http-nio-8080-exec-3] DEBUG com.sky.mapper.DishMapper.queryByOne - ==>  Preparing: select id, name, category_id, price, image, description, status, create_time, update_time, create_user, update_user from dish where id =?
2025-04-17 05:05:17.790 [traceId=a54a228f1d4f4a6a99f37a263adbc2cc] [http-nio-8080-exec-3] DEBUG com.sky.mapper.DishMapper.queryByOne - ==> Parameters: 72(Long)
2025-04-17 05:05:17.797 [traceId=a54a228f1d4f4a6a99f37a263adbc2cc] [http-nio-8080-exec-3] DEBUG com.sky.mapper.DishMapper.queryByOne - <==      Total: 1
2025-04-17 05:05:17.798 [traceId=a54a228f1d4f4a6a99f37a263adbc2cc] [http-nio-8080-exec-3] DEBUG c.sky.mapper.DishFlavorMapper.query - ==>  Preparing: select id,dish_id,name,value from dish_flavor where dish_id=?
2025-04-17 05:05:17.798 [traceId=a54a228f1d4f4a6a99f37a263adbc2cc] [http-nio-8080-exec-3] DEBUG c.sky.mapper.DishFlavorMapper.query - ==> Parameters: 72(Long)
2025-04-17 05:05:17.800 [traceId=a54a228f1d4f4a6a99f37a263adbc2cc] [http-nio-8080-exec-3] DEBUG c.sky.mapper.DishFlavorMapper.query - <==      Total: 0
2025-04-17 05:05:17.819 [traceId=30691c0843704f4ab8aff6523031becd] [http-nio-8080-exec-2] DEBUG com.sky.mapper.CategoryMapper.list - ==>  Preparing: select * from category where status = 1 and type = ? order by sort asc,create_time desc
2025-04-17 05:05:17.820 [traceId=30691c0843704f4ab8aff6523031becd] [http-nio-8080-exec-2] DEBUG com.sky.mapper.CategoryMapper.list - ==> Parameters: 1(Integer)
2025-04-17 05:05:17.832 [traceId=30691c0843704f4ab8aff6523031becd] [http-nio-8080-exec-2] DEBUG com.sky.mapper.CategoryMapper.list - <==      Total: 8
2025-04-17 05:05:21.092 [traceId=9c6db882c499460ea3cafdfff76ba0bb] [http-nio-8080-exec-7] DEBUG c.s.mapper.EmployeeMapper.queryByOne - ==>  Preparing: select * from employee where id=?
2025-04-17 05:05:21.092 [traceId=b9dec0d0df1f448eabbc9cddf7a4796e] [http-nio-8080-exec-6] DEBUG c.s.mapper.EmployeeMapper.queryByOne - ==>  Preparing: select * from employee where id=?
2025-04-17 05:05:21.092 [traceId=b9dec0d0df1f448eabbc9cddf7a4796e] [http-nio-8080-exec-6] DEBUG c.s.mapper.EmployeeMapper.queryByOne - ==> Parameters: 1(Long)
2025-04-17 05:05:21.092 [traceId=9c6db882c499460ea3cafdfff76ba0bb] [http-nio-8080-exec-7] DEBUG c.s.mapper.EmployeeMapper.queryByOne - ==> Parameters: 1(Long)
2025-04-17 05:05:21.098 [traceId=9c6db882c499460ea3cafdfff76ba0bb] [http-nio-8080-exec-7] DEBUG c.s.mapper.EmployeeMapper.queryByOne - <==      Total: 1
2025-04-17 05:05:21.099 [traceId=b9dec0d0df1f448eabbc9cddf7a4796e] [http-nio-8080-exec-6] DEBUG c.s.mapper.EmployeeMapper.queryByOne - <==      Total: 1
2025-04-17 05:05:21.099 [traceId=9c6db882c499460ea3cafdfff76ba0bb] [http-nio-8080-exec-7] DEBUG com.sky.mapper.CategoryMapper.list - ==>  Preparing: select * from category where status = 1 and type = ? order by sort asc,create_time desc
2025-04-17 05:05:21.099 [traceId=9c6db882c499460ea3cafdfff76ba0bb] [http-nio-8080-exec-7] DEBUG com.sky.mapper.CategoryMapper.list - ==> Parameters: 1(Integer)
2025-04-17 05:05:21.109 [traceId=9c6db882c499460ea3cafdfff76ba0bb] [http-nio-8080-exec-7] DEBUG com.sky.mapper.CategoryMapper.list - <==      Total: 8
2025-04-17 05:05:21.161 [traceId=b9dec0d0df1f448eabbc9cddf7a4796e] [http-nio-8080-exec-6] DEBUG c.sky.mapper.DishMapper.query_COUNT - ==>  Preparing: SELECT count(0) FROM dish
2025-04-17 05:05:21.162 [traceId=b9dec0d0df1f448eabbc9cddf7a4796e] [http-nio-8080-exec-6] DEBUG c.sky.mapper.DishMapper.query_COUNT - ==> Parameters: 
2025-04-17 05:05:21.164 [traceId=b9dec0d0df1f448eabbc9cddf7a4796e] [http-nio-8080-exec-6] DEBUG c.sky.mapper.DishMapper.query_COUNT - <==      Total: 1
2025-04-17 05:05:21.165 [traceId=b9dec0d0df1f448eabbc9cddf7a4796e] [http-nio-8080-exec-6] DEBUG com.sky.mapper.DishMapper.query - ==>  Preparing: select id, name, category_id, price, image, description, status, create_time, update_time, create_user, update_user from dish order by create_time desc LIMIT ?
2025-04-17 05:05:21.166 [traceId=b9dec0d0df1f448eabbc9cddf7a4796e] [http-nio-8080-exec-6] DEBUG com.sky.mapper.DishMapper.query - ==> Parameters: 10(Integer)
2025-04-17 05:05:21.168 [traceId=b9dec0d0df1f448eabbc9cddf7a4796e] [http-nio-8080-exec-6] DEBUG com.sky.mapper.DishMapper.query - <==      Total: 10
2025-04-17 05:05:24.387 [traceId=6209fda8cac043eab7c47b97133c6a06] [http-nio-8080-exec-8] DEBUG c.s.mapper.EmployeeMapper.queryByOne - ==>  Preparing: select * from employee where id=?
2025-04-17 05:05:24.388 [traceId=6209fda8cac043eab7c47b97133c6a06] [http-nio-8080-exec-8] DEBUG c.s.mapper.EmployeeMapper.queryByOne - ==> Parameters: 1(Long)
2025-04-17 05:05:24.389 [traceId=6209fda8cac043eab7c47b97133c6a06] [http-nio-8080-exec-8] DEBUG c.s.mapper.EmployeeMapper.queryByOne - <==      Total: 1
2025-04-17 05:05:24.411 [traceId=6209fda8cac043eab7c47b97133c6a06] [http-nio-8080-exec-8] DEBUG c.sky.mapper.DishMapper.selectByList - ==>  Preparing: select id, name, category_id, price, image, description, status, create_time, update_time, create_user, update_user from dish where id in ( ? )
2025-04-17 05:05:24.411 [traceId=6209fda8cac043eab7c47b97133c6a06] [http-nio-8080-exec-8] DEBUG c.sky.mapper.DishMapper.selectByList - ==> Parameters: 72(Long)
2025-04-17 05:05:24.413 [traceId=6209fda8cac043eab7c47b97133c6a06] [http-nio-8080-exec-8] DEBUG c.sky.mapper.DishMapper.selectByList - <==      Total: 1
2025-04-17 05:05:24.414 [traceId=6209fda8cac043eab7c47b97133c6a06] [http-nio-8080-exec-8] DEBUG c.s.m.S.getMealIdsByDishIds - ==>  Preparing: select dish_id from setmeal_dish where dish_id in ( ? )
2025-04-17 05:05:24.415 [traceId=6209fda8cac043eab7c47b97133c6a06] [http-nio-8080-exec-8] DEBUG c.s.m.S.getMealIdsByDishIds - ==> Parameters: 72(Long)
2025-04-17 05:05:24.420 [traceId=6209fda8cac043eab7c47b97133c6a06] [http-nio-8080-exec-8] DEBUG c.s.m.S.getMealIdsByDishIds - <==      Total: 0
2025-04-17 05:05:24.420 [traceId=6209fda8cac043eab7c47b97133c6a06] [http-nio-8080-exec-8] DEBUG c.sky.mapper.DishMapper.deleteBatch - ==>  Preparing: delete from dish where id in ( ? )
2025-04-17 05:05:24.421 [traceId=6209fda8cac043eab7c47b97133c6a06] [http-nio-8080-exec-8] DEBUG c.sky.mapper.DishMapper.deleteBatch - ==> Parameters: 72(Long)
2025-04-17 05:05:24.425 [traceId=6209fda8cac043eab7c47b97133c6a06] [http-nio-8080-exec-8] DEBUG c.sky.mapper.DishMapper.deleteBatch - <==    Updates: 1
2025-04-17 05:05:24.425 [traceId=6209fda8cac043eab7c47b97133c6a06] [http-nio-8080-exec-8] DEBUG c.s.mapper.DishFlavorMapper.delBatch - ==>  Preparing: delete from dish_flavor where dish_id in ( ? )
2025-04-17 05:05:24.425 [traceId=6209fda8cac043eab7c47b97133c6a06] [http-nio-8080-exec-8] DEBUG c.s.mapper.DishFlavorMapper.delBatch - ==> Parameters: 72(Long)
2025-04-17 05:05:24.429 [traceId=6209fda8cac043eab7c47b97133c6a06] [http-nio-8080-exec-8] DEBUG c.s.mapper.DishFlavorMapper.delBatch - <==    Updates: 0
2025-04-17 05:05:24.443 [traceId=edbe724a371a4735992978d9965fb9a4] [http-nio-8080-exec-9] DEBUG c.s.mapper.EmployeeMapper.queryByOne - ==>  Preparing: select * from employee where id=?
2025-04-17 05:05:24.444 [traceId=edbe724a371a4735992978d9965fb9a4] [http-nio-8080-exec-9] DEBUG c.s.mapper.EmployeeMapper.queryByOne - ==> Parameters: 1(Long)
2025-04-17 05:05:24.446 [traceId=edbe724a371a4735992978d9965fb9a4] [http-nio-8080-exec-9] DEBUG c.s.mapper.EmployeeMapper.queryByOne - <==      Total: 1
2025-04-17 05:05:24.448 [traceId=edbe724a371a4735992978d9965fb9a4] [http-nio-8080-exec-9] DEBUG c.sky.mapper.DishMapper.query_COUNT - ==>  Preparing: SELECT count(0) FROM dish
2025-04-17 05:05:24.449 [traceId=edbe724a371a4735992978d9965fb9a4] [http-nio-8080-exec-9] DEBUG c.sky.mapper.DishMapper.query_COUNT - ==> Parameters: 
2025-04-17 05:05:24.450 [traceId=edbe724a371a4735992978d9965fb9a4] [http-nio-8080-exec-9] DEBUG c.sky.mapper.DishMapper.query_COUNT - <==      Total: 1
2025-04-17 05:05:24.451 [traceId=edbe724a371a4735992978d9965fb9a4] [http-nio-8080-exec-9] DEBUG com.sky.mapper.DishMapper.query - ==>  Preparing: select id, name, category_id, price, image, description, status, create_time, update_time, create_user, update_user from dish order by create_time desc LIMIT ?
2025-04-17 05:05:24.451 [traceId=edbe724a371a4735992978d9965fb9a4] [http-nio-8080-exec-9] DEBUG com.sky.mapper.DishMapper.query - ==> Parameters: 10(Integer)
2025-04-17 05:05:24.459 [traceId=edbe724a371a4735992978d9965fb9a4] [http-nio-8080-exec-9] DEBUG com.sky.mapper.DishMapper.query - <==      Total: 10
2025-04-17 05:05:26.917 [traceId=89365e609ae04d59bbb0a6da57b4fcb5] [http-nio-8080-exec-10] DEBUG c.s.mapper.EmployeeMapper.queryByOne - ==>  Preparing: select * from employee where id=?
2025-04-17 05:05:26.917 [traceId=89365e609ae04d59bbb0a6da57b4fcb5] [http-nio-8080-exec-10] DEBUG c.s.mapper.EmployeeMapper.queryByOne - ==> Parameters: 1(Long)
2025-04-17 05:05:26.919 [traceId=89365e609ae04d59bbb0a6da57b4fcb5] [http-nio-8080-exec-10] DEBUG c.s.mapper.EmployeeMapper.queryByOne - <==      Total: 1
2025-04-17 05:05:26.920 [traceId=89365e609ae04d59bbb0a6da57b4fcb5] [http-nio-8080-exec-10] DEBUG c.sky.mapper.DishMapper.selectByList - ==>  Preparing: select id, name, category_id, price, image, description, status, create_time, update_time, create_user, update_user from dish where id in ( ? )
2025-04-17 05:05:26.921 [traceId=89365e609ae04d59bbb0a6da57b4fcb5] [http-nio-8080-exec-10] DEBUG c.sky.mapper.DishMapper.selectByList - ==> Parameters: 71(Long)
2025-04-17 05:05:26.933 [traceId=89365e609ae04d59bbb0a6da57b4fcb5] [http-nio-8080-exec-10] DEBUG c.sky.mapper.DishMapper.selectByList - <==      Total: 1
2025-04-17 05:05:26.937 [traceId=89365e609ae04d59bbb0a6da57b4fcb5] [http-nio-8080-exec-10] ERROR c.sky.handler.GlobalExceptionHandler - 异常信息：起售中的菜品不能删除
2025-04-17 05:05:30.907 [traceId=a2abcdd56a604642bfe7e0db29cdce47] [http-nio-8080-exec-1] DEBUG c.s.mapper.EmployeeMapper.queryByOne - ==>  Preparing: select * from employee where id=?
2025-04-17 05:05:30.907 [traceId=a2abcdd56a604642bfe7e0db29cdce47] [http-nio-8080-exec-1] DEBUG c.s.mapper.EmployeeMapper.queryByOne - ==> Parameters: 1(Long)
2025-04-17 05:05:30.910 [traceId=a2abcdd56a604642bfe7e0db29cdce47] [http-nio-8080-exec-1] DEBUG c.s.mapper.EmployeeMapper.queryByOne - <==      Total: 1
2025-04-17 05:05:30.911 [traceId=a2abcdd56a604642bfe7e0db29cdce47] [http-nio-8080-exec-1] DEBUG com.sky.mapper.CategoryMapper.list - ==>  Preparing: select * from category where status = 1 and type = ? order by sort asc,create_time desc
2025-04-17 05:05:30.911 [traceId=a2abcdd56a604642bfe7e0db29cdce47] [http-nio-8080-exec-1] DEBUG com.sky.mapper.CategoryMapper.list - ==> Parameters: 1(Integer)
2025-04-17 05:05:30.914 [traceId=a2abcdd56a604642bfe7e0db29cdce47] [http-nio-8080-exec-1] DEBUG com.sky.mapper.CategoryMapper.list - <==      Total: 8
2025-04-17 05:05:42.624 [traceId=8b91d7d6d4d14acaa5b76671630483b2] [http-nio-8080-exec-4] DEBUG c.s.mapper.EmployeeMapper.queryByOne - ==>  Preparing: select * from employee where id=?
2025-04-17 05:05:42.626 [traceId=8b91d7d6d4d14acaa5b76671630483b2] [http-nio-8080-exec-4] DEBUG c.s.mapper.EmployeeMapper.queryByOne - ==> Parameters: 1(Long)
2025-04-17 05:05:42.632 [traceId=8b91d7d6d4d14acaa5b76671630483b2] [http-nio-8080-exec-4] DEBUG c.s.mapper.EmployeeMapper.queryByOne - <==      Total: 1
2025-04-17 05:05:43.024 [traceId=8b91d7d6d4d14acaa5b76671630483b2] [http-nio-8080-exec-4] INFO  com.sky.utils.MinioUtil - 上传成功：http://localhost:9000/mybucket/2025-04-17/bf56c69fa2ab494382a13538ad52f950.png
2025-04-17 05:05:48.570 [traceId=26155246857c46668700d18554baeefb] [http-nio-8080-exec-5] DEBUG c.s.mapper.EmployeeMapper.queryByOne - ==>  Preparing: select * from employee where id=?
2025-04-17 05:05:48.571 [traceId=26155246857c46668700d18554baeefb] [http-nio-8080-exec-5] DEBUG c.s.mapper.EmployeeMapper.queryByOne - ==> Parameters: 1(Long)
2025-04-17 05:05:48.572 [traceId=26155246857c46668700d18554baeefb] [http-nio-8080-exec-5] DEBUG c.s.mapper.EmployeeMapper.queryByOne - <==      Total: 1
2025-04-17 05:05:48.615 [traceId=26155246857c46668700d18554baeefb] [http-nio-8080-exec-5] INFO  c.s.controller.admin.DishController - DishDTO(id=null, name=das, categoryId=16, price=111, image=http://localhost:9000/mybucket/2025-04-17/bf56c69fa2ab494382a13538ad52f950.png, description=, status=0, flavors=[DishFlavor(id=null, dishId=null, name=甜味, value=["全糖"])])
2025-04-17 05:05:48.629 [traceId=26155246857c46668700d18554baeefb] [http-nio-8080-exec-5] DEBUG com.sky.mapper.DishMapper.add - ==>  Preparing: insert into dish(id, name, category_id, price, image, description, status, create_time, update_time, create_user, update_user) values (?, ?, ?, ?, ?, ?, ?, ?, ?, ?, ?)
2025-04-17 05:05:48.630 [traceId=26155246857c46668700d18554baeefb] [http-nio-8080-exec-5] DEBUG com.sky.mapper.DishMapper.add - ==> Parameters: null, das(String), 16(Long), 111(BigDecimal), http://localhost:9000/mybucket/2025-04-17/bf56c69fa2ab494382a13538ad52f950.png(String), (String), 0(Integer), 2025-04-17T05:05:48.628644(LocalDateTime), 2025-04-17T05:05:48.628644(LocalDateTime), 1(Long), 1(Long)
2025-04-17 05:05:48.635 [traceId=26155246857c46668700d18554baeefb] [http-nio-8080-exec-5] DEBUG com.sky.mapper.DishMapper.add - <==    Updates: 1
2025-04-17 05:05:48.641 [traceId=26155246857c46668700d18554baeefb] [http-nio-8080-exec-5] DEBUG c.s.mapper.DishFlavorMapper.addBatch - ==>  Preparing: insert into sky_take_out.dish_flavor ( dish_id, name, value) values (?,?,?)
2025-04-17 05:05:48.641 [traceId=26155246857c46668700d18554baeefb] [http-nio-8080-exec-5] DEBUG c.s.mapper.DishFlavorMapper.addBatch - ==> Parameters: 73(Long), 甜味(String), ["全糖"](String)
2025-04-17 05:05:48.644 [traceId=26155246857c46668700d18554baeefb] [http-nio-8080-exec-5] DEBUG c.s.mapper.DishFlavorMapper.addBatch - <==    Updates: 1
2025-04-17 05:05:49.202 [traceId=9b5028a1d52a4c4d8777c7a9036b44f3] [http-nio-8080-exec-2] DEBUG c.s.mapper.EmployeeMapper.queryByOne - ==>  Preparing: select * from employee where id=?
2025-04-17 05:05:49.202 [traceId=8614e6af67894c43a38708abd29d8fd4] [http-nio-8080-exec-3] DEBUG c.s.mapper.EmployeeMapper.queryByOne - ==>  Preparing: select * from employee where id=?
2025-04-17 05:05:49.203 [traceId=8614e6af67894c43a38708abd29d8fd4] [http-nio-8080-exec-3] DEBUG c.s.mapper.EmployeeMapper.queryByOne - ==> Parameters: 1(Long)
2025-04-17 05:05:49.203 [traceId=9b5028a1d52a4c4d8777c7a9036b44f3] [http-nio-8080-exec-2] DEBUG c.s.mapper.EmployeeMapper.queryByOne - ==> Parameters: 1(Long)
2025-04-17 05:05:49.205 [traceId=9b5028a1d52a4c4d8777c7a9036b44f3] [http-nio-8080-exec-2] DEBUG c.s.mapper.EmployeeMapper.queryByOne - <==      Total: 1
2025-04-17 05:05:49.205 [traceId=8614e6af67894c43a38708abd29d8fd4] [http-nio-8080-exec-3] DEBUG c.s.mapper.EmployeeMapper.queryByOne - <==      Total: 1
2025-04-17 05:05:49.205 [traceId=9b5028a1d52a4c4d8777c7a9036b44f3] [http-nio-8080-exec-2] DEBUG com.sky.mapper.CategoryMapper.list - ==>  Preparing: select * from category where status = 1 and type = ? order by sort asc,create_time desc
2025-04-17 05:05:49.206 [traceId=9b5028a1d52a4c4d8777c7a9036b44f3] [http-nio-8080-exec-2] DEBUG com.sky.mapper.CategoryMapper.list - ==> Parameters: 1(Integer)
2025-04-17 05:05:49.207 [traceId=8614e6af67894c43a38708abd29d8fd4] [http-nio-8080-exec-3] DEBUG c.sky.mapper.DishMapper.query_COUNT - ==>  Preparing: SELECT count(0) FROM dish
2025-04-17 05:05:49.207 [traceId=8614e6af67894c43a38708abd29d8fd4] [http-nio-8080-exec-3] DEBUG c.sky.mapper.DishMapper.query_COUNT - ==> Parameters: 
2025-04-17 05:05:49.207 [traceId=9b5028a1d52a4c4d8777c7a9036b44f3] [http-nio-8080-exec-2] DEBUG com.sky.mapper.CategoryMapper.list - <==      Total: 8
2025-04-17 05:05:49.215 [traceId=8614e6af67894c43a38708abd29d8fd4] [http-nio-8080-exec-3] DEBUG c.sky.mapper.DishMapper.query_COUNT - <==      Total: 1
2025-04-17 05:05:49.215 [traceId=8614e6af67894c43a38708abd29d8fd4] [http-nio-8080-exec-3] DEBUG com.sky.mapper.DishMapper.query - ==>  Preparing: select id, name, category_id, price, image, description, status, create_time, update_time, create_user, update_user from dish order by create_time desc LIMIT ?
2025-04-17 05:05:49.216 [traceId=8614e6af67894c43a38708abd29d8fd4] [http-nio-8080-exec-3] DEBUG com.sky.mapper.DishMapper.query - ==> Parameters: 10(Integer)
2025-04-17 05:05:49.218 [traceId=8614e6af67894c43a38708abd29d8fd4] [http-nio-8080-exec-3] DEBUG com.sky.mapper.DishMapper.query - <==      Total: 10
2025-04-17 05:05:53.622 [traceId=612fd03582884d48a886e8d01be3fa17] [http-nio-8080-exec-7] DEBUG c.s.mapper.EmployeeMapper.queryByOne - ==>  Preparing: select * from employee where id=?
2025-04-17 05:05:53.622 [traceId=8b617f90a47f4dfdb75db8967639a63d] [http-nio-8080-exec-6] DEBUG c.s.mapper.EmployeeMapper.queryByOne - ==>  Preparing: select * from employee where id=?
2025-04-17 05:05:53.622 [traceId=612fd03582884d48a886e8d01be3fa17] [http-nio-8080-exec-7] DEBUG c.s.mapper.EmployeeMapper.queryByOne - ==> Parameters: 1(Long)
2025-04-17 05:05:53.622 [traceId=8b617f90a47f4dfdb75db8967639a63d] [http-nio-8080-exec-6] DEBUG c.s.mapper.EmployeeMapper.queryByOne - ==> Parameters: 1(Long)
2025-04-17 05:05:53.623 [traceId=8b617f90a47f4dfdb75db8967639a63d] [http-nio-8080-exec-6] DEBUG c.s.mapper.EmployeeMapper.queryByOne - <==      Total: 1
2025-04-17 05:05:53.624 [traceId=612fd03582884d48a886e8d01be3fa17] [http-nio-8080-exec-7] DEBUG c.s.mapper.EmployeeMapper.queryByOne - <==      Total: 1
2025-04-17 05:05:53.624 [traceId=612fd03582884d48a886e8d01be3fa17] [http-nio-8080-exec-7] DEBUG com.sky.mapper.CategoryMapper.list - ==>  Preparing: select * from category where status = 1 and type = ? order by sort asc,create_time desc
2025-04-17 05:05:53.624 [traceId=8b617f90a47f4dfdb75db8967639a63d] [http-nio-8080-exec-6] DEBUG com.sky.mapper.DishMapper.queryByOne - ==>  Preparing: select id, name, category_id, price, image, description, status, create_time, update_time, create_user, update_user from dish where id =?
2025-04-17 05:05:53.625 [traceId=612fd03582884d48a886e8d01be3fa17] [http-nio-8080-exec-7] DEBUG com.sky.mapper.CategoryMapper.list - ==> Parameters: 1(Integer)
2025-04-17 05:05:53.625 [traceId=8b617f90a47f4dfdb75db8967639a63d] [http-nio-8080-exec-6] DEBUG com.sky.mapper.DishMapper.queryByOne - ==> Parameters: 73(Long)
2025-04-17 05:05:53.629 [traceId=8b617f90a47f4dfdb75db8967639a63d] [http-nio-8080-exec-6] DEBUG com.sky.mapper.DishMapper.queryByOne - <==      Total: 1
2025-04-17 05:05:53.630 [traceId=8b617f90a47f4dfdb75db8967639a63d] [http-nio-8080-exec-6] DEBUG c.sky.mapper.DishFlavorMapper.query - ==>  Preparing: select id,dish_id,name,value from dish_flavor where dish_id=?
2025-04-17 05:05:53.630 [traceId=8b617f90a47f4dfdb75db8967639a63d] [http-nio-8080-exec-6] DEBUG c.sky.mapper.DishFlavorMapper.query - ==> Parameters: 73(Long)
2025-04-17 05:05:53.632 [traceId=8b617f90a47f4dfdb75db8967639a63d] [http-nio-8080-exec-6] DEBUG c.sky.mapper.DishFlavorMapper.query - <==      Total: 1
2025-04-17 05:05:53.632 [traceId=612fd03582884d48a886e8d01be3fa17] [http-nio-8080-exec-7] DEBUG com.sky.mapper.CategoryMapper.list - <==      Total: 8
2025-04-17 05:05:56.665 [traceId=b3b928ecbde946bc808dc46f727f6788] [http-nio-8080-exec-8] DEBUG c.s.mapper.EmployeeMapper.queryByOne - ==>  Preparing: select * from employee where id=?
2025-04-17 05:05:56.665 [traceId=f09416a090b549ada232200689094102] [http-nio-8080-exec-9] DEBUG c.s.mapper.EmployeeMapper.queryByOne - ==>  Preparing: select * from employee where id=?
2025-04-17 05:05:56.666 [traceId=b3b928ecbde946bc808dc46f727f6788] [http-nio-8080-exec-8] DEBUG c.s.mapper.EmployeeMapper.queryByOne - ==> Parameters: 1(Long)
2025-04-17 05:05:56.666 [traceId=f09416a090b549ada232200689094102] [http-nio-8080-exec-9] DEBUG c.s.mapper.EmployeeMapper.queryByOne - ==> Parameters: 1(Long)
2025-04-17 05:05:56.667 [traceId=b3b928ecbde946bc808dc46f727f6788] [http-nio-8080-exec-8] DEBUG c.s.mapper.EmployeeMapper.queryByOne - <==      Total: 1
2025-04-17 05:05:56.679 [traceId=b3b928ecbde946bc808dc46f727f6788] [http-nio-8080-exec-8] DEBUG c.sky.mapper.DishMapper.query_COUNT - ==>  Preparing: SELECT count(0) FROM dish
2025-04-17 05:05:56.679 [traceId=f09416a090b549ada232200689094102] [http-nio-8080-exec-9] DEBUG c.s.mapper.EmployeeMapper.queryByOne - <==      Total: 1
2025-04-17 05:05:56.679 [traceId=b3b928ecbde946bc808dc46f727f6788] [http-nio-8080-exec-8] DEBUG c.sky.mapper.DishMapper.query_COUNT - ==> Parameters: 
2025-04-17 05:05:56.680 [traceId=f09416a090b549ada232200689094102] [http-nio-8080-exec-9] DEBUG com.sky.mapper.CategoryMapper.list - ==>  Preparing: select * from category where status = 1 and type = ? order by sort asc,create_time desc
2025-04-17 05:05:56.680 [traceId=b3b928ecbde946bc808dc46f727f6788] [http-nio-8080-exec-8] DEBUG c.sky.mapper.DishMapper.query_COUNT - <==      Total: 1
2025-04-17 05:05:56.680 [traceId=f09416a090b549ada232200689094102] [http-nio-8080-exec-9] DEBUG com.sky.mapper.CategoryMapper.list - ==> Parameters: 1(Integer)
2025-04-17 05:05:56.680 [traceId=b3b928ecbde946bc808dc46f727f6788] [http-nio-8080-exec-8] DEBUG com.sky.mapper.DishMapper.query - ==>  Preparing: select id, name, category_id, price, image, description, status, create_time, update_time, create_user, update_user from dish order by create_time desc LIMIT ?
2025-04-17 05:05:56.680 [traceId=b3b928ecbde946bc808dc46f727f6788] [http-nio-8080-exec-8] DEBUG com.sky.mapper.DishMapper.query - ==> Parameters: 10(Integer)
2025-04-17 05:05:56.681 [traceId=f09416a090b549ada232200689094102] [http-nio-8080-exec-9] DEBUG com.sky.mapper.CategoryMapper.list - <==      Total: 8
2025-04-17 05:05:56.682 [traceId=b3b928ecbde946bc808dc46f727f6788] [http-nio-8080-exec-8] DEBUG com.sky.mapper.DishMapper.query - <==      Total: 10
2025-04-17 05:06:07.353 [traceId=71995d69c6c44101b156112f643c554d] [http-nio-8080-exec-10] DEBUG c.s.mapper.EmployeeMapper.queryByOne - ==>  Preparing: select * from employee where id=?
2025-04-17 05:06:07.353 [traceId=71995d69c6c44101b156112f643c554d] [http-nio-8080-exec-10] DEBUG c.s.mapper.EmployeeMapper.queryByOne - ==> Parameters: 1(Long)
2025-04-17 05:06:07.356 [traceId=71995d69c6c44101b156112f643c554d] [http-nio-8080-exec-10] DEBUG c.s.mapper.EmployeeMapper.queryByOne - <==      Total: 1
2025-04-17 05:06:07.361 [traceId=71995d69c6c44101b156112f643c554d] [http-nio-8080-exec-10] DEBUG c.sky.mapper.DishMapper.selectByList - ==>  Preparing: select id, name, category_id, price, image, description, status, create_time, update_time, create_user, update_user from dish where id in ( ? )
2025-04-17 05:06:07.361 [traceId=71995d69c6c44101b156112f643c554d] [http-nio-8080-exec-10] DEBUG c.sky.mapper.DishMapper.selectByList - ==> Parameters: 73(Long)
2025-04-17 05:06:07.362 [traceId=71995d69c6c44101b156112f643c554d] [http-nio-8080-exec-10] DEBUG c.sky.mapper.DishMapper.selectByList - <==      Total: 1
2025-04-17 05:06:07.362 [traceId=71995d69c6c44101b156112f643c554d] [http-nio-8080-exec-10] DEBUG c.s.m.S.getMealIdsByDishIds - ==>  Preparing: select dish_id from setmeal_dish where dish_id in ( ? )
2025-04-17 05:06:07.362 [traceId=71995d69c6c44101b156112f643c554d] [http-nio-8080-exec-10] DEBUG c.s.m.S.getMealIdsByDishIds - ==> Parameters: 73(Long)
2025-04-17 05:06:07.366 [traceId=71995d69c6c44101b156112f643c554d] [http-nio-8080-exec-10] DEBUG c.s.m.S.getMealIdsByDishIds - <==      Total: 0
2025-04-17 05:06:07.366 [traceId=71995d69c6c44101b156112f643c554d] [http-nio-8080-exec-10] DEBUG c.sky.mapper.DishMapper.deleteBatch - ==>  Preparing: delete from dish where id in ( ? )
2025-04-17 05:06:07.367 [traceId=71995d69c6c44101b156112f643c554d] [http-nio-8080-exec-10] DEBUG c.sky.mapper.DishMapper.deleteBatch - ==> Parameters: 73(Long)
2025-04-17 05:06:07.370 [traceId=71995d69c6c44101b156112f643c554d] [http-nio-8080-exec-10] DEBUG c.sky.mapper.DishMapper.deleteBatch - <==    Updates: 1
2025-04-17 05:06:07.421 [traceId=71995d69c6c44101b156112f643c554d] [http-nio-8080-exec-10] DEBUG c.s.mapper.DishFlavorMapper.delBatch - ==>  Preparing: delete from dish_flavor where dish_id in ( ? )
2025-04-17 05:06:07.451 [traceId=71995d69c6c44101b156112f643c554d] [http-nio-8080-exec-10] DEBUG c.s.mapper.DishFlavorMapper.delBatch - ==> Parameters: 73(Long)
2025-04-17 05:06:07.455 [traceId=71995d69c6c44101b156112f643c554d] [http-nio-8080-exec-10] DEBUG c.s.mapper.DishFlavorMapper.delBatch - <==    Updates: 1
2025-04-17 05:06:07.524 [traceId=3f187335eb9e4280b9f09ec8046a2582] [http-nio-8080-exec-1] DEBUG c.s.mapper.EmployeeMapper.queryByOne - ==>  Preparing: select * from employee where id=?
2025-04-17 05:06:07.525 [traceId=3f187335eb9e4280b9f09ec8046a2582] [http-nio-8080-exec-1] DEBUG c.s.mapper.EmployeeMapper.queryByOne - ==> Parameters: 1(Long)
2025-04-17 05:06:07.526 [traceId=3f187335eb9e4280b9f09ec8046a2582] [http-nio-8080-exec-1] DEBUG c.s.mapper.EmployeeMapper.queryByOne - <==      Total: 1
2025-04-17 05:06:07.529 [traceId=3f187335eb9e4280b9f09ec8046a2582] [http-nio-8080-exec-1] DEBUG c.sky.mapper.DishMapper.query_COUNT - ==>  Preparing: SELECT count(0) FROM dish
2025-04-17 05:06:07.529 [traceId=3f187335eb9e4280b9f09ec8046a2582] [http-nio-8080-exec-1] DEBUG c.sky.mapper.DishMapper.query_COUNT - ==> Parameters: 
2025-04-17 05:06:07.530 [traceId=3f187335eb9e4280b9f09ec8046a2582] [http-nio-8080-exec-1] DEBUG c.sky.mapper.DishMapper.query_COUNT - <==      Total: 1
2025-04-17 05:06:07.530 [traceId=3f187335eb9e4280b9f09ec8046a2582] [http-nio-8080-exec-1] DEBUG com.sky.mapper.DishMapper.query - ==>  Preparing: select id, name, category_id, price, image, description, status, create_time, update_time, create_user, update_user from dish order by create_time desc LIMIT ?
2025-04-17 05:06:07.530 [traceId=3f187335eb9e4280b9f09ec8046a2582] [http-nio-8080-exec-1] DEBUG com.sky.mapper.DishMapper.query - ==> Parameters: 10(Integer)
2025-04-17 05:06:07.533 [traceId=3f187335eb9e4280b9f09ec8046a2582] [http-nio-8080-exec-1] DEBUG com.sky.mapper.DishMapper.query - <==      Total: 10
2025-04-17 05:06:13.686 [traceId=00431c2239fe4e3583077aa5907209b9] [http-nio-8080-exec-4] WARN  o.s.web.servlet.PageNotFound - No mapping for POST /admin/dish/status/0
2025-04-17 05:08:29.182 [traceId=] [SpringApplicationShutdownHook] INFO  c.alibaba.druid.pool.DruidDataSource - {dataSource-1} closing ...
2025-04-17 05:08:29.191 [traceId=] [SpringApplicationShutdownHook] INFO  c.alibaba.druid.pool.DruidDataSource - {dataSource-1} closed
2025-04-17 05:08:33.099 [traceId=] [main] INFO  com.sky.SkyApplication - Starting SkyApplication using Java 17.0.12 on 192.168.0.100 with PID 94772 (/Users/zry/Desktop/sky-out/sky-server/target/classes started by zry in /Users/zry/Desktop/sky-out)
2025-04-17 05:08:33.101 [traceId=] [main] INFO  com.sky.SkyApplication - The following 1 profile is active: "dev"
2025-04-17 05:08:33.956 [traceId=] [main] INFO  o.s.d.r.c.RepositoryConfigurationDelegate - Multiple Spring Data modules found, entering strict repository configuration mode
2025-04-17 05:08:33.959 [traceId=] [main] INFO  o.s.d.r.c.RepositoryConfigurationDelegate - Bootstrapping Spring Data Redis repositories in DEFAULT mode.
2025-04-17 05:08:33.985 [traceId=] [main] INFO  o.s.d.r.c.RepositoryConfigurationDelegate - Finished Spring Data repository scanning in 12 ms. Found 0 Redis repository interfaces.
2025-04-17 05:08:34.852 [traceId=] [main] INFO  o.s.b.w.e.tomcat.TomcatWebServer - Tomcat initialized with port(s): 8080 (http)
2025-04-17 05:08:34.863 [traceId=] [main] INFO  o.a.coyote.http11.Http11NioProtocol - Initializing ProtocolHandler ["http-nio-8080"]
2025-04-17 05:08:34.864 [traceId=] [main] INFO  o.a.catalina.core.StandardService - Starting service [Tomcat]
2025-04-17 05:08:34.864 [traceId=] [main] INFO  o.a.catalina.core.StandardEngine - Starting Servlet engine: [Apache Tomcat/9.0.65]
2025-04-17 05:08:34.983 [traceId=] [main] INFO  o.a.c.c.C.[Tomcat].[localhost].[/] - Initializing Spring embedded WebApplicationContext
2025-04-17 05:08:34.984 [traceId=] [main] INFO  o.s.b.w.s.c.ServletWebServerApplicationContext - Root WebApplicationContext: initialization completed in 1837 ms
2025-04-17 05:08:35.125 [traceId=] [main] INFO  c.a.d.s.b.a.DruidDataSourceAutoConfigure - Init DruidDataSource
2025-04-17 05:08:35.267 [traceId=] [main] INFO  c.alibaba.druid.pool.DruidDataSource - {dataSource-1} inited
2025-04-17 05:08:35.521 [traceId=] [main] INFO  com.sky.config.MinioConfiguration - 加载minio配置值：MinioProperties(endpoint=http://localhost:9000, accessKey=minioadmin, secretKey=minioadmin, bucketName=mybucket)
2025-04-17 05:08:35.782 [traceId=] [main] INFO  com.sky.config.WebMvcConfiguration - 开始注册自定义拦截器...
2025-04-17 05:08:35.814 [traceId=] [main] WARN  o.s.b.w.s.c.AnnotationConfigServletWebServerApplicationContext - Exception encountered during context initialization - cancelling refresh attempt: org.springframework.beans.factory.UnsatisfiedDependencyException: Error creating bean with name 'documentationPluginsBootstrapper' defined in URL [jar:file:/Users/zry/.m2/repository/io/springfox/springfox-spring-web/3.0.0/springfox-spring-web-3.0.0.jar!/springfox/documentation/spring/web/plugins/DocumentationPluginsBootstrapper.class]: Unsatisfied dependency expressed through constructor parameter 1; nested exception is org.springframework.beans.factory.UnsatisfiedDependencyException: Error creating bean with name 'webMvcRequestHandlerProvider' defined in URL [jar:file:/Users/zry/.m2/repository/io/springfox/springfox-spring-webmvc/3.0.0/springfox-spring-webmvc-3.0.0.jar!/springfox/documentation/spring/web/plugins/WebMvcRequestHandlerProvider.class]: Unsatisfied dependency expressed through constructor parameter 2; nested exception is org.springframework.beans.factory.BeanCreationException: Error creating bean with name 'requestMappingHandlerMapping' defined in class path resource [com/sky/config/WebMvcConfiguration.class]: Invocation of init method failed; nested exception is java.lang.IllegalStateException: Ambiguous mapping. Cannot map 'dishController' method 
com.sky.controller.admin.DishController#Status(DishDTO)
to {POST [/admin/dish]}: There is already 'dishController' bean method
com.sky.controller.admin.DishController#save(DishDTO) mapped.
2025-04-17 05:08:35.815 [traceId=] [main] INFO  c.alibaba.druid.pool.DruidDataSource - {dataSource-1} closing ...
2025-04-17 05:08:35.817 [traceId=] [main] INFO  c.alibaba.druid.pool.DruidDataSource - {dataSource-1} closed
2025-04-17 05:08:35.820 [traceId=] [main] INFO  o.a.catalina.core.StandardService - Stopping service [Tomcat]
2025-04-17 05:08:35.842 [traceId=] [main] INFO  o.s.b.a.l.ConditionEvaluationReportLoggingListener - 

Error starting ApplicationContext. To display the conditions report re-run your application with 'debug' enabled.
2025-04-17 05:08:35.861 [traceId=] [main] ERROR o.s.boot.SpringApplication - Application run failed
org.springframework.beans.factory.UnsatisfiedDependencyException: Error creating bean with name 'documentationPluginsBootstrapper' defined in URL [jar:file:/Users/zry/.m2/repository/io/springfox/springfox-spring-web/3.0.0/springfox-spring-web-3.0.0.jar!/springfox/documentation/spring/web/plugins/DocumentationPluginsBootstrapper.class]: Unsatisfied dependency expressed through constructor parameter 1; nested exception is org.springframework.beans.factory.UnsatisfiedDependencyException: Error creating bean with name 'webMvcRequestHandlerProvider' defined in URL [jar:file:/Users/zry/.m2/repository/io/springfox/springfox-spring-webmvc/3.0.0/springfox-spring-webmvc-3.0.0.jar!/springfox/documentation/spring/web/plugins/WebMvcRequestHandlerProvider.class]: Unsatisfied dependency expressed through constructor parameter 2; nested exception is org.springframework.beans.factory.BeanCreationException: Error creating bean with name 'requestMappingHandlerMapping' defined in class path resource [com/sky/config/WebMvcConfiguration.class]: Invocation of init method failed; nested exception is java.lang.IllegalStateException: Ambiguous mapping. Cannot map 'dishController' method 
com.sky.controller.admin.DishController#Status(DishDTO)
to {POST [/admin/dish]}: There is already 'dishController' bean method
com.sky.controller.admin.DishController#save(DishDTO) mapped.
	at org.springframework.beans.factory.support.ConstructorResolver.createArgumentArray(ConstructorResolver.java:800)
	at org.springframework.beans.factory.support.ConstructorResolver.autowireConstructor(ConstructorResolver.java:229)
	at org.springframework.beans.factory.support.AbstractAutowireCapableBeanFactory.autowireConstructor(AbstractAutowireCapableBeanFactory.java:1372)
	at org.springframework.beans.factory.support.AbstractAutowireCapableBeanFactory.createBeanInstance(AbstractAutowireCapableBeanFactory.java:1222)
	at org.springframework.beans.factory.support.AbstractAutowireCapableBeanFactory.doCreateBean(AbstractAutowireCapableBeanFactory.java:582)
	at org.springframework.beans.factory.support.AbstractAutowireCapableBeanFactory.createBean(AbstractAutowireCapableBeanFactory.java:542)
	at org.springframework.beans.factory.support.AbstractBeanFactory.lambda$doGetBean$0(AbstractBeanFactory.java:335)
	at org.springframework.beans.factory.support.DefaultSingletonBeanRegistry.getSingleton(DefaultSingletonBeanRegistry.java:234)
	at org.springframework.beans.factory.support.AbstractBeanFactory.doGetBean(AbstractBeanFactory.java:333)
	at org.springframework.beans.factory.support.AbstractBeanFactory.getBean(AbstractBeanFactory.java:208)
	at org.springframework.beans.factory.support.DefaultListableBeanFactory.preInstantiateSingletons(DefaultListableBeanFactory.java:955)
	at org.springframework.context.support.AbstractApplicationContext.finishBeanFactoryInitialization(AbstractApplicationContext.java:918)
	at org.springframework.context.support.AbstractApplicationContext.refresh(AbstractApplicationContext.java:583)
	at org.springframework.boot.web.servlet.context.ServletWebServerApplicationContext.refresh(ServletWebServerApplicationContext.java:147)
	at org.springframework.boot.SpringApplication.refresh(SpringApplication.java:734)
	at org.springframework.boot.SpringApplication.refreshContext(SpringApplication.java:408)
	at org.springframework.boot.SpringApplication.run(SpringApplication.java:308)
	at org.springframework.boot.SpringApplication.run(SpringApplication.java:1306)
	at org.springframework.boot.SpringApplication.run(SpringApplication.java:1295)
	at com.sky.SkyApplication.main(SkyApplication.java:13)
Caused by: org.springframework.beans.factory.UnsatisfiedDependencyException: Error creating bean with name 'webMvcRequestHandlerProvider' defined in URL [jar:file:/Users/zry/.m2/repository/io/springfox/springfox-spring-webmvc/3.0.0/springfox-spring-webmvc-3.0.0.jar!/springfox/documentation/spring/web/plugins/WebMvcRequestHandlerProvider.class]: Unsatisfied dependency expressed through constructor parameter 2; nested exception is org.springframework.beans.factory.BeanCreationException: Error creating bean with name 'requestMappingHandlerMapping' defined in class path resource [com/sky/config/WebMvcConfiguration.class]: Invocation of init method failed; nested exception is java.lang.IllegalStateException: Ambiguous mapping. Cannot map 'dishController' method 
com.sky.controller.admin.DishController#Status(DishDTO)
to {POST [/admin/dish]}: There is already 'dishController' bean method
com.sky.controller.admin.DishController#save(DishDTO) mapped.
	at org.springframework.beans.factory.support.ConstructorResolver.createArgumentArray(ConstructorResolver.java:800)
	at org.springframework.beans.factory.support.ConstructorResolver.autowireConstructor(ConstructorResolver.java:229)
	at org.springframework.beans.factory.support.AbstractAutowireCapableBeanFactory.autowireConstructor(AbstractAutowireCapableBeanFactory.java:1372)
	at org.springframework.beans.factory.support.AbstractAutowireCapableBeanFactory.createBeanInstance(AbstractAutowireCapableBeanFactory.java:1222)
	at org.springframework.beans.factory.support.AbstractAutowireCapableBeanFactory.doCreateBean(AbstractAutowireCapableBeanFactory.java:582)
	at org.springframework.beans.factory.support.AbstractAutowireCapableBeanFactory.createBean(AbstractAutowireCapableBeanFactory.java:542)
	at org.springframework.beans.factory.support.AbstractBeanFactory.lambda$doGetBean$0(AbstractBeanFactory.java:335)
	at org.springframework.beans.factory.support.DefaultSingletonBeanRegistry.getSingleton(DefaultSingletonBeanRegistry.java:234)
	at org.springframework.beans.factory.support.AbstractBeanFactory.doGetBean(AbstractBeanFactory.java:333)
	at org.springframework.beans.factory.support.AbstractBeanFactory.getBean(AbstractBeanFactory.java:208)
	at org.springframework.beans.factory.config.DependencyDescriptor.resolveCandidate(DependencyDescriptor.java:276)
	at org.springframework.beans.factory.support.DefaultListableBeanFactory.addCandidateEntry(DefaultListableBeanFactory.java:1609)
	at org.springframework.beans.factory.support.DefaultListableBeanFactory.findAutowireCandidates(DefaultListableBeanFactory.java:1573)
	at org.springframework.beans.factory.support.DefaultListableBeanFactory.resolveMultipleBeans(DefaultListableBeanFactory.java:1462)
	at org.springframework.beans.factory.support.DefaultListableBeanFactory.doResolveDependency(DefaultListableBeanFactory.java:1349)
	at org.springframework.beans.factory.support.DefaultListableBeanFactory.resolveDependency(DefaultListableBeanFactory.java:1311)
	at org.springframework.beans.factory.support.ConstructorResolver.resolveAutowiredArgument(ConstructorResolver.java:887)
	at org.springframework.beans.factory.support.ConstructorResolver.createArgumentArray(ConstructorResolver.java:791)
	... 19 common frames omitted
Caused by: org.springframework.beans.factory.BeanCreationException: Error creating bean with name 'requestMappingHandlerMapping' defined in class path resource [com/sky/config/WebMvcConfiguration.class]: Invocation of init method failed; nested exception is java.lang.IllegalStateException: Ambiguous mapping. Cannot map 'dishController' method 
com.sky.controller.admin.DishController#Status(DishDTO)
to {POST [/admin/dish]}: There is already 'dishController' bean method
com.sky.controller.admin.DishController#save(DishDTO) mapped.
	at org.springframework.beans.factory.support.AbstractAutowireCapableBeanFactory.initializeBean(AbstractAutowireCapableBeanFactory.java:1804)
	at org.springframework.beans.factory.support.AbstractAutowireCapableBeanFactory.doCreateBean(AbstractAutowireCapableBeanFactory.java:620)
	at org.springframework.beans.factory.support.AbstractAutowireCapableBeanFactory.createBean(AbstractAutowireCapableBeanFactory.java:542)
	at org.springframework.beans.factory.support.AbstractBeanFactory.lambda$doGetBean$0(AbstractBeanFactory.java:335)
	at org.springframework.beans.factory.support.DefaultSingletonBeanRegistry.getSingleton(DefaultSingletonBeanRegistry.java:234)
	at org.springframework.beans.factory.support.AbstractBeanFactory.doGetBean(AbstractBeanFactory.java:333)
	at org.springframework.beans.factory.support.AbstractBeanFactory.getBean(AbstractBeanFactory.java:208)
	at org.springframework.beans.factory.config.DependencyDescriptor.resolveCandidate(DependencyDescriptor.java:276)
	at org.springframework.beans.factory.support.DefaultListableBeanFactory.addCandidateEntry(DefaultListableBeanFactory.java:1609)
	at org.springframework.beans.factory.support.DefaultListableBeanFactory.findAutowireCandidates(DefaultListableBeanFactory.java:1573)
	at org.springframework.beans.factory.support.DefaultListableBeanFactory.resolveMultipleBeans(DefaultListableBeanFactory.java:1462)
	at org.springframework.beans.factory.support.DefaultListableBeanFactory.doResolveDependency(DefaultListableBeanFactory.java:1349)
	at org.springframework.beans.factory.support.DefaultListableBeanFactory.resolveDependency(DefaultListableBeanFactory.java:1311)
	at org.springframework.beans.factory.support.ConstructorResolver.resolveAutowiredArgument(ConstructorResolver.java:887)
	at org.springframework.beans.factory.support.ConstructorResolver.createArgumentArray(ConstructorResolver.java:791)
	... 36 common frames omitted
Caused by: java.lang.IllegalStateException: Ambiguous mapping. Cannot map 'dishController' method 
com.sky.controller.admin.DishController#Status(DishDTO)
to {POST [/admin/dish]}: There is already 'dishController' bean method
com.sky.controller.admin.DishController#save(DishDTO) mapped.
	at org.springframework.web.servlet.handler.AbstractHandlerMethodMapping$MappingRegistry.validateMethodMapping(AbstractHandlerMethodMapping.java:669)
	at org.springframework.web.servlet.handler.AbstractHandlerMethodMapping$MappingRegistry.register(AbstractHandlerMethodMapping.java:635)
	at org.springframework.web.servlet.handler.AbstractHandlerMethodMapping.registerHandlerMethod(AbstractHandlerMethodMapping.java:332)
	at org.springframework.web.servlet.mvc.method.annotation.RequestMappingHandlerMapping.registerHandlerMethod(RequestMappingHandlerMapping.java:420)
	at org.springframework.web.servlet.mvc.method.annotation.RequestMappingHandlerMapping.registerHandlerMethod(RequestMappingHandlerMapping.java:76)
	at org.springframework.web.servlet.handler.AbstractHandlerMethodMapping.lambda$detectHandlerMethods$2(AbstractHandlerMethodMapping.java:299)
	at java.base/java.util.LinkedHashMap.forEach(LinkedHashMap.java:721)
	at org.springframework.web.servlet.handler.AbstractHandlerMethodMapping.detectHandlerMethods(AbstractHandlerMethodMapping.java:297)
	at org.springframework.web.servlet.handler.AbstractHandlerMethodMapping.processCandidateBean(AbstractHandlerMethodMapping.java:266)
	at org.springframework.web.servlet.handler.AbstractHandlerMethodMapping.initHandlerMethods(AbstractHandlerMethodMapping.java:225)
	at org.springframework.web.servlet.handler.AbstractHandlerMethodMapping.afterPropertiesSet(AbstractHandlerMethodMapping.java:213)
	at org.springframework.web.servlet.mvc.method.annotation.RequestMappingHandlerMapping.afterPropertiesSet(RequestMappingHandlerMapping.java:205)
	at org.springframework.beans.factory.support.AbstractAutowireCapableBeanFactory.invokeInitMethods(AbstractAutowireCapableBeanFactory.java:1863)
	at org.springframework.beans.factory.support.AbstractAutowireCapableBeanFactory.initializeBean(AbstractAutowireCapableBeanFactory.java:1800)
	... 50 common frames omitted
2025-04-17 05:10:06.290 [traceId=] [main] INFO  com.sky.SkyApplication - Starting SkyApplication using Java 17.0.12 on 192.168.0.100 with PID 95713 (/Users/zry/Desktop/sky-out/sky-server/target/classes started by zry in /Users/zry/Desktop/sky-out)
2025-04-17 05:10:06.291 [traceId=] [main] INFO  com.sky.SkyApplication - The following 1 profile is active: "dev"
2025-04-17 05:10:07.191 [traceId=] [main] INFO  o.s.d.r.c.RepositoryConfigurationDelegate - Multiple Spring Data modules found, entering strict repository configuration mode
2025-04-17 05:10:07.195 [traceId=] [main] INFO  o.s.d.r.c.RepositoryConfigurationDelegate - Bootstrapping Spring Data Redis repositories in DEFAULT mode.
2025-04-17 05:10:07.222 [traceId=] [main] INFO  o.s.d.r.c.RepositoryConfigurationDelegate - Finished Spring Data repository scanning in 12 ms. Found 0 Redis repository interfaces.
2025-04-17 05:10:08.121 [traceId=] [main] INFO  o.s.b.w.e.tomcat.TomcatWebServer - Tomcat initialized with port(s): 8080 (http)
2025-04-17 05:10:08.131 [traceId=] [main] INFO  o.a.coyote.http11.Http11NioProtocol - Initializing ProtocolHandler ["http-nio-8080"]
2025-04-17 05:10:08.131 [traceId=] [main] INFO  o.a.catalina.core.StandardService - Starting service [Tomcat]
2025-04-17 05:10:08.131 [traceId=] [main] INFO  o.a.catalina.core.StandardEngine - Starting Servlet engine: [Apache Tomcat/9.0.65]
2025-04-17 05:10:08.236 [traceId=] [main] INFO  o.a.c.c.C.[Tomcat].[localhost].[/] - Initializing Spring embedded WebApplicationContext
2025-04-17 05:10:08.236 [traceId=] [main] INFO  o.s.b.w.s.c.ServletWebServerApplicationContext - Root WebApplicationContext: initialization completed in 1902 ms
2025-04-17 05:10:08.372 [traceId=] [main] INFO  c.a.d.s.b.a.DruidDataSourceAutoConfigure - Init DruidDataSource
2025-04-17 05:10:08.528 [traceId=] [main] INFO  c.alibaba.druid.pool.DruidDataSource - {dataSource-1} inited
2025-04-17 05:10:08.794 [traceId=] [main] INFO  com.sky.config.MinioConfiguration - 加载minio配置值：MinioProperties(endpoint=http://localhost:9000, accessKey=minioadmin, secretKey=minioadmin, bucketName=mybucket)
2025-04-17 05:10:09.056 [traceId=] [main] INFO  com.sky.config.WebMvcConfiguration - 开始注册自定义拦截器...
2025-04-17 05:10:10.034 [traceId=] [main] INFO  o.a.coyote.http11.Http11NioProtocol - Starting ProtocolHandler ["http-nio-8080"]
2025-04-17 05:10:10.053 [traceId=] [main] INFO  o.s.b.w.e.tomcat.TomcatWebServer - Tomcat started on port(s): 8080 (http) with context path ''
2025-04-17 05:10:10.372 [traceId=] [main] INFO  com.sky.SkyApplication - Started SkyApplication in 4.659 seconds (JVM running for 5.35)
2025-04-17 05:10:10.375 [traceId=] [main] INFO  com.sky.SkyApplication - server started
2025-04-17 05:10:18.879 [traceId=] [http-nio-8080-exec-1] INFO  o.a.c.c.C.[Tomcat].[localhost].[/] - Initializing Spring DispatcherServlet 'dispatcherServlet'
2025-04-17 05:10:18.880 [traceId=] [http-nio-8080-exec-1] INFO  o.s.web.servlet.DispatcherServlet - Initializing Servlet 'dispatcherServlet'
2025-04-17 05:10:18.881 [traceId=] [http-nio-8080-exec-1] INFO  o.s.web.servlet.DispatcherServlet - Completed initialization in 1 ms
2025-04-17 05:10:18.896 [traceId=407c86894cae4bb1845f9bdc33650fd8] [http-nio-8080-exec-1] WARN  o.s.web.servlet.PageNotFound - No mapping for POST /admin/dish/status/0
2025-04-17 05:12:30.471 [traceId=] [SpringApplicationShutdownHook] INFO  c.alibaba.druid.pool.DruidDataSource - {dataSource-1} closing ...
2025-04-17 05:12:30.472 [traceId=] [SpringApplicationShutdownHook] INFO  c.alibaba.druid.pool.DruidDataSource - {dataSource-1} closed
2025-04-17 05:12:34.611 [traceId=] [main] INFO  com.sky.SkyApplication - Starting SkyApplication using Java 17.0.12 on 192.168.0.100 with PID 97271 (/Users/zry/Desktop/sky-out/sky-server/target/classes started by zry in /Users/zry/Desktop/sky-out)
2025-04-17 05:12:34.612 [traceId=] [main] INFO  com.sky.SkyApplication - The following 1 profile is active: "dev"
2025-04-17 05:12:35.497 [traceId=] [main] INFO  o.s.d.r.c.RepositoryConfigurationDelegate - Multiple Spring Data modules found, entering strict repository configuration mode
2025-04-17 05:12:35.500 [traceId=] [main] INFO  o.s.d.r.c.RepositoryConfigurationDelegate - Bootstrapping Spring Data Redis repositories in DEFAULT mode.
2025-04-17 05:12:35.528 [traceId=] [main] INFO  o.s.d.r.c.RepositoryConfigurationDelegate - Finished Spring Data repository scanning in 12 ms. Found 0 Redis repository interfaces.
2025-04-17 05:12:36.418 [traceId=] [main] INFO  o.s.b.w.e.tomcat.TomcatWebServer - Tomcat initialized with port(s): 8080 (http)
2025-04-17 05:12:36.428 [traceId=] [main] INFO  o.a.coyote.http11.Http11NioProtocol - Initializing ProtocolHandler ["http-nio-8080"]
2025-04-17 05:12:36.429 [traceId=] [main] INFO  o.a.catalina.core.StandardService - Starting service [Tomcat]
2025-04-17 05:12:36.429 [traceId=] [main] INFO  o.a.catalina.core.StandardEngine - Starting Servlet engine: [Apache Tomcat/9.0.65]
2025-04-17 05:12:36.544 [traceId=] [main] INFO  o.a.c.c.C.[Tomcat].[localhost].[/] - Initializing Spring embedded WebApplicationContext
2025-04-17 05:12:36.544 [traceId=] [main] INFO  o.s.b.w.s.c.ServletWebServerApplicationContext - Root WebApplicationContext: initialization completed in 1884 ms
2025-04-17 05:12:36.680 [traceId=] [main] INFO  c.a.d.s.b.a.DruidDataSourceAutoConfigure - Init DruidDataSource
2025-04-17 05:12:36.821 [traceId=] [main] INFO  c.alibaba.druid.pool.DruidDataSource - {dataSource-1} inited
2025-04-17 05:12:37.091 [traceId=] [main] INFO  com.sky.config.MinioConfiguration - 加载minio配置值：MinioProperties(endpoint=http://localhost:9000, accessKey=minioadmin, secretKey=minioadmin, bucketName=mybucket)
2025-04-17 05:12:37.341 [traceId=] [main] INFO  com.sky.config.WebMvcConfiguration - 开始注册自定义拦截器...
2025-04-17 05:12:38.270 [traceId=] [main] INFO  o.a.coyote.http11.Http11NioProtocol - Starting ProtocolHandler ["http-nio-8080"]
2025-04-17 05:12:38.288 [traceId=] [main] INFO  o.s.b.w.e.tomcat.TomcatWebServer - Tomcat started on port(s): 8080 (http) with context path ''
2025-04-17 05:12:38.684 [traceId=] [main] INFO  com.sky.SkyApplication - Started SkyApplication in 4.669 seconds (JVM running for 5.472)
2025-04-17 05:12:38.687 [traceId=] [main] INFO  com.sky.SkyApplication - server started
2025-04-17 05:12:57.177 [traceId=] [http-nio-8080-exec-1] INFO  o.a.c.c.C.[Tomcat].[localhost].[/] - Initializing Spring DispatcherServlet 'dispatcherServlet'
2025-04-17 05:12:57.177 [traceId=] [http-nio-8080-exec-1] INFO  o.s.web.servlet.DispatcherServlet - Initializing Servlet 'dispatcherServlet'
2025-04-17 05:12:57.179 [traceId=] [http-nio-8080-exec-1] INFO  o.s.web.servlet.DispatcherServlet - Completed initialization in 1 ms
2025-04-17 05:12:57.193 [traceId=cfe904c3379448c1a98c8047eac92f07] [http-nio-8080-exec-1] WARN  o.s.web.servlet.PageNotFound - No mapping for POST /admin/dish/status/0
2025-04-17 05:13:39.346 [traceId=] [SpringApplicationShutdownHook] INFO  c.alibaba.druid.pool.DruidDataSource - {dataSource-1} closing ...
2025-04-17 05:13:39.347 [traceId=] [SpringApplicationShutdownHook] INFO  c.alibaba.druid.pool.DruidDataSource - {dataSource-1} closed
2025-04-17 05:13:43.453 [traceId=] [main] INFO  com.sky.SkyApplication - Starting SkyApplication using Java 17.0.12 on 192.168.0.100 with PID 97826 (/Users/zry/Desktop/sky-out/sky-server/target/classes started by zry in /Users/zry/Desktop/sky-out)
2025-04-17 05:13:43.454 [traceId=] [main] INFO  com.sky.SkyApplication - The following 1 profile is active: "dev"
2025-04-17 05:13:44.374 [traceId=] [main] INFO  o.s.d.r.c.RepositoryConfigurationDelegate - Multiple Spring Data modules found, entering strict repository configuration mode
2025-04-17 05:13:44.377 [traceId=] [main] INFO  o.s.d.r.c.RepositoryConfigurationDelegate - Bootstrapping Spring Data Redis repositories in DEFAULT mode.
2025-04-17 05:13:44.406 [traceId=] [main] INFO  o.s.d.r.c.RepositoryConfigurationDelegate - Finished Spring Data repository scanning in 13 ms. Found 0 Redis repository interfaces.
2025-04-17 05:13:45.324 [traceId=] [main] INFO  o.s.b.w.e.tomcat.TomcatWebServer - Tomcat initialized with port(s): 8080 (http)
2025-04-17 05:13:45.334 [traceId=] [main] INFO  o.a.coyote.http11.Http11NioProtocol - Initializing ProtocolHandler ["http-nio-8080"]
2025-04-17 05:13:45.334 [traceId=] [main] INFO  o.a.catalina.core.StandardService - Starting service [Tomcat]
2025-04-17 05:13:45.334 [traceId=] [main] INFO  o.a.catalina.core.StandardEngine - Starting Servlet engine: [Apache Tomcat/9.0.65]
2025-04-17 05:13:45.448 [traceId=] [main] INFO  o.a.c.c.C.[Tomcat].[localhost].[/] - Initializing Spring embedded WebApplicationContext
2025-04-17 05:13:45.448 [traceId=] [main] INFO  o.s.b.w.s.c.ServletWebServerApplicationContext - Root WebApplicationContext: initialization completed in 1946 ms
2025-04-17 05:13:45.592 [traceId=] [main] INFO  c.a.d.s.b.a.DruidDataSourceAutoConfigure - Init DruidDataSource
2025-04-17 05:13:45.743 [traceId=] [main] INFO  c.alibaba.druid.pool.DruidDataSource - {dataSource-1} inited
2025-04-17 05:13:46.024 [traceId=] [main] INFO  com.sky.config.MinioConfiguration - 加载minio配置值：MinioProperties(endpoint=http://localhost:9000, accessKey=minioadmin, secretKey=minioadmin, bucketName=mybucket)
2025-04-17 05:13:46.298 [traceId=] [main] INFO  com.sky.config.WebMvcConfiguration - 开始注册自定义拦截器...
2025-04-17 05:13:47.286 [traceId=] [main] INFO  o.a.coyote.http11.Http11NioProtocol - Starting ProtocolHandler ["http-nio-8080"]
2025-04-17 05:13:47.304 [traceId=] [main] INFO  o.s.b.w.e.tomcat.TomcatWebServer - Tomcat started on port(s): 8080 (http) with context path ''
2025-04-17 05:13:47.628 [traceId=] [main] INFO  com.sky.SkyApplication - Started SkyApplication in 4.811 seconds (JVM running for 5.692)
2025-04-17 05:13:47.630 [traceId=] [main] INFO  com.sky.SkyApplication - server started
2025-04-17 05:14:06.336 [traceId=] [http-nio-8080-exec-1] INFO  o.a.c.c.C.[Tomcat].[localhost].[/] - Initializing Spring DispatcherServlet 'dispatcherServlet'
2025-04-17 05:14:06.337 [traceId=] [http-nio-8080-exec-1] INFO  o.s.web.servlet.DispatcherServlet - Initializing Servlet 'dispatcherServlet'
2025-04-17 05:14:06.338 [traceId=] [http-nio-8080-exec-1] INFO  o.s.web.servlet.DispatcherServlet - Completed initialization in 1 ms
2025-04-17 05:14:06.352 [traceId=bd7cd53744274e1ea41e5de2698fc402] [http-nio-8080-exec-1] WARN  o.s.web.servlet.PageNotFound - No mapping for POST /admin/dish/status/0
2025-04-17 05:14:15.535 [traceId=0e9de7a24ab344a9a4ebe41d9db59424] [http-nio-8080-exec-2] WARN  o.s.web.servlet.PageNotFound - No mapping for POST /admin/dish/status/0
2025-04-17 05:14:49.985 [traceId=] [SpringApplicationShutdownHook] INFO  c.alibaba.druid.pool.DruidDataSource - {dataSource-1} closing ...
2025-04-17 05:14:49.987 [traceId=] [SpringApplicationShutdownHook] INFO  c.alibaba.druid.pool.DruidDataSource - {dataSource-1} closed
2025-04-17 05:14:53.865 [traceId=] [main] INFO  com.sky.SkyApplication - Starting SkyApplication using Java 17.0.12 on 192.168.0.100 with PID 98420 (/Users/zry/Desktop/sky-out/sky-server/target/classes started by zry in /Users/zry/Desktop/sky-out)
2025-04-17 05:14:53.866 [traceId=] [main] INFO  com.sky.SkyApplication - The following 1 profile is active: "dev"
2025-04-17 05:14:54.732 [traceId=] [main] INFO  o.s.d.r.c.RepositoryConfigurationDelegate - Multiple Spring Data modules found, entering strict repository configuration mode
2025-04-17 05:14:54.735 [traceId=] [main] INFO  o.s.d.r.c.RepositoryConfigurationDelegate - Bootstrapping Spring Data Redis repositories in DEFAULT mode.
2025-04-17 05:14:54.762 [traceId=] [main] INFO  o.s.d.r.c.RepositoryConfigurationDelegate - Finished Spring Data repository scanning in 13 ms. Found 0 Redis repository interfaces.
2025-04-17 05:14:55.744 [traceId=] [main] INFO  o.s.b.w.e.tomcat.TomcatWebServer - Tomcat initialized with port(s): 8080 (http)
2025-04-17 05:14:55.763 [traceId=] [main] INFO  o.a.coyote.http11.Http11NioProtocol - Initializing ProtocolHandler ["http-nio-8080"]
2025-04-17 05:14:55.763 [traceId=] [main] INFO  o.a.catalina.core.StandardService - Starting service [Tomcat]
2025-04-17 05:14:55.763 [traceId=] [main] INFO  o.a.catalina.core.StandardEngine - Starting Servlet engine: [Apache Tomcat/9.0.65]
2025-04-17 05:14:55.958 [traceId=] [main] INFO  o.a.c.c.C.[Tomcat].[localhost].[/] - Initializing Spring embedded WebApplicationContext
2025-04-17 05:14:55.958 [traceId=] [main] INFO  o.s.b.w.s.c.ServletWebServerApplicationContext - Root WebApplicationContext: initialization completed in 2037 ms
2025-04-17 05:14:56.119 [traceId=] [main] INFO  c.a.d.s.b.a.DruidDataSourceAutoConfigure - Init DruidDataSource
2025-04-17 05:14:56.281 [traceId=] [main] INFO  c.alibaba.druid.pool.DruidDataSource - {dataSource-1} inited
2025-04-17 05:14:56.639 [traceId=] [main] INFO  com.sky.config.MinioConfiguration - 加载minio配置值：MinioProperties(endpoint=http://localhost:9000, accessKey=minioadmin, secretKey=minioadmin, bucketName=mybucket)
2025-04-17 05:14:56.939 [traceId=] [main] INFO  com.sky.config.WebMvcConfiguration - 开始注册自定义拦截器...
2025-04-17 05:14:58.259 [traceId=] [main] INFO  o.a.coyote.http11.Http11NioProtocol - Starting ProtocolHandler ["http-nio-8080"]
2025-04-17 05:14:58.283 [traceId=] [main] INFO  o.s.b.w.e.tomcat.TomcatWebServer - Tomcat started on port(s): 8080 (http) with context path ''
2025-04-17 05:14:58.647 [traceId=] [main] INFO  com.sky.SkyApplication - Started SkyApplication in 5.367 seconds (JVM running for 6.183)
2025-04-17 05:14:58.649 [traceId=] [main] INFO  com.sky.SkyApplication - server started
2025-04-17 05:14:59.006 [traceId=] [http-nio-8080-exec-1] INFO  o.a.c.c.C.[Tomcat].[localhost].[/] - Initializing Spring DispatcherServlet 'dispatcherServlet'
2025-04-17 05:14:59.007 [traceId=] [http-nio-8080-exec-1] INFO  o.s.web.servlet.DispatcherServlet - Initializing Servlet 'dispatcherServlet'
2025-04-17 05:14:59.008 [traceId=] [http-nio-8080-exec-1] INFO  o.s.web.servlet.DispatcherServlet - Completed initialization in 1 ms
2025-04-17 05:14:59.558 [traceId=ca07bf573c234c4687e78cccf00b352b] [http-nio-8080-exec-1] DEBUG c.s.mapper.EmployeeMapper.queryByOne - ==>  Preparing: select * from employee where id=?
2025-04-17 05:14:59.583 [traceId=ca07bf573c234c4687e78cccf00b352b] [http-nio-8080-exec-1] DEBUG c.s.mapper.EmployeeMapper.queryByOne - ==> Parameters: 1(Long)
2025-04-17 05:14:59.610 [traceId=ca07bf573c234c4687e78cccf00b352b] [http-nio-8080-exec-1] DEBUG c.s.mapper.EmployeeMapper.queryByOne - <==      Total: 1
2025-04-17 05:15:03.935 [traceId=ca07bf573c234c4687e78cccf00b352b] [http-nio-8080-exec-1] INFO  c.s.controller.admin.DishController - 071
2025-04-17 05:15:03.981 [traceId=65e67c29b86441fba69d52a0047c81ec] [http-nio-8080-exec-2] DEBUG c.s.mapper.EmployeeMapper.queryByOne - ==>  Preparing: select * from employee where id=?
2025-04-17 05:15:03.982 [traceId=65e67c29b86441fba69d52a0047c81ec] [http-nio-8080-exec-2] DEBUG c.s.mapper.EmployeeMapper.queryByOne - ==> Parameters: 1(Long)
2025-04-17 05:15:03.983 [traceId=65e67c29b86441fba69d52a0047c81ec] [http-nio-8080-exec-2] DEBUG c.s.mapper.EmployeeMapper.queryByOne - <==      Total: 1
2025-04-17 05:15:04.056 [traceId=65e67c29b86441fba69d52a0047c81ec] [http-nio-8080-exec-2] DEBUG c.sky.mapper.DishMapper.query_COUNT - ==>  Preparing: SELECT count(0) FROM dish
2025-04-17 05:15:04.057 [traceId=65e67c29b86441fba69d52a0047c81ec] [http-nio-8080-exec-2] DEBUG c.sky.mapper.DishMapper.query_COUNT - ==> Parameters: 
2025-04-17 05:15:04.060 [traceId=65e67c29b86441fba69d52a0047c81ec] [http-nio-8080-exec-2] DEBUG c.sky.mapper.DishMapper.query_COUNT - <==      Total: 1
2025-04-17 05:15:04.062 [traceId=65e67c29b86441fba69d52a0047c81ec] [http-nio-8080-exec-2] DEBUG com.sky.mapper.DishMapper.query - ==>  Preparing: select id, name, category_id, price, image, description, status, create_time, update_time, create_user, update_user from dish order by create_time desc LIMIT ?
2025-04-17 05:15:04.063 [traceId=65e67c29b86441fba69d52a0047c81ec] [http-nio-8080-exec-2] DEBUG com.sky.mapper.DishMapper.query - ==> Parameters: 10(Integer)
2025-04-17 05:15:04.069 [traceId=65e67c29b86441fba69d52a0047c81ec] [http-nio-8080-exec-2] DEBUG com.sky.mapper.DishMapper.query - <==      Total: 10
2025-04-17 05:19:28.253 [traceId=] [SpringApplicationShutdownHook] INFO  c.alibaba.druid.pool.DruidDataSource - {dataSource-1} closing ...
2025-04-17 05:19:28.261 [traceId=] [SpringApplicationShutdownHook] INFO  c.alibaba.druid.pool.DruidDataSource - {dataSource-1} closed
2025-04-17 05:19:32.399 [traceId=] [main] INFO  com.sky.SkyApplication - Starting SkyApplication using Java 17.0.12 on 192.168.0.100 with PID 1771 (/Users/zry/Desktop/sky-out/sky-server/target/classes started by zry in /Users/zry/Desktop/sky-out)
2025-04-17 05:19:32.400 [traceId=] [main] INFO  com.sky.SkyApplication - The following 1 profile is active: "dev"
2025-04-17 05:19:33.386 [traceId=] [main] INFO  o.s.d.r.c.RepositoryConfigurationDelegate - Multiple Spring Data modules found, entering strict repository configuration mode
2025-04-17 05:19:33.389 [traceId=] [main] INFO  o.s.d.r.c.RepositoryConfigurationDelegate - Bootstrapping Spring Data Redis repositories in DEFAULT mode.
2025-04-17 05:19:33.416 [traceId=] [main] INFO  o.s.d.r.c.RepositoryConfigurationDelegate - Finished Spring Data repository scanning in 13 ms. Found 0 Redis repository interfaces.
2025-04-17 05:19:34.417 [traceId=] [main] INFO  o.s.b.w.e.tomcat.TomcatWebServer - Tomcat initialized with port(s): 8080 (http)
2025-04-17 05:19:34.426 [traceId=] [main] INFO  o.a.coyote.http11.Http11NioProtocol - Initializing ProtocolHandler ["http-nio-8080"]
2025-04-17 05:19:34.427 [traceId=] [main] INFO  o.a.catalina.core.StandardService - Starting service [Tomcat]
2025-04-17 05:19:34.427 [traceId=] [main] INFO  o.a.catalina.core.StandardEngine - Starting Servlet engine: [Apache Tomcat/9.0.65]
2025-04-17 05:19:34.543 [traceId=] [main] INFO  o.a.c.c.C.[Tomcat].[localhost].[/] - Initializing Spring embedded WebApplicationContext
2025-04-17 05:19:34.544 [traceId=] [main] INFO  o.s.b.w.s.c.ServletWebServerApplicationContext - Root WebApplicationContext: initialization completed in 2103 ms
2025-04-17 05:19:34.690 [traceId=] [main] INFO  c.a.d.s.b.a.DruidDataSourceAutoConfigure - Init DruidDataSource
2025-04-17 05:19:34.827 [traceId=] [main] INFO  c.alibaba.druid.pool.DruidDataSource - {dataSource-1} inited
2025-04-17 05:19:35.102 [traceId=] [main] INFO  com.sky.config.MinioConfiguration - 加载minio配置值：MinioProperties(endpoint=http://localhost:9000, accessKey=minioadmin, secretKey=minioadmin, bucketName=mybucket)
2025-04-17 05:19:35.354 [traceId=] [main] INFO  com.sky.config.WebMvcConfiguration - 开始注册自定义拦截器...
2025-04-17 05:19:36.538 [traceId=] [main] INFO  o.a.coyote.http11.Http11NioProtocol - Starting ProtocolHandler ["http-nio-8080"]
2025-04-17 05:19:36.556 [traceId=] [main] INFO  o.s.b.w.e.tomcat.TomcatWebServer - Tomcat started on port(s): 8080 (http) with context path ''
2025-04-17 05:19:36.916 [traceId=] [main] INFO  com.sky.SkyApplication - Started SkyApplication in 5.122 seconds (JVM running for 5.866)
2025-04-17 05:19:36.920 [traceId=] [main] INFO  com.sky.SkyApplication - server started
2025-04-17 05:20:52.381 [traceId=] [http-nio-8080-exec-1] INFO  o.a.c.c.C.[Tomcat].[localhost].[/] - Initializing Spring DispatcherServlet 'dispatcherServlet'
2025-04-17 05:20:52.382 [traceId=] [http-nio-8080-exec-1] INFO  o.s.web.servlet.DispatcherServlet - Initializing Servlet 'dispatcherServlet'
2025-04-17 05:20:52.383 [traceId=] [http-nio-8080-exec-1] INFO  o.s.web.servlet.DispatcherServlet - Completed initialization in 1 ms
2025-04-17 05:20:52.864 [traceId=d2f85769419c4b2fbee7306e20c5ecb1] [http-nio-8080-exec-1] DEBUG c.s.mapper.EmployeeMapper.queryByOne - ==>  Preparing: select * from employee where id=?
2025-04-17 05:20:52.887 [traceId=d2f85769419c4b2fbee7306e20c5ecb1] [http-nio-8080-exec-1] DEBUG c.s.mapper.EmployeeMapper.queryByOne - ==> Parameters: 1(Long)
2025-04-17 05:20:52.927 [traceId=d2f85769419c4b2fbee7306e20c5ecb1] [http-nio-8080-exec-1] DEBUG c.s.mapper.EmployeeMapper.queryByOne - <==      Total: 1
2025-04-17 05:20:52.971 [traceId=d2f85769419c4b2fbee7306e20c5ecb1] [http-nio-8080-exec-1] ERROR c.sky.handler.GlobalExceptionHandler - 系统异常：traceId=d2f85769419c4b2fbee7306e20c5ecb1, url=/admin/dish/status/0, error=java.lang.NoSuchMethodException: java.lang.Integer.setUpdateTime(java.time.LocalDateTime)
java.lang.RuntimeException: java.lang.NoSuchMethodException: java.lang.Integer.setUpdateTime(java.time.LocalDateTime)
	at com.sky.aspect.AutoFillAspect.autoFillBefore(AutoFillAspect.java:71)
	at java.base/jdk.internal.reflect.NativeMethodAccessorImpl.invoke0(Native Method)
	at java.base/jdk.internal.reflect.NativeMethodAccessorImpl.invoke(NativeMethodAccessorImpl.java:77)
	at java.base/jdk.internal.reflect.DelegatingMethodAccessorImpl.invoke(DelegatingMethodAccessorImpl.java:43)
	at java.base/java.lang.reflect.Method.invoke(Method.java:569)
	at org.springframework.aop.aspectj.AbstractAspectJAdvice.invokeAdviceMethodWithGivenArgs(AbstractAspectJAdvice.java:634)
	at org.springframework.aop.aspectj.AbstractAspectJAdvice.invokeAdviceMethod(AbstractAspectJAdvice.java:617)
	at org.springframework.aop.aspectj.AspectJMethodBeforeAdvice.before(AspectJMethodBeforeAdvice.java:44)
	at org.springframework.aop.framework.adapter.MethodBeforeAdviceInterceptor.invoke(MethodBeforeAdviceInterceptor.java:57)
	at org.springframework.aop.framework.ReflectiveMethodInvocation.proceed(ReflectiveMethodInvocation.java:175)
	at org.springframework.aop.interceptor.ExposeInvocationInterceptor.invoke(ExposeInvocationInterceptor.java:97)
	at org.springframework.aop.framework.ReflectiveMethodInvocation.proceed(ReflectiveMethodInvocation.java:186)
	at org.springframework.aop.framework.JdkDynamicAopProxy.invoke(JdkDynamicAopProxy.java:215)
	at jdk.proxy2/jdk.proxy2.$Proxy97.UpdateStatus(Unknown Source)
	at com.sky.service.impl.DishServiceImpl.updateStatus(DishServiceImpl.java:109)
	at com.sky.service.impl.DishServiceImpl$$FastClassBySpringCGLIB$$a2ffbea0.invoke(<generated>)
	at org.springframework.cglib.proxy.MethodProxy.invoke(MethodProxy.java:218)
	at org.springframework.aop.framework.CglibAopProxy.invokeMethod(CglibAopProxy.java:386)
	at org.springframework.aop.framework.CglibAopProxy.access$000(CglibAopProxy.java:85)
	at org.springframework.aop.framework.CglibAopProxy$DynamicAdvisedInterceptor.intercept(CglibAopProxy.java:704)
	at com.sky.service.impl.DishServiceImpl$$EnhancerBySpringCGLIB$$d6542d52.updateStatus(<generated>)
	at com.sky.controller.admin.DishController.status(DishController.java:63)
	at java.base/jdk.internal.reflect.NativeMethodAccessorImpl.invoke0(Native Method)
	at java.base/jdk.internal.reflect.NativeMethodAccessorImpl.invoke(NativeMethodAccessorImpl.java:77)
	at java.base/jdk.internal.reflect.DelegatingMethodAccessorImpl.invoke(DelegatingMethodAccessorImpl.java:43)
	at java.base/java.lang.reflect.Method.invoke(Method.java:569)
	at org.springframework.web.method.support.InvocableHandlerMethod.doInvoke(InvocableHandlerMethod.java:205)
	at org.springframework.web.method.support.InvocableHandlerMethod.invokeForRequest(InvocableHandlerMethod.java:150)
	at org.springframework.web.servlet.mvc.method.annotation.ServletInvocableHandlerMethod.invokeAndHandle(ServletInvocableHandlerMethod.java:117)
	at org.springframework.web.servlet.mvc.method.annotation.RequestMappingHandlerAdapter.invokeHandlerMethod(RequestMappingHandlerAdapter.java:895)
	at org.springframework.web.servlet.mvc.method.annotation.RequestMappingHandlerAdapter.handleInternal(RequestMappingHandlerAdapter.java:808)
	at org.springframework.web.servlet.mvc.method.AbstractHandlerMethodAdapter.handle(AbstractHandlerMethodAdapter.java:87)
	at org.springframework.web.servlet.DispatcherServlet.doDispatch(DispatcherServlet.java:1070)
	at org.springframework.web.servlet.DispatcherServlet.doService(DispatcherServlet.java:963)
	at org.springframework.web.servlet.FrameworkServlet.processRequest(FrameworkServlet.java:1006)
	at org.springframework.web.servlet.FrameworkServlet.doPost(FrameworkServlet.java:909)
	at javax.servlet.http.HttpServlet.service(HttpServlet.java:681)
	at org.springframework.web.servlet.FrameworkServlet.service(FrameworkServlet.java:883)
	at javax.servlet.http.HttpServlet.service(HttpServlet.java:764)
	at org.apache.catalina.core.ApplicationFilterChain.internalDoFilter(ApplicationFilterChain.java:227)
	at org.apache.catalina.core.ApplicationFilterChain.doFilter(ApplicationFilterChain.java:162)
	at org.apache.tomcat.websocket.server.WsFilter.doFilter(WsFilter.java:53)
	at org.apache.catalina.core.ApplicationFilterChain.internalDoFilter(ApplicationFilterChain.java:189)
	at org.apache.catalina.core.ApplicationFilterChain.doFilter(ApplicationFilterChain.java:162)
	at com.sky.config.TraceIdFilter.doFilter(TraceIdFilter.java:25)
	at org.apache.catalina.core.ApplicationFilterChain.internalDoFilter(ApplicationFilterChain.java:189)
	at org.apache.catalina.core.ApplicationFilterChain.doFilter(ApplicationFilterChain.java:162)
	at org.springframework.web.filter.CharacterEncodingFilter.doFilterInternal(CharacterEncodingFilter.java:201)
	at org.springframework.web.filter.OncePerRequestFilter.doFilter(OncePerRequestFilter.java:117)
	at org.apache.catalina.core.ApplicationFilterChain.internalDoFilter(ApplicationFilterChain.java:189)
	at org.apache.catalina.core.ApplicationFilterChain.doFilter(ApplicationFilterChain.java:162)
	at org.apache.catalina.core.StandardWrapperValve.invoke(StandardWrapperValve.java:197)
	at org.apache.catalina.core.StandardContextValve.invoke(StandardContextValve.java:97)
	at org.apache.catalina.authenticator.AuthenticatorBase.invoke(AuthenticatorBase.java:541)
	at org.apache.catalina.core.StandardHostValve.invoke(StandardHostValve.java:135)
	at org.apache.catalina.valves.ErrorReportValve.invoke(ErrorReportValve.java:92)
	at org.apache.catalina.core.StandardEngineValve.invoke(StandardEngineValve.java:78)
	at org.apache.catalina.connector.CoyoteAdapter.service(CoyoteAdapter.java:360)
	at org.apache.coyote.http11.Http11Processor.service(Http11Processor.java:399)
	at org.apache.coyote.AbstractProcessorLight.process(AbstractProcessorLight.java:65)
	at org.apache.coyote.AbstractProtocol$ConnectionHandler.process(AbstractProtocol.java:890)
	at org.apache.tomcat.util.net.NioEndpoint$SocketProcessor.doRun(NioEndpoint.java:1789)
	at org.apache.tomcat.util.net.SocketProcessorBase.run(SocketProcessorBase.java:49)
	at org.apache.tomcat.util.threads.ThreadPoolExecutor.runWorker(ThreadPoolExecutor.java:1191)
	at org.apache.tomcat.util.threads.ThreadPoolExecutor$Worker.run(ThreadPoolExecutor.java:659)
	at org.apache.tomcat.util.threads.TaskThread$WrappingRunnable.run(TaskThread.java:61)
	at java.base/java.lang.Thread.run(Thread.java:840)
Caused by: java.lang.NoSuchMethodException: java.lang.Integer.setUpdateTime(java.time.LocalDateTime)
	at java.base/java.lang.Class.getDeclaredMethod(Class.java:2675)
	at com.sky.aspect.AutoFillAspect.autoFillBefore(AutoFillAspect.java:66)
	... 66 common frames omitted
2025-04-17 05:26:21.551 [traceId=] [SpringApplicationShutdownHook] INFO  c.alibaba.druid.pool.DruidDataSource - {dataSource-1} closing ...
2025-04-17 05:26:21.560 [traceId=] [SpringApplicationShutdownHook] INFO  c.alibaba.druid.pool.DruidDataSource - {dataSource-1} closed
2025-04-17 05:26:25.979 [traceId=] [main] INFO  com.sky.SkyApplication - Starting SkyApplication using Java 17.0.12 on 192.168.0.100 with PID 6281 (/Users/zry/Desktop/sky-out/sky-server/target/classes started by zry in /Users/zry/Desktop/sky-out)
2025-04-17 05:26:25.980 [traceId=] [main] INFO  com.sky.SkyApplication - The following 1 profile is active: "dev"
2025-04-17 05:26:26.903 [traceId=] [main] INFO  o.s.d.r.c.RepositoryConfigurationDelegate - Multiple Spring Data modules found, entering strict repository configuration mode
2025-04-17 05:26:26.909 [traceId=] [main] INFO  o.s.d.r.c.RepositoryConfigurationDelegate - Bootstrapping Spring Data Redis repositories in DEFAULT mode.
2025-04-17 05:26:26.940 [traceId=] [main] INFO  o.s.d.r.c.RepositoryConfigurationDelegate - Finished Spring Data repository scanning in 13 ms. Found 0 Redis repository interfaces.
2025-04-17 05:26:27.868 [traceId=] [main] INFO  o.s.b.w.e.tomcat.TomcatWebServer - Tomcat initialized with port(s): 8080 (http)
2025-04-17 05:26:27.879 [traceId=] [main] INFO  o.a.coyote.http11.Http11NioProtocol - Initializing ProtocolHandler ["http-nio-8080"]
2025-04-17 05:26:27.880 [traceId=] [main] INFO  o.a.catalina.core.StandardService - Starting service [Tomcat]
2025-04-17 05:26:27.880 [traceId=] [main] INFO  o.a.catalina.core.StandardEngine - Starting Servlet engine: [Apache Tomcat/9.0.65]
2025-04-17 05:26:28.015 [traceId=] [main] INFO  o.a.c.c.C.[Tomcat].[localhost].[/] - Initializing Spring embedded WebApplicationContext
2025-04-17 05:26:28.015 [traceId=] [main] INFO  o.s.b.w.s.c.ServletWebServerApplicationContext - Root WebApplicationContext: initialization completed in 1986 ms
2025-04-17 05:26:28.224 [traceId=] [main] INFO  c.a.d.s.b.a.DruidDataSourceAutoConfigure - Init DruidDataSource
2025-04-17 05:26:28.381 [traceId=] [main] INFO  c.alibaba.druid.pool.DruidDataSource - {dataSource-1} inited
2025-04-17 05:26:28.633 [traceId=] [main] INFO  com.sky.config.MinioConfiguration - 加载minio配置值：MinioProperties(endpoint=http://localhost:9000, accessKey=minioadmin, secretKey=minioadmin, bucketName=mybucket)
2025-04-17 05:26:28.904 [traceId=] [main] INFO  com.sky.config.WebMvcConfiguration - 开始注册自定义拦截器...
2025-04-17 05:26:29.961 [traceId=] [main] INFO  o.a.coyote.http11.Http11NioProtocol - Starting ProtocolHandler ["http-nio-8080"]
2025-04-17 05:26:29.983 [traceId=] [main] INFO  o.s.b.w.e.tomcat.TomcatWebServer - Tomcat started on port(s): 8080 (http) with context path ''
2025-04-17 05:26:30.322 [traceId=] [main] INFO  com.sky.SkyApplication - Started SkyApplication in 4.916 seconds (JVM running for 5.662)
2025-04-17 05:26:30.325 [traceId=] [main] INFO  com.sky.SkyApplication - server started
2025-04-17 05:26:35.287 [traceId=] [http-nio-8080-exec-1] INFO  o.a.c.c.C.[Tomcat].[localhost].[/] - Initializing Spring DispatcherServlet 'dispatcherServlet'
2025-04-17 05:26:35.288 [traceId=] [http-nio-8080-exec-1] INFO  o.s.web.servlet.DispatcherServlet - Initializing Servlet 'dispatcherServlet'
2025-04-17 05:26:35.290 [traceId=] [http-nio-8080-exec-1] INFO  o.s.web.servlet.DispatcherServlet - Completed initialization in 1 ms
2025-04-17 05:26:35.829 [traceId=5f7f5131ce1843a1aa2addf5a585be1d] [http-nio-8080-exec-1] DEBUG c.s.mapper.EmployeeMapper.queryByOne - ==>  Preparing: select * from employee where id=?
2025-04-17 05:26:35.854 [traceId=5f7f5131ce1843a1aa2addf5a585be1d] [http-nio-8080-exec-1] DEBUG c.s.mapper.EmployeeMapper.queryByOne - ==> Parameters: 1(Long)
2025-04-17 05:26:35.887 [traceId=5f7f5131ce1843a1aa2addf5a585be1d] [http-nio-8080-exec-1] DEBUG c.s.mapper.EmployeeMapper.queryByOne - <==      Total: 1
2025-04-17 05:26:35.952 [traceId=5f7f5131ce1843a1aa2addf5a585be1d] [http-nio-8080-exec-1] DEBUG com.sky.mapper.DishMapper.update - ==>  Preparing: update dish SET status=?, update_time=?, update_user=? where id=?
2025-04-17 05:26:35.952 [traceId=5f7f5131ce1843a1aa2addf5a585be1d] [http-nio-8080-exec-1] DEBUG com.sky.mapper.DishMapper.update - ==> Parameters: 0(Integer), 2025-04-17T05:26:35.927113(LocalDateTime), 1(Long), 71(Long)
2025-04-17 05:26:35.980 [traceId=5f7f5131ce1843a1aa2addf5a585be1d] [http-nio-8080-exec-1] DEBUG com.sky.mapper.DishMapper.update - <==    Updates: 1
2025-04-17 05:26:36.024 [traceId=0fdecd4b1df24e55979904aaa33b7875] [http-nio-8080-exec-2] DEBUG c.s.mapper.EmployeeMapper.queryByOne - ==>  Preparing: select * from employee where id=?
2025-04-17 05:26:36.025 [traceId=0fdecd4b1df24e55979904aaa33b7875] [http-nio-8080-exec-2] DEBUG c.s.mapper.EmployeeMapper.queryByOne - ==> Parameters: 1(Long)
2025-04-17 05:26:36.029 [traceId=0fdecd4b1df24e55979904aaa33b7875] [http-nio-8080-exec-2] DEBUG c.s.mapper.EmployeeMapper.queryByOne - <==      Total: 1
2025-04-17 05:26:36.081 [traceId=0fdecd4b1df24e55979904aaa33b7875] [http-nio-8080-exec-2] DEBUG c.sky.mapper.DishMapper.query_COUNT - ==>  Preparing: SELECT count(0) FROM dish
2025-04-17 05:26:36.081 [traceId=0fdecd4b1df24e55979904aaa33b7875] [http-nio-8080-exec-2] DEBUG c.sky.mapper.DishMapper.query_COUNT - ==> Parameters: 
2025-04-17 05:26:36.084 [traceId=0fdecd4b1df24e55979904aaa33b7875] [http-nio-8080-exec-2] DEBUG c.sky.mapper.DishMapper.query_COUNT - <==      Total: 1
2025-04-17 05:26:36.086 [traceId=0fdecd4b1df24e55979904aaa33b7875] [http-nio-8080-exec-2] DEBUG com.sky.mapper.DishMapper.query - ==>  Preparing: select id, name, category_id, price, image, description, status, create_time, update_time, create_user, update_user from dish order by create_time desc LIMIT ?
2025-04-17 05:26:36.086 [traceId=0fdecd4b1df24e55979904aaa33b7875] [http-nio-8080-exec-2] DEBUG com.sky.mapper.DishMapper.query - ==> Parameters: 10(Integer)
2025-04-17 05:26:36.092 [traceId=0fdecd4b1df24e55979904aaa33b7875] [http-nio-8080-exec-2] DEBUG com.sky.mapper.DishMapper.query - <==      Total: 10
2025-04-17 05:26:40.351 [traceId=62f27e62e56449fb82f3ad0ec9f07206] [http-nio-8080-exec-3] DEBUG c.s.mapper.EmployeeMapper.queryByOne - ==>  Preparing: select * from employee where id=?
2025-04-17 05:26:40.352 [traceId=62f27e62e56449fb82f3ad0ec9f07206] [http-nio-8080-exec-3] DEBUG c.s.mapper.EmployeeMapper.queryByOne - ==> Parameters: 1(Long)
2025-04-17 05:26:40.353 [traceId=62f27e62e56449fb82f3ad0ec9f07206] [http-nio-8080-exec-3] DEBUG c.s.mapper.EmployeeMapper.queryByOne - <==      Total: 1
2025-04-17 05:26:40.355 [traceId=62f27e62e56449fb82f3ad0ec9f07206] [http-nio-8080-exec-3] DEBUG com.sky.mapper.DishMapper.update - ==>  Preparing: update dish SET status=?, update_time=?, update_user=? where id=?
2025-04-17 05:26:40.357 [traceId=62f27e62e56449fb82f3ad0ec9f07206] [http-nio-8080-exec-3] DEBUG com.sky.mapper.DishMapper.update - ==> Parameters: 1(Integer), 2025-04-17T05:26:40.354515(LocalDateTime), 1(Long), 71(Long)
2025-04-17 05:26:40.362 [traceId=62f27e62e56449fb82f3ad0ec9f07206] [http-nio-8080-exec-3] DEBUG com.sky.mapper.DishMapper.update - <==    Updates: 1
2025-04-17 05:26:40.409 [traceId=ca80973a69cc4aba8278c538e648c73a] [http-nio-8080-exec-4] DEBUG c.s.mapper.EmployeeMapper.queryByOne - ==>  Preparing: select * from employee where id=?
2025-04-17 05:26:40.410 [traceId=ca80973a69cc4aba8278c538e648c73a] [http-nio-8080-exec-4] DEBUG c.s.mapper.EmployeeMapper.queryByOne - ==> Parameters: 1(Long)
2025-04-17 05:26:40.413 [traceId=ca80973a69cc4aba8278c538e648c73a] [http-nio-8080-exec-4] DEBUG c.s.mapper.EmployeeMapper.queryByOne - <==      Total: 1
2025-04-17 05:26:40.416 [traceId=ca80973a69cc4aba8278c538e648c73a] [http-nio-8080-exec-4] DEBUG c.sky.mapper.DishMapper.query_COUNT - ==>  Preparing: SELECT count(0) FROM dish
2025-04-17 05:26:40.417 [traceId=ca80973a69cc4aba8278c538e648c73a] [http-nio-8080-exec-4] DEBUG c.sky.mapper.DishMapper.query_COUNT - ==> Parameters: 
2025-04-17 05:26:40.418 [traceId=ca80973a69cc4aba8278c538e648c73a] [http-nio-8080-exec-4] DEBUG c.sky.mapper.DishMapper.query_COUNT - <==      Total: 1
2025-04-17 05:26:40.418 [traceId=ca80973a69cc4aba8278c538e648c73a] [http-nio-8080-exec-4] DEBUG com.sky.mapper.DishMapper.query - ==>  Preparing: select id, name, category_id, price, image, description, status, create_time, update_time, create_user, update_user from dish order by create_time desc LIMIT ?
2025-04-17 05:26:40.419 [traceId=ca80973a69cc4aba8278c538e648c73a] [http-nio-8080-exec-4] DEBUG com.sky.mapper.DishMapper.query - ==> Parameters: 10(Integer)
2025-04-17 05:26:40.430 [traceId=ca80973a69cc4aba8278c538e648c73a] [http-nio-8080-exec-4] DEBUG com.sky.mapper.DishMapper.query - <==      Total: 10
2025-04-17 05:28:34.298 [traceId=afdb573365cc484fb4f637c2a351e192] [http-nio-8080-exec-6] DEBUG c.s.mapper.EmployeeMapper.queryByOne - ==>  Preparing: select * from employee where id=?
2025-04-17 05:28:34.299 [traceId=afdb573365cc484fb4f637c2a351e192] [http-nio-8080-exec-6] DEBUG c.s.mapper.EmployeeMapper.queryByOne - ==> Parameters: 1(Long)
2025-04-17 05:28:34.303 [traceId=90417a7b7b884b2987cb314070e6b8aa] [http-nio-8080-exec-5] ERROR c.a.d.pool.DruidAbstractDataSource - discard long time none received connection. , jdbcUrl : jdbc:mysql://localhost:3306/sky_take_out?serverTimezone=Asia/Shanghai&useUnicode=true&characterEncoding=utf-8&zeroDateTimeBehavior=convertToNull&useSSL=false&allowPublicKeyRetrieval=true, jdbcUrl : jdbc:mysql://localhost:3306/sky_take_out?serverTimezone=Asia/Shanghai&useUnicode=true&characterEncoding=utf-8&zeroDateTimeBehavior=convertToNull&useSSL=false&allowPublicKeyRetrieval=true, lastPacketReceivedIdleMillis : 113867
2025-04-17 05:28:34.304 [traceId=afdb573365cc484fb4f637c2a351e192] [http-nio-8080-exec-6] DEBUG c.s.mapper.EmployeeMapper.queryByOne - <==      Total: 1
2025-04-17 05:28:34.306 [traceId=90417a7b7b884b2987cb314070e6b8aa] [http-nio-8080-exec-5] DEBUG c.s.mapper.EmployeeMapper.queryByOne - ==>  Preparing: select * from employee where id=?
2025-04-17 05:28:34.306 [traceId=90417a7b7b884b2987cb314070e6b8aa] [http-nio-8080-exec-5] DEBUG c.s.mapper.EmployeeMapper.queryByOne - ==> Parameters: 1(Long)
2025-04-17 05:28:34.310 [traceId=90417a7b7b884b2987cb314070e6b8aa] [http-nio-8080-exec-5] DEBUG c.s.mapper.EmployeeMapper.queryByOne - <==      Total: 1
2025-04-17 05:28:34.311 [traceId=afdb573365cc484fb4f637c2a351e192] [http-nio-8080-exec-6] DEBUG com.sky.mapper.DishMapper.queryByOne - ==>  Preparing: select id, name, category_id, price, image, description, status, create_time, update_time, create_user, update_user from dish where id =?
2025-04-17 05:28:34.311 [traceId=afdb573365cc484fb4f637c2a351e192] [http-nio-8080-exec-6] DEBUG com.sky.mapper.DishMapper.queryByOne - ==> Parameters: 71(Long)
2025-04-17 05:28:34.316 [traceId=afdb573365cc484fb4f637c2a351e192] [http-nio-8080-exec-6] DEBUG com.sky.mapper.DishMapper.queryByOne - <==      Total: 1
2025-04-17 05:28:34.316 [traceId=90417a7b7b884b2987cb314070e6b8aa] [http-nio-8080-exec-5] DEBUG com.sky.mapper.CategoryMapper.list - ==>  Preparing: select * from category where status = 1 and type = ? order by sort asc,create_time desc
2025-04-17 05:28:34.317 [traceId=90417a7b7b884b2987cb314070e6b8aa] [http-nio-8080-exec-5] DEBUG com.sky.mapper.CategoryMapper.list - ==> Parameters: 1(Integer)
2025-04-17 05:28:34.317 [traceId=afdb573365cc484fb4f637c2a351e192] [http-nio-8080-exec-6] DEBUG c.sky.mapper.DishFlavorMapper.query - ==>  Preparing: select id,dish_id,name,value from dish_flavor where dish_id=?
2025-04-17 05:28:34.318 [traceId=afdb573365cc484fb4f637c2a351e192] [http-nio-8080-exec-6] DEBUG c.sky.mapper.DishFlavorMapper.query - ==> Parameters: 71(Long)
2025-04-17 05:28:34.320 [traceId=afdb573365cc484fb4f637c2a351e192] [http-nio-8080-exec-6] DEBUG c.sky.mapper.DishFlavorMapper.query - <==      Total: 0
2025-04-17 05:28:34.322 [traceId=90417a7b7b884b2987cb314070e6b8aa] [http-nio-8080-exec-5] DEBUG com.sky.mapper.CategoryMapper.list - <==      Total: 8
2025-04-17 05:28:42.253 [traceId=40d005610a3c4e4aaa5f7634ae9f9dc4] [http-nio-8080-exec-7] DEBUG c.s.mapper.EmployeeMapper.queryByOne - ==>  Preparing: select * from employee where id=?
2025-04-17 05:28:42.254 [traceId=40d005610a3c4e4aaa5f7634ae9f9dc4] [http-nio-8080-exec-7] DEBUG c.s.mapper.EmployeeMapper.queryByOne - ==> Parameters: 1(Long)
2025-04-17 05:28:42.256 [traceId=40d005610a3c4e4aaa5f7634ae9f9dc4] [http-nio-8080-exec-7] DEBUG c.s.mapper.EmployeeMapper.queryByOne - <==      Total: 1
2025-04-17 05:28:42.294 [traceId=40d005610a3c4e4aaa5f7634ae9f9dc4] [http-nio-8080-exec-7] DEBUG com.sky.mapper.DishMapper.update - ==>  Preparing: update dish SET name=?, category_id= ?, price= ?, image= ?, description ?, status=?, update_time=?, update_user=? where id=?
2025-04-17 05:28:42.295 [traceId=40d005610a3c4e4aaa5f7634ae9f9dc4] [http-nio-8080-exec-7] DEBUG com.sky.mapper.DishMapper.update - ==> Parameters: niu(String), 17(Long), 22(BigDecimal), http://localhost:9000/mybucket/2025-04-17/6962ab34ad12469bb61cf82b93d293c1.png(String), (String), 0(Integer), 2025-04-17T05:28:42.293880(LocalDateTime), 1(Long), 71(Long)
2025-04-17 05:28:42.346 [traceId=40d005610a3c4e4aaa5f7634ae9f9dc4] [http-nio-8080-exec-7] ERROR c.sky.handler.GlobalExceptionHandler - 系统异常：traceId=40d005610a3c4e4aaa5f7634ae9f9dc4, url=/admin/dish, error=
### Error updating database.  Cause: java.sql.SQLSyntaxErrorException: You have an error in your SQL syntax; check the manual that corresponds to your MySQL server version for the right syntax to use near ''',
            status=0,
            update_time='2025-04-17 05:28:42.29388',
 ' at line 6
### The error may exist in file [/Users/zry/Desktop/sky-out/sky-server/target/classes/mapper/DishMapper.xml]
### The error may involve defaultParameterMap
### The error occurred while setting parameters
### SQL: update dish          SET name=?,             category_id= ?,             price= ?,             image= ?,             description ?,             status=?,             update_time=?,             update_user=?          where id=?
### Cause: java.sql.SQLSyntaxErrorException: You have an error in your SQL syntax; check the manual that corresponds to your MySQL server version for the right syntax to use near ''',
            status=0,
            update_time='2025-04-17 05:28:42.29388',
 ' at line 6
; bad SQL grammar []; nested exception is java.sql.SQLSyntaxErrorException: You have an error in your SQL syntax; check the manual that corresponds to your MySQL server version for the right syntax to use near ''',
            status=0,
            update_time='2025-04-17 05:28:42.29388',
 ' at line 6
org.springframework.jdbc.BadSqlGrammarException: 
### Error updating database.  Cause: java.sql.SQLSyntaxErrorException: You have an error in your SQL syntax; check the manual that corresponds to your MySQL server version for the right syntax to use near ''',
            status=0,
            update_time='2025-04-17 05:28:42.29388',
 ' at line 6
### The error may exist in file [/Users/zry/Desktop/sky-out/sky-server/target/classes/mapper/DishMapper.xml]
### The error may involve defaultParameterMap
### The error occurred while setting parameters
### SQL: update dish          SET name=?,             category_id= ?,             price= ?,             image= ?,             description ?,             status=?,             update_time=?,             update_user=?          where id=?
### Cause: java.sql.SQLSyntaxErrorException: You have an error in your SQL syntax; check the manual that corresponds to your MySQL server version for the right syntax to use near ''',
            status=0,
            update_time='2025-04-17 05:28:42.29388',
 ' at line 6
; bad SQL grammar []; nested exception is java.sql.SQLSyntaxErrorException: You have an error in your SQL syntax; check the manual that corresponds to your MySQL server version for the right syntax to use near ''',
            status=0,
            update_time='2025-04-17 05:28:42.29388',
 ' at line 6
	at org.springframework.jdbc.support.SQLErrorCodeSQLExceptionTranslator.doTranslate(SQLErrorCodeSQLExceptionTranslator.java:239)
	at org.springframework.jdbc.support.AbstractFallbackSQLExceptionTranslator.translate(AbstractFallbackSQLExceptionTranslator.java:70)
	at org.mybatis.spring.MyBatisExceptionTranslator.translateExceptionIfPossible(MyBatisExceptionTranslator.java:91)
	at org.mybatis.spring.SqlSessionTemplate$SqlSessionInterceptor.invoke(SqlSessionTemplate.java:441)
	at jdk.proxy2/jdk.proxy2.$Proxy82.update(Unknown Source)
	at org.mybatis.spring.SqlSessionTemplate.update(SqlSessionTemplate.java:288)
	at org.apache.ibatis.binding.MapperMethod.execute(MapperMethod.java:67)
	at org.apache.ibatis.binding.MapperProxy$PlainMethodInvoker.invoke(MapperProxy.java:145)
	at org.apache.ibatis.binding.MapperProxy.invoke(MapperProxy.java:86)
	at jdk.proxy2/jdk.proxy2.$Proxy96.update(Unknown Source)
	at java.base/jdk.internal.reflect.NativeMethodAccessorImpl.invoke0(Native Method)
	at java.base/jdk.internal.reflect.NativeMethodAccessorImpl.invoke(NativeMethodAccessorImpl.java:77)
	at java.base/jdk.internal.reflect.DelegatingMethodAccessorImpl.invoke(DelegatingMethodAccessorImpl.java:43)
	at java.base/java.lang.reflect.Method.invoke(Method.java:569)
	at org.springframework.aop.support.AopUtils.invokeJoinpointUsingReflection(AopUtils.java:344)
	at org.springframework.aop.framework.ReflectiveMethodInvocation.invokeJoinpoint(ReflectiveMethodInvocation.java:198)
	at org.springframework.aop.framework.ReflectiveMethodInvocation.proceed(ReflectiveMethodInvocation.java:163)
	at org.springframework.aop.framework.adapter.MethodBeforeAdviceInterceptor.invoke(MethodBeforeAdviceInterceptor.java:58)
	at org.springframework.aop.framework.ReflectiveMethodInvocation.proceed(ReflectiveMethodInvocation.java:175)
	at org.springframework.aop.interceptor.ExposeInvocationInterceptor.invoke(ExposeInvocationInterceptor.java:97)
	at org.springframework.aop.framework.ReflectiveMethodInvocation.proceed(ReflectiveMethodInvocation.java:186)
	at org.springframework.aop.framework.JdkDynamicAopProxy.invoke(JdkDynamicAopProxy.java:215)
	at jdk.proxy2/jdk.proxy2.$Proxy97.update(Unknown Source)
	at com.sky.service.impl.DishServiceImpl.update(DishServiceImpl.java:104)
	at com.sky.service.impl.DishServiceImpl$$FastClassBySpringCGLIB$$a2ffbea0.invoke(<generated>)
	at org.springframework.cglib.proxy.MethodProxy.invoke(MethodProxy.java:218)
	at org.springframework.aop.framework.CglibAopProxy.invokeMethod(CglibAopProxy.java:386)
	at org.springframework.aop.framework.CglibAopProxy.access$000(CglibAopProxy.java:85)
	at org.springframework.aop.framework.CglibAopProxy$DynamicAdvisedInterceptor.intercept(CglibAopProxy.java:704)
	at com.sky.service.impl.DishServiceImpl$$EnhancerBySpringCGLIB$$519635ba.update(<generated>)
	at com.sky.controller.admin.DishController.update(DishController.java:56)
	at java.base/jdk.internal.reflect.NativeMethodAccessorImpl.invoke0(Native Method)
	at java.base/jdk.internal.reflect.NativeMethodAccessorImpl.invoke(NativeMethodAccessorImpl.java:77)
	at java.base/jdk.internal.reflect.DelegatingMethodAccessorImpl.invoke(DelegatingMethodAccessorImpl.java:43)
	at java.base/java.lang.reflect.Method.invoke(Method.java:569)
	at org.springframework.web.method.support.InvocableHandlerMethod.doInvoke(InvocableHandlerMethod.java:205)
	at org.springframework.web.method.support.InvocableHandlerMethod.invokeForRequest(InvocableHandlerMethod.java:150)
	at org.springframework.web.servlet.mvc.method.annotation.ServletInvocableHandlerMethod.invokeAndHandle(ServletInvocableHandlerMethod.java:117)
	at org.springframework.web.servlet.mvc.method.annotation.RequestMappingHandlerAdapter.invokeHandlerMethod(RequestMappingHandlerAdapter.java:895)
	at org.springframework.web.servlet.mvc.method.annotation.RequestMappingHandlerAdapter.handleInternal(RequestMappingHandlerAdapter.java:808)
	at org.springframework.web.servlet.mvc.method.AbstractHandlerMethodAdapter.handle(AbstractHandlerMethodAdapter.java:87)
	at org.springframework.web.servlet.DispatcherServlet.doDispatch(DispatcherServlet.java:1070)
	at org.springframework.web.servlet.DispatcherServlet.doService(DispatcherServlet.java:963)
	at org.springframework.web.servlet.FrameworkServlet.processRequest(FrameworkServlet.java:1006)
	at org.springframework.web.servlet.FrameworkServlet.doPut(FrameworkServlet.java:920)
	at javax.servlet.http.HttpServlet.service(HttpServlet.java:684)
	at org.springframework.web.servlet.FrameworkServlet.service(FrameworkServlet.java:883)
	at javax.servlet.http.HttpServlet.service(HttpServlet.java:764)
	at org.apache.catalina.core.ApplicationFilterChain.internalDoFilter(ApplicationFilterChain.java:227)
	at org.apache.catalina.core.ApplicationFilterChain.doFilter(ApplicationFilterChain.java:162)
	at org.apache.tomcat.websocket.server.WsFilter.doFilter(WsFilter.java:53)
	at org.apache.catalina.core.ApplicationFilterChain.internalDoFilter(ApplicationFilterChain.java:189)
	at org.apache.catalina.core.ApplicationFilterChain.doFilter(ApplicationFilterChain.java:162)
	at com.sky.config.TraceIdFilter.doFilter(TraceIdFilter.java:25)
	at org.apache.catalina.core.ApplicationFilterChain.internalDoFilter(ApplicationFilterChain.java:189)
	at org.apache.catalina.core.ApplicationFilterChain.doFilter(ApplicationFilterChain.java:162)
	at org.springframework.web.filter.CharacterEncodingFilter.doFilterInternal(CharacterEncodingFilter.java:201)
	at org.springframework.web.filter.OncePerRequestFilter.doFilter(OncePerRequestFilter.java:117)
	at org.apache.catalina.core.ApplicationFilterChain.internalDoFilter(ApplicationFilterChain.java:189)
	at org.apache.catalina.core.ApplicationFilterChain.doFilter(ApplicationFilterChain.java:162)
	at org.apache.catalina.core.StandardWrapperValve.invoke(StandardWrapperValve.java:197)
	at org.apache.catalina.core.StandardContextValve.invoke(StandardContextValve.java:97)
	at org.apache.catalina.authenticator.AuthenticatorBase.invoke(AuthenticatorBase.java:541)
	at org.apache.catalina.core.StandardHostValve.invoke(StandardHostValve.java:135)
	at org.apache.catalina.valves.ErrorReportValve.invoke(ErrorReportValve.java:92)
	at org.apache.catalina.core.StandardEngineValve.invoke(StandardEngineValve.java:78)
	at org.apache.catalina.connector.CoyoteAdapter.service(CoyoteAdapter.java:360)
	at org.apache.coyote.http11.Http11Processor.service(Http11Processor.java:399)
	at org.apache.coyote.AbstractProcessorLight.process(AbstractProcessorLight.java:65)
	at org.apache.coyote.AbstractProtocol$ConnectionHandler.process(AbstractProtocol.java:890)
	at org.apache.tomcat.util.net.NioEndpoint$SocketProcessor.doRun(NioEndpoint.java:1789)
	at org.apache.tomcat.util.net.SocketProcessorBase.run(SocketProcessorBase.java:49)
	at org.apache.tomcat.util.threads.ThreadPoolExecutor.runWorker(ThreadPoolExecutor.java:1191)
	at org.apache.tomcat.util.threads.ThreadPoolExecutor$Worker.run(ThreadPoolExecutor.java:659)
	at org.apache.tomcat.util.threads.TaskThread$WrappingRunnable.run(TaskThread.java:61)
	at java.base/java.lang.Thread.run(Thread.java:840)
Caused by: java.sql.SQLSyntaxErrorException: You have an error in your SQL syntax; check the manual that corresponds to your MySQL server version for the right syntax to use near ''',
            status=0,
            update_time='2025-04-17 05:28:42.29388',
 ' at line 6
	at com.mysql.cj.jdbc.exceptions.SQLError.createSQLException(SQLError.java:120)
	at com.mysql.cj.jdbc.exceptions.SQLExceptionsMapping.translateException(SQLExceptionsMapping.java:122)
	at com.mysql.cj.jdbc.ClientPreparedStatement.executeInternal(ClientPreparedStatement.java:916)
	at com.mysql.cj.jdbc.ClientPreparedStatement.execute(ClientPreparedStatement.java:354)
	at com.alibaba.druid.pool.DruidPooledPreparedStatement.execute(DruidPooledPreparedStatement.java:497)
	at jdk.internal.reflect.GeneratedMethodAccessor87.invoke(Unknown Source)
	at java.base/jdk.internal.reflect.DelegatingMethodAccessorImpl.invoke(DelegatingMethodAccessorImpl.java:43)
	at java.base/java.lang.reflect.Method.invoke(Method.java:569)
	at org.apache.ibatis.logging.jdbc.PreparedStatementLogger.invoke(PreparedStatementLogger.java:59)
	at jdk.proxy3/jdk.proxy3.$Proxy141.execute(Unknown Source)
	at org.apache.ibatis.executor.statement.PreparedStatementHandler.update(PreparedStatementHandler.java:47)
	at org.apache.ibatis.executor.statement.RoutingStatementHandler.update(RoutingStatementHandler.java:74)
	at org.apache.ibatis.executor.SimpleExecutor.doUpdate(SimpleExecutor.java:50)
	at org.apache.ibatis.executor.BaseExecutor.update(BaseExecutor.java:117)
	at org.apache.ibatis.executor.CachingExecutor.update(CachingExecutor.java:76)
	at java.base/jdk.internal.reflect.NativeMethodAccessorImpl.invoke0(Native Method)
	at java.base/jdk.internal.reflect.NativeMethodAccessorImpl.invoke(NativeMethodAccessorImpl.java:77)
	at java.base/jdk.internal.reflect.DelegatingMethodAccessorImpl.invoke(DelegatingMethodAccessorImpl.java:43)
	at java.base/java.lang.reflect.Method.invoke(Method.java:569)
	at org.apache.ibatis.plugin.Plugin.invoke(Plugin.java:64)
	at jdk.proxy2/jdk.proxy2.$Proxy139.update(Unknown Source)
	at org.apache.ibatis.session.defaults.DefaultSqlSession.update(DefaultSqlSession.java:194)
	at java.base/jdk.internal.reflect.NativeMethodAccessorImpl.invoke0(Native Method)
	at java.base/jdk.internal.reflect.NativeMethodAccessorImpl.invoke(NativeMethodAccessorImpl.java:77)
	at java.base/jdk.internal.reflect.DelegatingMethodAccessorImpl.invoke(DelegatingMethodAccessorImpl.java:43)
	at java.base/java.lang.reflect.Method.invoke(Method.java:569)
	at org.mybatis.spring.SqlSessionTemplate$SqlSessionInterceptor.invoke(SqlSessionTemplate.java:427)
	... 72 common frames omitted
2025-04-17 05:28:44.913 [traceId=5348b4125e99456eb1009d4ca6d2fc37] [http-nio-8080-exec-8] DEBUG c.s.mapper.EmployeeMapper.queryByOne - ==>  Preparing: select * from employee where id=?
2025-04-17 05:28:44.914 [traceId=5cd57246a28e484fba8347876a7d678a] [http-nio-8080-exec-9] DEBUG c.s.mapper.EmployeeMapper.queryByOne - ==>  Preparing: select * from employee where id=?
2025-04-17 05:28:44.914 [traceId=5348b4125e99456eb1009d4ca6d2fc37] [http-nio-8080-exec-8] DEBUG c.s.mapper.EmployeeMapper.queryByOne - ==> Parameters: 1(Long)
2025-04-17 05:28:44.914 [traceId=5cd57246a28e484fba8347876a7d678a] [http-nio-8080-exec-9] DEBUG c.s.mapper.EmployeeMapper.queryByOne - ==> Parameters: 1(Long)
2025-04-17 05:28:44.915 [traceId=5cd57246a28e484fba8347876a7d678a] [http-nio-8080-exec-9] DEBUG c.s.mapper.EmployeeMapper.queryByOne - <==      Total: 1
2025-04-17 05:28:44.916 [traceId=5348b4125e99456eb1009d4ca6d2fc37] [http-nio-8080-exec-8] DEBUG c.s.mapper.EmployeeMapper.queryByOne - <==      Total: 1
2025-04-17 05:28:44.916 [traceId=5cd57246a28e484fba8347876a7d678a] [http-nio-8080-exec-9] DEBUG com.sky.mapper.CategoryMapper.list - ==>  Preparing: select * from category where status = 1 and type = ? order by sort asc,create_time desc
2025-04-17 05:28:44.916 [traceId=5cd57246a28e484fba8347876a7d678a] [http-nio-8080-exec-9] DEBUG com.sky.mapper.CategoryMapper.list - ==> Parameters: 1(Integer)
2025-04-17 05:28:44.920 [traceId=5348b4125e99456eb1009d4ca6d2fc37] [http-nio-8080-exec-8] DEBUG c.sky.mapper.DishMapper.query_COUNT - ==>  Preparing: SELECT count(0) FROM dish
2025-04-17 05:28:44.920 [traceId=5348b4125e99456eb1009d4ca6d2fc37] [http-nio-8080-exec-8] DEBUG c.sky.mapper.DishMapper.query_COUNT - ==> Parameters: 
2025-04-17 05:28:44.925 [traceId=5cd57246a28e484fba8347876a7d678a] [http-nio-8080-exec-9] DEBUG com.sky.mapper.CategoryMapper.list - <==      Total: 8
2025-04-17 05:28:44.928 [traceId=5348b4125e99456eb1009d4ca6d2fc37] [http-nio-8080-exec-8] DEBUG c.sky.mapper.DishMapper.query_COUNT - <==      Total: 1
2025-04-17 05:28:44.929 [traceId=5348b4125e99456eb1009d4ca6d2fc37] [http-nio-8080-exec-8] DEBUG com.sky.mapper.DishMapper.query - ==>  Preparing: select id, name, category_id, price, image, description, status, create_time, update_time, create_user, update_user from dish order by create_time desc LIMIT ?
2025-04-17 05:28:44.929 [traceId=5348b4125e99456eb1009d4ca6d2fc37] [http-nio-8080-exec-8] DEBUG com.sky.mapper.DishMapper.query - ==> Parameters: 10(Integer)
2025-04-17 05:28:44.933 [traceId=5348b4125e99456eb1009d4ca6d2fc37] [http-nio-8080-exec-8] DEBUG com.sky.mapper.DishMapper.query - <==      Total: 10
2025-04-17 05:28:49.211 [traceId=d7616dfb12fe4a7590fb8c814f2e7596] [http-nio-8080-exec-1] DEBUG c.s.mapper.EmployeeMapper.queryByOne - ==>  Preparing: select * from employee where id=?
2025-04-17 05:28:49.211 [traceId=228f3134a3554ab1a176f8720b8f81bb] [http-nio-8080-exec-10] DEBUG c.s.mapper.EmployeeMapper.queryByOne - ==>  Preparing: select * from employee where id=?
2025-04-17 05:28:49.212 [traceId=d7616dfb12fe4a7590fb8c814f2e7596] [http-nio-8080-exec-1] DEBUG c.s.mapper.EmployeeMapper.queryByOne - ==> Parameters: 1(Long)
2025-04-17 05:28:49.212 [traceId=228f3134a3554ab1a176f8720b8f81bb] [http-nio-8080-exec-10] DEBUG c.s.mapper.EmployeeMapper.queryByOne - ==> Parameters: 1(Long)
2025-04-17 05:28:49.214 [traceId=228f3134a3554ab1a176f8720b8f81bb] [http-nio-8080-exec-10] DEBUG c.s.mapper.EmployeeMapper.queryByOne - <==      Total: 1
2025-04-17 05:28:49.214 [traceId=d7616dfb12fe4a7590fb8c814f2e7596] [http-nio-8080-exec-1] DEBUG c.s.mapper.EmployeeMapper.queryByOne - <==      Total: 1
2025-04-17 05:28:49.216 [traceId=d7616dfb12fe4a7590fb8c814f2e7596] [http-nio-8080-exec-1] DEBUG com.sky.mapper.DishMapper.queryByOne - ==>  Preparing: select id, name, category_id, price, image, description, status, create_time, update_time, create_user, update_user from dish where id =?
2025-04-17 05:28:49.216 [traceId=228f3134a3554ab1a176f8720b8f81bb] [http-nio-8080-exec-10] DEBUG com.sky.mapper.CategoryMapper.list - ==>  Preparing: select * from category where status = 1 and type = ? order by sort asc,create_time desc
2025-04-17 05:28:49.216 [traceId=d7616dfb12fe4a7590fb8c814f2e7596] [http-nio-8080-exec-1] DEBUG com.sky.mapper.DishMapper.queryByOne - ==> Parameters: 71(Long)
2025-04-17 05:28:49.217 [traceId=228f3134a3554ab1a176f8720b8f81bb] [http-nio-8080-exec-10] DEBUG com.sky.mapper.CategoryMapper.list - ==> Parameters: 1(Integer)
2025-04-17 05:28:49.218 [traceId=d7616dfb12fe4a7590fb8c814f2e7596] [http-nio-8080-exec-1] DEBUG com.sky.mapper.DishMapper.queryByOne - <==      Total: 1
2025-04-17 05:28:49.218 [traceId=d7616dfb12fe4a7590fb8c814f2e7596] [http-nio-8080-exec-1] DEBUG c.sky.mapper.DishFlavorMapper.query - ==>  Preparing: select id,dish_id,name,value from dish_flavor where dish_id=?
2025-04-17 05:28:49.219 [traceId=228f3134a3554ab1a176f8720b8f81bb] [http-nio-8080-exec-10] DEBUG com.sky.mapper.CategoryMapper.list - <==      Total: 8
2025-04-17 05:28:49.219 [traceId=d7616dfb12fe4a7590fb8c814f2e7596] [http-nio-8080-exec-1] DEBUG c.sky.mapper.DishFlavorMapper.query - ==> Parameters: 71(Long)
2025-04-17 05:28:49.219 [traceId=d7616dfb12fe4a7590fb8c814f2e7596] [http-nio-8080-exec-1] DEBUG c.sky.mapper.DishFlavorMapper.query - <==      Total: 0
2025-04-17 05:28:53.447 [traceId=c7f06c2b140e455083061b24db551ec1] [http-nio-8080-exec-2] DEBUG c.s.mapper.EmployeeMapper.queryByOne - ==>  Preparing: select * from employee where id=?
2025-04-17 05:28:53.448 [traceId=c7f06c2b140e455083061b24db551ec1] [http-nio-8080-exec-2] DEBUG c.s.mapper.EmployeeMapper.queryByOne - ==> Parameters: 1(Long)
2025-04-17 05:28:53.449 [traceId=c7f06c2b140e455083061b24db551ec1] [http-nio-8080-exec-2] DEBUG c.s.mapper.EmployeeMapper.queryByOne - <==      Total: 1
2025-04-17 05:28:53.450 [traceId=c7f06c2b140e455083061b24db551ec1] [http-nio-8080-exec-2] DEBUG com.sky.mapper.DishMapper.update - ==>  Preparing: update dish SET name=?, category_id= ?, price= ?, image= ?, description ?, status=?, update_time=?, update_user=? where id=?
2025-04-17 05:28:53.451 [traceId=c7f06c2b140e455083061b24db551ec1] [http-nio-8080-exec-2] DEBUG com.sky.mapper.DishMapper.update - ==> Parameters: niu(String), 17(Long), 22(BigDecimal), http://localhost:9000/mybucket/2025-04-17/6962ab34ad12469bb61cf82b93d293c1.png(String), (String), 0(Integer), 2025-04-17T05:28:53.450464(LocalDateTime), 1(Long), 71(Long)
2025-04-17 05:28:53.454 [traceId=c7f06c2b140e455083061b24db551ec1] [http-nio-8080-exec-2] ERROR c.sky.handler.GlobalExceptionHandler - 系统异常：traceId=c7f06c2b140e455083061b24db551ec1, url=/admin/dish, error=
### Error updating database.  Cause: java.sql.SQLSyntaxErrorException: You have an error in your SQL syntax; check the manual that corresponds to your MySQL server version for the right syntax to use near ''',
            status=0,
            update_time='2025-04-17 05:28:53.450464',
' at line 6
### The error may exist in file [/Users/zry/Desktop/sky-out/sky-server/target/classes/mapper/DishMapper.xml]
### The error may involve defaultParameterMap
### The error occurred while setting parameters
### SQL: update dish          SET name=?,             category_id= ?,             price= ?,             image= ?,             description ?,             status=?,             update_time=?,             update_user=?          where id=?
### Cause: java.sql.SQLSyntaxErrorException: You have an error in your SQL syntax; check the manual that corresponds to your MySQL server version for the right syntax to use near ''',
            status=0,
            update_time='2025-04-17 05:28:53.450464',
' at line 6
; bad SQL grammar []; nested exception is java.sql.SQLSyntaxErrorException: You have an error in your SQL syntax; check the manual that corresponds to your MySQL server version for the right syntax to use near ''',
            status=0,
            update_time='2025-04-17 05:28:53.450464',
' at line 6
org.springframework.jdbc.BadSqlGrammarException: 
### Error updating database.  Cause: java.sql.SQLSyntaxErrorException: You have an error in your SQL syntax; check the manual that corresponds to your MySQL server version for the right syntax to use near ''',
            status=0,
            update_time='2025-04-17 05:28:53.450464',
' at line 6
### The error may exist in file [/Users/zry/Desktop/sky-out/sky-server/target/classes/mapper/DishMapper.xml]
### The error may involve defaultParameterMap
### The error occurred while setting parameters
### SQL: update dish          SET name=?,             category_id= ?,             price= ?,             image= ?,             description ?,             status=?,             update_time=?,             update_user=?          where id=?
### Cause: java.sql.SQLSyntaxErrorException: You have an error in your SQL syntax; check the manual that corresponds to your MySQL server version for the right syntax to use near ''',
            status=0,
            update_time='2025-04-17 05:28:53.450464',
' at line 6
; bad SQL grammar []; nested exception is java.sql.SQLSyntaxErrorException: You have an error in your SQL syntax; check the manual that corresponds to your MySQL server version for the right syntax to use near ''',
            status=0,
            update_time='2025-04-17 05:28:53.450464',
' at line 6
	at org.springframework.jdbc.support.SQLErrorCodeSQLExceptionTranslator.doTranslate(SQLErrorCodeSQLExceptionTranslator.java:239)
	at org.springframework.jdbc.support.AbstractFallbackSQLExceptionTranslator.translate(AbstractFallbackSQLExceptionTranslator.java:70)
	at org.mybatis.spring.MyBatisExceptionTranslator.translateExceptionIfPossible(MyBatisExceptionTranslator.java:91)
	at org.mybatis.spring.SqlSessionTemplate$SqlSessionInterceptor.invoke(SqlSessionTemplate.java:441)
	at jdk.proxy2/jdk.proxy2.$Proxy82.update(Unknown Source)
	at org.mybatis.spring.SqlSessionTemplate.update(SqlSessionTemplate.java:288)
	at org.apache.ibatis.binding.MapperMethod.execute(MapperMethod.java:67)
	at org.apache.ibatis.binding.MapperProxy$PlainMethodInvoker.invoke(MapperProxy.java:145)
	at org.apache.ibatis.binding.MapperProxy.invoke(MapperProxy.java:86)
	at jdk.proxy2/jdk.proxy2.$Proxy96.update(Unknown Source)
	at java.base/jdk.internal.reflect.NativeMethodAccessorImpl.invoke0(Native Method)
	at java.base/jdk.internal.reflect.NativeMethodAccessorImpl.invoke(NativeMethodAccessorImpl.java:77)
	at java.base/jdk.internal.reflect.DelegatingMethodAccessorImpl.invoke(DelegatingMethodAccessorImpl.java:43)
	at java.base/java.lang.reflect.Method.invoke(Method.java:569)
	at org.springframework.aop.support.AopUtils.invokeJoinpointUsingReflection(AopUtils.java:344)
	at org.springframework.aop.framework.ReflectiveMethodInvocation.invokeJoinpoint(ReflectiveMethodInvocation.java:198)
	at org.springframework.aop.framework.ReflectiveMethodInvocation.proceed(ReflectiveMethodInvocation.java:163)
	at org.springframework.aop.framework.adapter.MethodBeforeAdviceInterceptor.invoke(MethodBeforeAdviceInterceptor.java:58)
	at org.springframework.aop.framework.ReflectiveMethodInvocation.proceed(ReflectiveMethodInvocation.java:175)
	at org.springframework.aop.interceptor.ExposeInvocationInterceptor.invoke(ExposeInvocationInterceptor.java:97)
	at org.springframework.aop.framework.ReflectiveMethodInvocation.proceed(ReflectiveMethodInvocation.java:186)
	at org.springframework.aop.framework.JdkDynamicAopProxy.invoke(JdkDynamicAopProxy.java:215)
	at jdk.proxy2/jdk.proxy2.$Proxy97.update(Unknown Source)
	at com.sky.service.impl.DishServiceImpl.update(DishServiceImpl.java:104)
	at com.sky.service.impl.DishServiceImpl$$FastClassBySpringCGLIB$$a2ffbea0.invoke(<generated>)
	at org.springframework.cglib.proxy.MethodProxy.invoke(MethodProxy.java:218)
	at org.springframework.aop.framework.CglibAopProxy.invokeMethod(CglibAopProxy.java:386)
	at org.springframework.aop.framework.CglibAopProxy.access$000(CglibAopProxy.java:85)
	at org.springframework.aop.framework.CglibAopProxy$DynamicAdvisedInterceptor.intercept(CglibAopProxy.java:704)
	at com.sky.service.impl.DishServiceImpl$$EnhancerBySpringCGLIB$$519635ba.update(<generated>)
	at com.sky.controller.admin.DishController.update(DishController.java:56)
	at java.base/jdk.internal.reflect.NativeMethodAccessorImpl.invoke0(Native Method)
	at java.base/jdk.internal.reflect.NativeMethodAccessorImpl.invoke(NativeMethodAccessorImpl.java:77)
	at java.base/jdk.internal.reflect.DelegatingMethodAccessorImpl.invoke(DelegatingMethodAccessorImpl.java:43)
	at java.base/java.lang.reflect.Method.invoke(Method.java:569)
	at org.springframework.web.method.support.InvocableHandlerMethod.doInvoke(InvocableHandlerMethod.java:205)
	at org.springframework.web.method.support.InvocableHandlerMethod.invokeForRequest(InvocableHandlerMethod.java:150)
	at org.springframework.web.servlet.mvc.method.annotation.ServletInvocableHandlerMethod.invokeAndHandle(ServletInvocableHandlerMethod.java:117)
	at org.springframework.web.servlet.mvc.method.annotation.RequestMappingHandlerAdapter.invokeHandlerMethod(RequestMappingHandlerAdapter.java:895)
	at org.springframework.web.servlet.mvc.method.annotation.RequestMappingHandlerAdapter.handleInternal(RequestMappingHandlerAdapter.java:808)
	at org.springframework.web.servlet.mvc.method.AbstractHandlerMethodAdapter.handle(AbstractHandlerMethodAdapter.java:87)
	at org.springframework.web.servlet.DispatcherServlet.doDispatch(DispatcherServlet.java:1070)
	at org.springframework.web.servlet.DispatcherServlet.doService(DispatcherServlet.java:963)
	at org.springframework.web.servlet.FrameworkServlet.processRequest(FrameworkServlet.java:1006)
	at org.springframework.web.servlet.FrameworkServlet.doPut(FrameworkServlet.java:920)
	at javax.servlet.http.HttpServlet.service(HttpServlet.java:684)
	at org.springframework.web.servlet.FrameworkServlet.service(FrameworkServlet.java:883)
	at javax.servlet.http.HttpServlet.service(HttpServlet.java:764)
	at org.apache.catalina.core.ApplicationFilterChain.internalDoFilter(ApplicationFilterChain.java:227)
	at org.apache.catalina.core.ApplicationFilterChain.doFilter(ApplicationFilterChain.java:162)
	at org.apache.tomcat.websocket.server.WsFilter.doFilter(WsFilter.java:53)
	at org.apache.catalina.core.ApplicationFilterChain.internalDoFilter(ApplicationFilterChain.java:189)
	at org.apache.catalina.core.ApplicationFilterChain.doFilter(ApplicationFilterChain.java:162)
	at com.sky.config.TraceIdFilter.doFilter(TraceIdFilter.java:25)
	at org.apache.catalina.core.ApplicationFilterChain.internalDoFilter(ApplicationFilterChain.java:189)
	at org.apache.catalina.core.ApplicationFilterChain.doFilter(ApplicationFilterChain.java:162)
	at org.springframework.web.filter.CharacterEncodingFilter.doFilterInternal(CharacterEncodingFilter.java:201)
	at org.springframework.web.filter.OncePerRequestFilter.doFilter(OncePerRequestFilter.java:117)
	at org.apache.catalina.core.ApplicationFilterChain.internalDoFilter(ApplicationFilterChain.java:189)
	at org.apache.catalina.core.ApplicationFilterChain.doFilter(ApplicationFilterChain.java:162)
	at org.apache.catalina.core.StandardWrapperValve.invoke(StandardWrapperValve.java:197)
	at org.apache.catalina.core.StandardContextValve.invoke(StandardContextValve.java:97)
	at org.apache.catalina.authenticator.AuthenticatorBase.invoke(AuthenticatorBase.java:541)
	at org.apache.catalina.core.StandardHostValve.invoke(StandardHostValve.java:135)
	at org.apache.catalina.valves.ErrorReportValve.invoke(ErrorReportValve.java:92)
	at org.apache.catalina.core.StandardEngineValve.invoke(StandardEngineValve.java:78)
	at org.apache.catalina.connector.CoyoteAdapter.service(CoyoteAdapter.java:360)
	at org.apache.coyote.http11.Http11Processor.service(Http11Processor.java:399)
	at org.apache.coyote.AbstractProcessorLight.process(AbstractProcessorLight.java:65)
	at org.apache.coyote.AbstractProtocol$ConnectionHandler.process(AbstractProtocol.java:890)
	at org.apache.tomcat.util.net.NioEndpoint$SocketProcessor.doRun(NioEndpoint.java:1789)
	at org.apache.tomcat.util.net.SocketProcessorBase.run(SocketProcessorBase.java:49)
	at org.apache.tomcat.util.threads.ThreadPoolExecutor.runWorker(ThreadPoolExecutor.java:1191)
	at org.apache.tomcat.util.threads.ThreadPoolExecutor$Worker.run(ThreadPoolExecutor.java:659)
	at org.apache.tomcat.util.threads.TaskThread$WrappingRunnable.run(TaskThread.java:61)
	at java.base/java.lang.Thread.run(Thread.java:840)
Caused by: java.sql.SQLSyntaxErrorException: You have an error in your SQL syntax; check the manual that corresponds to your MySQL server version for the right syntax to use near ''',
            status=0,
            update_time='2025-04-17 05:28:53.450464',
' at line 6
	at com.mysql.cj.jdbc.exceptions.SQLError.createSQLException(SQLError.java:120)
	at com.mysql.cj.jdbc.exceptions.SQLExceptionsMapping.translateException(SQLExceptionsMapping.java:122)
	at com.mysql.cj.jdbc.ClientPreparedStatement.executeInternal(ClientPreparedStatement.java:916)
	at com.mysql.cj.jdbc.ClientPreparedStatement.execute(ClientPreparedStatement.java:354)
	at com.alibaba.druid.pool.DruidPooledPreparedStatement.execute(DruidPooledPreparedStatement.java:497)
	at jdk.internal.reflect.GeneratedMethodAccessor87.invoke(Unknown Source)
	at java.base/jdk.internal.reflect.DelegatingMethodAccessorImpl.invoke(DelegatingMethodAccessorImpl.java:43)
	at java.base/java.lang.reflect.Method.invoke(Method.java:569)
	at org.apache.ibatis.logging.jdbc.PreparedStatementLogger.invoke(PreparedStatementLogger.java:59)
	at jdk.proxy3/jdk.proxy3.$Proxy141.execute(Unknown Source)
	at org.apache.ibatis.executor.statement.PreparedStatementHandler.update(PreparedStatementHandler.java:47)
	at org.apache.ibatis.executor.statement.RoutingStatementHandler.update(RoutingStatementHandler.java:74)
	at org.apache.ibatis.executor.SimpleExecutor.doUpdate(SimpleExecutor.java:50)
	at org.apache.ibatis.executor.BaseExecutor.update(BaseExecutor.java:117)
	at org.apache.ibatis.executor.CachingExecutor.update(CachingExecutor.java:76)
	at java.base/jdk.internal.reflect.NativeMethodAccessorImpl.invoke0(Native Method)
	at java.base/jdk.internal.reflect.NativeMethodAccessorImpl.invoke(NativeMethodAccessorImpl.java:77)
	at java.base/jdk.internal.reflect.DelegatingMethodAccessorImpl.invoke(DelegatingMethodAccessorImpl.java:43)
	at java.base/java.lang.reflect.Method.invoke(Method.java:569)
	at org.apache.ibatis.plugin.Plugin.invoke(Plugin.java:64)
	at jdk.proxy2/jdk.proxy2.$Proxy139.update(Unknown Source)
	at org.apache.ibatis.session.defaults.DefaultSqlSession.update(DefaultSqlSession.java:194)
	at java.base/jdk.internal.reflect.NativeMethodAccessorImpl.invoke0(Native Method)
	at java.base/jdk.internal.reflect.NativeMethodAccessorImpl.invoke(NativeMethodAccessorImpl.java:77)
	at java.base/jdk.internal.reflect.DelegatingMethodAccessorImpl.invoke(DelegatingMethodAccessorImpl.java:43)
	at java.base/java.lang.reflect.Method.invoke(Method.java:569)
	at org.mybatis.spring.SqlSessionTemplate$SqlSessionInterceptor.invoke(SqlSessionTemplate.java:427)
	... 72 common frames omitted
2025-04-17 05:31:53.204 [traceId=] [SpringApplicationShutdownHook] INFO  c.alibaba.druid.pool.DruidDataSource - {dataSource-1} closing ...
2025-04-17 05:31:53.208 [traceId=] [SpringApplicationShutdownHook] INFO  c.alibaba.druid.pool.DruidDataSource - {dataSource-1} closed
2025-04-17 05:31:57.039 [traceId=] [main] INFO  com.sky.SkyApplication - Starting SkyApplication using Java 17.0.12 on 192.168.0.100 with PID 9814 (/Users/zry/Desktop/sky-out/sky-server/target/classes started by zry in /Users/zry/Desktop/sky-out)
2025-04-17 05:31:57.040 [traceId=] [main] INFO  com.sky.SkyApplication - The following 1 profile is active: "dev"
2025-04-17 05:31:57.992 [traceId=] [main] INFO  o.s.d.r.c.RepositoryConfigurationDelegate - Multiple Spring Data modules found, entering strict repository configuration mode
2025-04-17 05:31:57.997 [traceId=] [main] INFO  o.s.d.r.c.RepositoryConfigurationDelegate - Bootstrapping Spring Data Redis repositories in DEFAULT mode.
2025-04-17 05:31:58.029 [traceId=] [main] INFO  o.s.d.r.c.RepositoryConfigurationDelegate - Finished Spring Data repository scanning in 14 ms. Found 0 Redis repository interfaces.
2025-04-17 05:31:58.978 [traceId=] [main] INFO  o.s.b.w.e.tomcat.TomcatWebServer - Tomcat initialized with port(s): 8080 (http)
2025-04-17 05:31:58.995 [traceId=] [main] INFO  o.a.coyote.http11.Http11NioProtocol - Initializing ProtocolHandler ["http-nio-8080"]
2025-04-17 05:31:58.996 [traceId=] [main] INFO  o.a.catalina.core.StandardService - Starting service [Tomcat]
2025-04-17 05:31:58.996 [traceId=] [main] INFO  o.a.catalina.core.StandardEngine - Starting Servlet engine: [Apache Tomcat/9.0.65]
2025-04-17 05:31:59.148 [traceId=] [main] INFO  o.a.c.c.C.[Tomcat].[localhost].[/] - Initializing Spring embedded WebApplicationContext
2025-04-17 05:31:59.148 [traceId=] [main] INFO  o.s.b.w.s.c.ServletWebServerApplicationContext - Root WebApplicationContext: initialization completed in 2056 ms
2025-04-17 05:31:59.313 [traceId=] [main] INFO  c.a.d.s.b.a.DruidDataSourceAutoConfigure - Init DruidDataSource
2025-04-17 05:31:59.465 [traceId=] [main] INFO  c.alibaba.druid.pool.DruidDataSource - {dataSource-1} inited
2025-04-17 05:31:59.756 [traceId=] [main] INFO  com.sky.config.MinioConfiguration - 加载minio配置值：MinioProperties(endpoint=http://localhost:9000, accessKey=minioadmin, secretKey=minioadmin, bucketName=mybucket)
2025-04-17 05:32:00.039 [traceId=] [main] INFO  com.sky.config.WebMvcConfiguration - 开始注册自定义拦截器...
2025-04-17 05:32:01.154 [traceId=] [main] INFO  o.a.coyote.http11.Http11NioProtocol - Starting ProtocolHandler ["http-nio-8080"]
2025-04-17 05:32:01.174 [traceId=] [main] INFO  o.s.b.w.e.tomcat.TomcatWebServer - Tomcat started on port(s): 8080 (http) with context path ''
2025-04-17 05:32:01.579 [traceId=] [main] INFO  com.sky.SkyApplication - Started SkyApplication in 5.116 seconds (JVM running for 5.911)
2025-04-17 05:32:01.582 [traceId=] [main] INFO  com.sky.SkyApplication - server started
2025-04-17 05:40:12.341 [traceId=] [SpringApplicationShutdownHook] INFO  c.alibaba.druid.pool.DruidDataSource - {dataSource-1} closing ...
2025-04-17 05:40:12.345 [traceId=] [SpringApplicationShutdownHook] INFO  c.alibaba.druid.pool.DruidDataSource - {dataSource-1} closed
2025-04-17 05:40:18.502 [traceId=] [main] INFO  com.sky.SkyApplication - Starting SkyApplication using Java 17.0.12 on 192.168.0.100 with PID 15121 (/Users/zry/Desktop/sky-out/sky-server/target/classes started by zry in /Users/zry/Desktop/sky-out)
2025-04-17 05:40:18.503 [traceId=] [main] INFO  com.sky.SkyApplication - The following 1 profile is active: "dev"
2025-04-17 05:40:19.950 [traceId=] [main] INFO  o.s.d.r.c.RepositoryConfigurationDelegate - Multiple Spring Data modules found, entering strict repository configuration mode
2025-04-17 05:40:19.953 [traceId=] [main] INFO  o.s.d.r.c.RepositoryConfigurationDelegate - Bootstrapping Spring Data Redis repositories in DEFAULT mode.
2025-04-17 05:40:19.983 [traceId=] [main] INFO  o.s.d.r.c.RepositoryConfigurationDelegate - Finished Spring Data repository scanning in 15 ms. Found 0 Redis repository interfaces.
2025-04-17 05:40:20.957 [traceId=] [main] INFO  o.s.b.w.e.tomcat.TomcatWebServer - Tomcat initialized with port(s): 8080 (http)
2025-04-17 05:40:20.968 [traceId=] [main] INFO  o.a.coyote.http11.Http11NioProtocol - Initializing ProtocolHandler ["http-nio-8080"]
2025-04-17 05:40:20.969 [traceId=] [main] INFO  o.a.catalina.core.StandardService - Starting service [Tomcat]
2025-04-17 05:40:20.969 [traceId=] [main] INFO  o.a.catalina.core.StandardEngine - Starting Servlet engine: [Apache Tomcat/9.0.65]
2025-04-17 05:40:21.090 [traceId=] [main] INFO  o.a.c.c.C.[Tomcat].[localhost].[/] - Initializing Spring embedded WebApplicationContext
2025-04-17 05:40:21.091 [traceId=] [main] INFO  o.s.b.w.s.c.ServletWebServerApplicationContext - Root WebApplicationContext: initialization completed in 2394 ms
2025-04-17 05:40:21.241 [traceId=] [main] INFO  c.a.d.s.b.a.DruidDataSourceAutoConfigure - Init DruidDataSource
2025-04-17 05:40:21.400 [traceId=] [main] INFO  c.alibaba.druid.pool.DruidDataSource - {dataSource-1} inited
2025-04-17 05:40:21.681 [traceId=] [main] INFO  com.sky.config.MinioConfiguration - 加载minio配置值：MinioProperties(endpoint=http://localhost:9000, accessKey=minioadmin, secretKey=minioadmin, bucketName=mybucket)
2025-04-17 05:40:21.979 [traceId=] [main] INFO  com.sky.config.WebMvcConfiguration - 开始注册自定义拦截器...
2025-04-17 05:40:22.987 [traceId=] [main] INFO  o.a.coyote.http11.Http11NioProtocol - Starting ProtocolHandler ["http-nio-8080"]
2025-04-17 05:40:23.016 [traceId=] [main] INFO  o.s.b.w.e.tomcat.TomcatWebServer - Tomcat started on port(s): 8080 (http) with context path ''
2025-04-17 05:40:23.452 [traceId=] [main] INFO  com.sky.SkyApplication - Started SkyApplication in 6.004 seconds (JVM running for 8.015)
2025-04-17 05:40:23.454 [traceId=] [main] INFO  com.sky.SkyApplication - server started
2025-04-17 05:40:40.892 [traceId=] [http-nio-8080-exec-2] INFO  o.a.c.c.C.[Tomcat].[localhost].[/] - Initializing Spring DispatcherServlet 'dispatcherServlet'
2025-04-17 05:40:40.892 [traceId=] [http-nio-8080-exec-2] INFO  o.s.web.servlet.DispatcherServlet - Initializing Servlet 'dispatcherServlet'
2025-04-17 05:40:40.893 [traceId=] [http-nio-8080-exec-2] INFO  o.s.web.servlet.DispatcherServlet - Completed initialization in 1 ms
2025-04-17 05:40:41.400 [traceId=b1492b9e1d2f44e2bd89c20c96f30ccc] [http-nio-8080-exec-1] DEBUG c.s.mapper.EmployeeMapper.queryByOne - ==>  Preparing: select * from employee where id=?
2025-04-17 05:40:41.400 [traceId=10ebd22cd817474289e28551641d3406] [http-nio-8080-exec-2] DEBUG c.s.mapper.EmployeeMapper.queryByOne - ==>  Preparing: select * from employee where id=?
2025-04-17 05:40:41.423 [traceId=10ebd22cd817474289e28551641d3406] [http-nio-8080-exec-2] DEBUG c.s.mapper.EmployeeMapper.queryByOne - ==> Parameters: 1(Long)
2025-04-17 05:40:41.423 [traceId=b1492b9e1d2f44e2bd89c20c96f30ccc] [http-nio-8080-exec-1] DEBUG c.s.mapper.EmployeeMapper.queryByOne - ==> Parameters: 1(Long)
2025-04-17 05:40:41.453 [traceId=b1492b9e1d2f44e2bd89c20c96f30ccc] [http-nio-8080-exec-1] DEBUG c.s.mapper.EmployeeMapper.queryByOne - <==      Total: 1
2025-04-17 05:40:41.453 [traceId=10ebd22cd817474289e28551641d3406] [http-nio-8080-exec-2] DEBUG c.s.mapper.EmployeeMapper.queryByOne - <==      Total: 1
2025-04-17 05:40:41.487 [traceId=10ebd22cd817474289e28551641d3406] [http-nio-8080-exec-2] DEBUG com.sky.mapper.CategoryMapper.list - ==>  Preparing: select * from category where status = 1 and type = ? order by sort asc,create_time desc
2025-04-17 05:40:41.487 [traceId=10ebd22cd817474289e28551641d3406] [http-nio-8080-exec-2] DEBUG com.sky.mapper.CategoryMapper.list - ==> Parameters: 1(Integer)
2025-04-17 05:40:41.491 [traceId=10ebd22cd817474289e28551641d3406] [http-nio-8080-exec-2] DEBUG com.sky.mapper.CategoryMapper.list - <==      Total: 8
2025-04-17 05:40:41.524 [traceId=b1492b9e1d2f44e2bd89c20c96f30ccc] [http-nio-8080-exec-1] DEBUG c.sky.mapper.DishMapper.query_COUNT - ==>  Preparing: SELECT count(0) FROM dish
2025-04-17 05:40:41.524 [traceId=b1492b9e1d2f44e2bd89c20c96f30ccc] [http-nio-8080-exec-1] DEBUG c.sky.mapper.DishMapper.query_COUNT - ==> Parameters: 
2025-04-17 05:40:41.527 [traceId=b1492b9e1d2f44e2bd89c20c96f30ccc] [http-nio-8080-exec-1] DEBUG c.sky.mapper.DishMapper.query_COUNT - <==      Total: 1
2025-04-17 05:40:41.529 [traceId=b1492b9e1d2f44e2bd89c20c96f30ccc] [http-nio-8080-exec-1] DEBUG com.sky.mapper.DishMapper.query - ==>  Preparing: select id, name, category_id, price, image, description, status, create_time, update_time, create_user, update_user from dish order by create_time desc LIMIT ?
2025-04-17 05:40:41.530 [traceId=b1492b9e1d2f44e2bd89c20c96f30ccc] [http-nio-8080-exec-1] DEBUG com.sky.mapper.DishMapper.query - ==> Parameters: 10(Integer)
2025-04-17 05:40:41.536 [traceId=b1492b9e1d2f44e2bd89c20c96f30ccc] [http-nio-8080-exec-1] DEBUG com.sky.mapper.DishMapper.query - <==      Total: 10
2025-04-17 05:40:43.720 [traceId=6b034e8cfbc741f5b6975e54fecdce2b] [http-nio-8080-exec-4] DEBUG c.s.mapper.EmployeeMapper.queryByOne - ==>  Preparing: select * from employee where id=?
2025-04-17 05:40:43.720 [traceId=94dafc5242de4f96b48586ff65123d49] [http-nio-8080-exec-3] DEBUG c.s.mapper.EmployeeMapper.queryByOne - ==>  Preparing: select * from employee where id=?
2025-04-17 05:40:43.720 [traceId=94dafc5242de4f96b48586ff65123d49] [http-nio-8080-exec-3] DEBUG c.s.mapper.EmployeeMapper.queryByOne - ==> Parameters: 1(Long)
2025-04-17 05:40:43.720 [traceId=6b034e8cfbc741f5b6975e54fecdce2b] [http-nio-8080-exec-4] DEBUG c.s.mapper.EmployeeMapper.queryByOne - ==> Parameters: 1(Long)
2025-04-17 05:40:43.722 [traceId=6b034e8cfbc741f5b6975e54fecdce2b] [http-nio-8080-exec-4] DEBUG c.s.mapper.EmployeeMapper.queryByOne - <==      Total: 1
2025-04-17 05:40:43.722 [traceId=94dafc5242de4f96b48586ff65123d49] [http-nio-8080-exec-3] DEBUG c.s.mapper.EmployeeMapper.queryByOne - <==      Total: 1
2025-04-17 05:40:43.723 [traceId=94dafc5242de4f96b48586ff65123d49] [http-nio-8080-exec-3] DEBUG com.sky.mapper.CategoryMapper.list - ==>  Preparing: select * from category where status = 1 and type = ? order by sort asc,create_time desc
2025-04-17 05:40:43.723 [traceId=6b034e8cfbc741f5b6975e54fecdce2b] [http-nio-8080-exec-4] DEBUG com.sky.mapper.DishMapper.queryByOne - ==>  Preparing: select id, name, category_id, price, image, description, status, create_time, update_time, create_user, update_user from dish where id =?
2025-04-17 05:40:43.724 [traceId=94dafc5242de4f96b48586ff65123d49] [http-nio-8080-exec-3] DEBUG com.sky.mapper.CategoryMapper.list - ==> Parameters: 1(Integer)
2025-04-17 05:40:43.724 [traceId=6b034e8cfbc741f5b6975e54fecdce2b] [http-nio-8080-exec-4] DEBUG com.sky.mapper.DishMapper.queryByOne - ==> Parameters: 71(Long)
2025-04-17 05:40:43.730 [traceId=6b034e8cfbc741f5b6975e54fecdce2b] [http-nio-8080-exec-4] DEBUG com.sky.mapper.DishMapper.queryByOne - <==      Total: 1
2025-04-17 05:40:43.731 [traceId=6b034e8cfbc741f5b6975e54fecdce2b] [http-nio-8080-exec-4] DEBUG c.sky.mapper.DishFlavorMapper.query - ==>  Preparing: select id,dish_id,name,value from dish_flavor where dish_id=?
2025-04-17 05:40:43.731 [traceId=94dafc5242de4f96b48586ff65123d49] [http-nio-8080-exec-3] DEBUG com.sky.mapper.CategoryMapper.list - <==      Total: 8
2025-04-17 05:40:43.731 [traceId=6b034e8cfbc741f5b6975e54fecdce2b] [http-nio-8080-exec-4] DEBUG c.sky.mapper.DishFlavorMapper.query - ==> Parameters: 71(Long)
2025-04-17 05:40:43.737 [traceId=6b034e8cfbc741f5b6975e54fecdce2b] [http-nio-8080-exec-4] DEBUG c.sky.mapper.DishFlavorMapper.query - <==      Total: 0
2025-04-17 05:40:50.984 [traceId=29b51f931f704d66a7d6943eebbee63c] [http-nio-8080-exec-5] DEBUG c.s.mapper.EmployeeMapper.queryByOne - ==>  Preparing: select * from employee where id=?
2025-04-17 05:40:50.984 [traceId=29b51f931f704d66a7d6943eebbee63c] [http-nio-8080-exec-5] DEBUG c.s.mapper.EmployeeMapper.queryByOne - ==> Parameters: 1(Long)
2025-04-17 05:40:50.986 [traceId=29b51f931f704d66a7d6943eebbee63c] [http-nio-8080-exec-5] DEBUG c.s.mapper.EmployeeMapper.queryByOne - <==      Total: 1
2025-04-17 05:40:51.031 [traceId=29b51f931f704d66a7d6943eebbee63c] [http-nio-8080-exec-5] DEBUG com.sky.mapper.DishMapper.update - ==>  Preparing: update dish SET name=?, category_id= ?, price= ?, image= ?, description =?, status=?, update_time=?, update_user=? where id=?
2025-04-17 05:40:51.032 [traceId=29b51f931f704d66a7d6943eebbee63c] [http-nio-8080-exec-5] DEBUG com.sky.mapper.DishMapper.update - ==> Parameters: niu(String), 17(Long), 22(BigDecimal), http://localhost:9000/mybucket/2025-04-17/6962ab34ad12469bb61cf82b93d293c1.png(String), (String), 0(Integer), 2025-04-17T05:40:51.030222(LocalDateTime), 1(Long), 71(Long)
2025-04-17 05:40:51.041 [traceId=29b51f931f704d66a7d6943eebbee63c] [http-nio-8080-exec-5] DEBUG com.sky.mapper.DishMapper.update - <==    Updates: 1
2025-04-17 05:40:51.042 [traceId=29b51f931f704d66a7d6943eebbee63c] [http-nio-8080-exec-5] DEBUG c.s.mapper.DishFlavorMapper.delBatch - ==>  Preparing: delete from dish_flavor where dish_id in ( ? )
2025-04-17 05:40:51.043 [traceId=29b51f931f704d66a7d6943eebbee63c] [http-nio-8080-exec-5] DEBUG c.s.mapper.DishFlavorMapper.delBatch - ==> Parameters: 71(Long)
2025-04-17 05:40:51.044 [traceId=29b51f931f704d66a7d6943eebbee63c] [http-nio-8080-exec-5] DEBUG c.s.mapper.DishFlavorMapper.delBatch - <==    Updates: 0
2025-04-17 05:40:51.048 [traceId=29b51f931f704d66a7d6943eebbee63c] [http-nio-8080-exec-5] DEBUG c.s.m.DishFlavorMapper.updateBatch - ==>  Preparing: insert into sky_take_out.dish_flavor ( dish_id, name, value) values (?,?,?)
2025-04-17 05:40:51.052 [traceId=29b51f931f704d66a7d6943eebbee63c] [http-nio-8080-exec-5] ERROR c.sky.handler.GlobalExceptionHandler - 系统异常：traceId=29b51f931f704d66a7d6943eebbee63c, url=/admin/dish, error=nested exception is org.apache.ibatis.reflection.ReflectionException: There is no getter for property named 'dish_id' in 'class com.sky.entity.DishFlavor'
org.mybatis.spring.MyBatisSystemException: nested exception is org.apache.ibatis.reflection.ReflectionException: There is no getter for property named 'dish_id' in 'class com.sky.entity.DishFlavor'
	at org.mybatis.spring.MyBatisExceptionTranslator.translateExceptionIfPossible(MyBatisExceptionTranslator.java:96)
	at org.mybatis.spring.SqlSessionTemplate$SqlSessionInterceptor.invoke(SqlSessionTemplate.java:441)
	at jdk.proxy2/jdk.proxy2.$Proxy82.update(Unknown Source)
	at org.mybatis.spring.SqlSessionTemplate.update(SqlSessionTemplate.java:288)
	at org.apache.ibatis.binding.MapperMethod.execute(MapperMethod.java:67)
	at org.apache.ibatis.binding.MapperProxy$PlainMethodInvoker.invoke(MapperProxy.java:145)
	at org.apache.ibatis.binding.MapperProxy.invoke(MapperProxy.java:86)
	at jdk.proxy2/jdk.proxy2.$Proxy101.updateBatch(Unknown Source)
	at com.sky.service.impl.DishServiceImpl.update(DishServiceImpl.java:108)
	at com.sky.service.impl.DishServiceImpl$$FastClassBySpringCGLIB$$a2ffbea0.invoke(<generated>)
	at org.springframework.cglib.proxy.MethodProxy.invoke(MethodProxy.java:218)
	at org.springframework.aop.framework.CglibAopProxy.invokeMethod(CglibAopProxy.java:386)
	at org.springframework.aop.framework.CglibAopProxy.access$000(CglibAopProxy.java:85)
	at org.springframework.aop.framework.CglibAopProxy$DynamicAdvisedInterceptor.intercept(CglibAopProxy.java:704)
	at com.sky.service.impl.DishServiceImpl$$EnhancerBySpringCGLIB$$ca7fd98.update(<generated>)
	at com.sky.controller.admin.DishController.update(DishController.java:56)
	at java.base/jdk.internal.reflect.NativeMethodAccessorImpl.invoke0(Native Method)
	at java.base/jdk.internal.reflect.NativeMethodAccessorImpl.invoke(NativeMethodAccessorImpl.java:77)
	at java.base/jdk.internal.reflect.DelegatingMethodAccessorImpl.invoke(DelegatingMethodAccessorImpl.java:43)
	at java.base/java.lang.reflect.Method.invoke(Method.java:569)
	at org.springframework.web.method.support.InvocableHandlerMethod.doInvoke(InvocableHandlerMethod.java:205)
	at org.springframework.web.method.support.InvocableHandlerMethod.invokeForRequest(InvocableHandlerMethod.java:150)
	at org.springframework.web.servlet.mvc.method.annotation.ServletInvocableHandlerMethod.invokeAndHandle(ServletInvocableHandlerMethod.java:117)
	at org.springframework.web.servlet.mvc.method.annotation.RequestMappingHandlerAdapter.invokeHandlerMethod(RequestMappingHandlerAdapter.java:895)
	at org.springframework.web.servlet.mvc.method.annotation.RequestMappingHandlerAdapter.handleInternal(RequestMappingHandlerAdapter.java:808)
	at org.springframework.web.servlet.mvc.method.AbstractHandlerMethodAdapter.handle(AbstractHandlerMethodAdapter.java:87)
	at org.springframework.web.servlet.DispatcherServlet.doDispatch(DispatcherServlet.java:1070)
	at org.springframework.web.servlet.DispatcherServlet.doService(DispatcherServlet.java:963)
	at org.springframework.web.servlet.FrameworkServlet.processRequest(FrameworkServlet.java:1006)
	at org.springframework.web.servlet.FrameworkServlet.doPut(FrameworkServlet.java:920)
	at javax.servlet.http.HttpServlet.service(HttpServlet.java:684)
	at org.springframework.web.servlet.FrameworkServlet.service(FrameworkServlet.java:883)
	at javax.servlet.http.HttpServlet.service(HttpServlet.java:764)
	at org.apache.catalina.core.ApplicationFilterChain.internalDoFilter(ApplicationFilterChain.java:227)
	at org.apache.catalina.core.ApplicationFilterChain.doFilter(ApplicationFilterChain.java:162)
	at org.apache.tomcat.websocket.server.WsFilter.doFilter(WsFilter.java:53)
	at org.apache.catalina.core.ApplicationFilterChain.internalDoFilter(ApplicationFilterChain.java:189)
	at org.apache.catalina.core.ApplicationFilterChain.doFilter(ApplicationFilterChain.java:162)
	at com.sky.config.TraceIdFilter.doFilter(TraceIdFilter.java:25)
	at org.apache.catalina.core.ApplicationFilterChain.internalDoFilter(ApplicationFilterChain.java:189)
	at org.apache.catalina.core.ApplicationFilterChain.doFilter(ApplicationFilterChain.java:162)
	at org.springframework.web.filter.CharacterEncodingFilter.doFilterInternal(CharacterEncodingFilter.java:201)
	at org.springframework.web.filter.OncePerRequestFilter.doFilter(OncePerRequestFilter.java:117)
	at org.apache.catalina.core.ApplicationFilterChain.internalDoFilter(ApplicationFilterChain.java:189)
	at org.apache.catalina.core.ApplicationFilterChain.doFilter(ApplicationFilterChain.java:162)
	at org.apache.catalina.core.StandardWrapperValve.invoke(StandardWrapperValve.java:197)
	at org.apache.catalina.core.StandardContextValve.invoke(StandardContextValve.java:97)
	at org.apache.catalina.authenticator.AuthenticatorBase.invoke(AuthenticatorBase.java:541)
	at org.apache.catalina.core.StandardHostValve.invoke(StandardHostValve.java:135)
	at org.apache.catalina.valves.ErrorReportValve.invoke(ErrorReportValve.java:92)
	at org.apache.catalina.core.StandardEngineValve.invoke(StandardEngineValve.java:78)
	at org.apache.catalina.connector.CoyoteAdapter.service(CoyoteAdapter.java:360)
	at org.apache.coyote.http11.Http11Processor.service(Http11Processor.java:399)
	at org.apache.coyote.AbstractProcessorLight.process(AbstractProcessorLight.java:65)
	at org.apache.coyote.AbstractProtocol$ConnectionHandler.process(AbstractProtocol.java:890)
	at org.apache.tomcat.util.net.NioEndpoint$SocketProcessor.doRun(NioEndpoint.java:1789)
	at org.apache.tomcat.util.net.SocketProcessorBase.run(SocketProcessorBase.java:49)
	at org.apache.tomcat.util.threads.ThreadPoolExecutor.runWorker(ThreadPoolExecutor.java:1191)
	at org.apache.tomcat.util.threads.ThreadPoolExecutor$Worker.run(ThreadPoolExecutor.java:659)
	at org.apache.tomcat.util.threads.TaskThread$WrappingRunnable.run(TaskThread.java:61)
	at java.base/java.lang.Thread.run(Thread.java:840)
Caused by: org.apache.ibatis.reflection.ReflectionException: There is no getter for property named 'dish_id' in 'class com.sky.entity.DishFlavor'
	at org.apache.ibatis.reflection.Reflector.getGetInvoker(Reflector.java:375)
	at org.apache.ibatis.reflection.MetaClass.getGetInvoker(MetaClass.java:164)
	at org.apache.ibatis.reflection.wrapper.BeanWrapper.getBeanProperty(BeanWrapper.java:162)
	at org.apache.ibatis.reflection.wrapper.BeanWrapper.get(BeanWrapper.java:49)
	at org.apache.ibatis.reflection.MetaObject.getValue(MetaObject.java:122)
	at org.apache.ibatis.reflection.MetaObject.getValue(MetaObject.java:119)
	at org.apache.ibatis.mapping.BoundSql.getAdditionalParameter(BoundSql.java:74)
	at org.apache.ibatis.scripting.defaults.DefaultParameterHandler.setParameters(DefaultParameterHandler.java:72)
	at org.apache.ibatis.executor.statement.PreparedStatementHandler.parameterize(PreparedStatementHandler.java:94)
	at org.apache.ibatis.executor.statement.RoutingStatementHandler.parameterize(RoutingStatementHandler.java:64)
	at org.apache.ibatis.executor.SimpleExecutor.prepareStatement(SimpleExecutor.java:88)
	at org.apache.ibatis.executor.SimpleExecutor.doUpdate(SimpleExecutor.java:49)
	at org.apache.ibatis.executor.BaseExecutor.update(BaseExecutor.java:117)
	at org.apache.ibatis.executor.CachingExecutor.update(CachingExecutor.java:76)
	at java.base/jdk.internal.reflect.NativeMethodAccessorImpl.invoke0(Native Method)
	at java.base/jdk.internal.reflect.NativeMethodAccessorImpl.invoke(NativeMethodAccessorImpl.java:77)
	at java.base/jdk.internal.reflect.DelegatingMethodAccessorImpl.invoke(DelegatingMethodAccessorImpl.java:43)
	at java.base/java.lang.reflect.Method.invoke(Method.java:569)
	at org.apache.ibatis.plugin.Plugin.invoke(Plugin.java:64)
	at jdk.proxy2/jdk.proxy2.$Proxy139.update(Unknown Source)
	at org.apache.ibatis.session.defaults.DefaultSqlSession.update(DefaultSqlSession.java:194)
	at java.base/jdk.internal.reflect.NativeMethodAccessorImpl.invoke0(Native Method)
	at java.base/jdk.internal.reflect.NativeMethodAccessorImpl.invoke(NativeMethodAccessorImpl.java:77)
	at java.base/jdk.internal.reflect.DelegatingMethodAccessorImpl.invoke(DelegatingMethodAccessorImpl.java:43)
	at java.base/java.lang.reflect.Method.invoke(Method.java:569)
	at org.mybatis.spring.SqlSessionTemplate$SqlSessionInterceptor.invoke(SqlSessionTemplate.java:427)
	... 59 common frames omitted
2025-04-17 05:41:32.030 [traceId=] [SpringApplicationShutdownHook] INFO  c.alibaba.druid.pool.DruidDataSource - {dataSource-1} closing ...
2025-04-17 05:41:32.036 [traceId=] [SpringApplicationShutdownHook] INFO  c.alibaba.druid.pool.DruidDataSource - {dataSource-1} closed
2025-04-17 05:41:34.682 [traceId=] [main] INFO  com.sky.SkyApplication - Starting SkyApplication using Java 17.0.12 on 192.168.0.100 with PID 15878 (/Users/zry/Desktop/sky-out/sky-server/target/classes started by zry in /Users/zry/Desktop/sky-out)
2025-04-17 05:41:34.683 [traceId=] [main] INFO  com.sky.SkyApplication - The following 1 profile is active: "dev"
2025-04-17 05:41:35.465 [traceId=] [main] INFO  o.s.d.r.c.RepositoryConfigurationDelegate - Multiple Spring Data modules found, entering strict repository configuration mode
2025-04-17 05:41:35.467 [traceId=] [main] INFO  o.s.d.r.c.RepositoryConfigurationDelegate - Bootstrapping Spring Data Redis repositories in DEFAULT mode.
2025-04-17 05:41:35.492 [traceId=] [main] INFO  o.s.d.r.c.RepositoryConfigurationDelegate - Finished Spring Data repository scanning in 12 ms. Found 0 Redis repository interfaces.
2025-04-17 05:41:36.308 [traceId=] [main] INFO  o.s.b.w.e.tomcat.TomcatWebServer - Tomcat initialized with port(s): 8080 (http)
2025-04-17 05:41:36.321 [traceId=] [main] INFO  o.a.coyote.http11.Http11NioProtocol - Initializing ProtocolHandler ["http-nio-8080"]
2025-04-17 05:41:36.322 [traceId=] [main] INFO  o.a.catalina.core.StandardService - Starting service [Tomcat]
2025-04-17 05:41:36.322 [traceId=] [main] INFO  o.a.catalina.core.StandardEngine - Starting Servlet engine: [Apache Tomcat/9.0.65]
2025-04-17 05:41:36.533 [traceId=] [main] INFO  o.a.c.c.C.[Tomcat].[localhost].[/] - Initializing Spring embedded WebApplicationContext
2025-04-17 05:41:36.533 [traceId=] [main] INFO  o.s.b.w.s.c.ServletWebServerApplicationContext - Root WebApplicationContext: initialization completed in 1804 ms
2025-04-17 05:41:36.684 [traceId=] [main] INFO  c.a.d.s.b.a.DruidDataSourceAutoConfigure - Init DruidDataSource
2025-04-17 05:41:36.802 [traceId=] [main] INFO  c.alibaba.druid.pool.DruidDataSource - {dataSource-1} inited
2025-04-17 05:41:37.619 [traceId=] [main] INFO  com.sky.config.MinioConfiguration - 加载minio配置值：MinioProperties(endpoint=http://localhost:9000, accessKey=minioadmin, secretKey=minioadmin, bucketName=mybucket)
2025-04-17 05:41:38.179 [traceId=] [main] INFO  com.sky.config.WebMvcConfiguration - 开始注册自定义拦截器...
2025-04-17 05:41:39.809 [traceId=] [main] INFO  o.a.coyote.http11.Http11NioProtocol - Starting ProtocolHandler ["http-nio-8080"]
2025-04-17 05:41:39.847 [traceId=] [main] INFO  o.s.b.w.e.tomcat.TomcatWebServer - Tomcat started on port(s): 8080 (http) with context path ''
2025-04-17 05:41:40.244 [traceId=] [main] INFO  com.sky.SkyApplication - Started SkyApplication in 6.432 seconds (JVM running for 7.251)
2025-04-17 05:41:40.255 [traceId=] [main] INFO  com.sky.SkyApplication - server started
2025-04-17 05:42:27.363 [traceId=] [http-nio-8080-exec-1] INFO  o.a.c.c.C.[Tomcat].[localhost].[/] - Initializing Spring DispatcherServlet 'dispatcherServlet'
2025-04-17 05:42:27.363 [traceId=] [http-nio-8080-exec-1] INFO  o.s.web.servlet.DispatcherServlet - Initializing Servlet 'dispatcherServlet'
2025-04-17 05:42:27.364 [traceId=] [http-nio-8080-exec-1] INFO  o.s.web.servlet.DispatcherServlet - Completed initialization in 1 ms
2025-04-17 05:42:27.838 [traceId=d274de2b3ada401eb62f7f1b6ae078cb] [http-nio-8080-exec-1] DEBUG c.s.mapper.EmployeeMapper.queryByOne - ==>  Preparing: select * from employee where id=?
2025-04-17 05:42:27.863 [traceId=d274de2b3ada401eb62f7f1b6ae078cb] [http-nio-8080-exec-1] DEBUG c.s.mapper.EmployeeMapper.queryByOne - ==> Parameters: 1(Long)
2025-04-17 05:42:27.897 [traceId=d274de2b3ada401eb62f7f1b6ae078cb] [http-nio-8080-exec-1] DEBUG c.s.mapper.EmployeeMapper.queryByOne - <==      Total: 1
2025-04-17 05:42:28.000 [traceId=d274de2b3ada401eb62f7f1b6ae078cb] [http-nio-8080-exec-1] DEBUG com.sky.mapper.DishMapper.update - ==>  Preparing: update dish SET name=?, category_id= ?, price= ?, image= ?, description =?, status=?, update_time=?, update_user=? where id=?
2025-04-17 05:42:28.001 [traceId=d274de2b3ada401eb62f7f1b6ae078cb] [http-nio-8080-exec-1] DEBUG com.sky.mapper.DishMapper.update - ==> Parameters: niu(String), 17(Long), 22(BigDecimal), http://localhost:9000/mybucket/2025-04-17/6962ab34ad12469bb61cf82b93d293c1.png(String), (String), 0(Integer), 2025-04-17T05:42:27.983167(LocalDateTime), 1(Long), 71(Long)
2025-04-17 05:42:28.009 [traceId=d274de2b3ada401eb62f7f1b6ae078cb] [http-nio-8080-exec-1] DEBUG com.sky.mapper.DishMapper.update - <==    Updates: 1
2025-04-17 05:42:28.011 [traceId=d274de2b3ada401eb62f7f1b6ae078cb] [http-nio-8080-exec-1] DEBUG c.s.mapper.DishFlavorMapper.delBatch - ==>  Preparing: delete from dish_flavor where dish_id in ( ? )
2025-04-17 05:42:28.011 [traceId=d274de2b3ada401eb62f7f1b6ae078cb] [http-nio-8080-exec-1] DEBUG c.s.mapper.DishFlavorMapper.delBatch - ==> Parameters: 71(Long)
2025-04-17 05:42:28.013 [traceId=d274de2b3ada401eb62f7f1b6ae078cb] [http-nio-8080-exec-1] DEBUG c.s.mapper.DishFlavorMapper.delBatch - <==    Updates: 0
2025-04-17 05:42:28.017 [traceId=d274de2b3ada401eb62f7f1b6ae078cb] [http-nio-8080-exec-1] DEBUG c.s.m.DishFlavorMapper.updateBatch - ==>  Preparing: insert into sky_take_out.dish_flavor ( dish_id, name, value) values (?,?,?)
2025-04-17 05:42:28.018 [traceId=d274de2b3ada401eb62f7f1b6ae078cb] [http-nio-8080-exec-1] DEBUG c.s.m.DishFlavorMapper.updateBatch - ==> Parameters: null, 甜味(String), ["无糖","少糖","半糖","多糖","全糖"](String)
2025-04-17 05:42:28.080 [traceId=d274de2b3ada401eb62f7f1b6ae078cb] [http-nio-8080-exec-1] ERROR c.sky.handler.GlobalExceptionHandler - 系统异常：traceId=d274de2b3ada401eb62f7f1b6ae078cb, url=/admin/dish, error=
### Error updating database.  Cause: java.sql.SQLIntegrityConstraintViolationException: Column 'dish_id' cannot be null
### The error may exist in file [/Users/zry/Desktop/sky-out/sky-server/target/classes/mapper/DIshFlavorMapper.xml]
### The error may involve defaultParameterMap
### The error occurred while setting parameters
### SQL: insert into sky_take_out.dish_flavor ( dish_id, name, value)         values                        (?,?,?)
### Cause: java.sql.SQLIntegrityConstraintViolationException: Column 'dish_id' cannot be null
; Column 'dish_id' cannot be null; nested exception is java.sql.SQLIntegrityConstraintViolationException: Column 'dish_id' cannot be null
org.springframework.dao.DataIntegrityViolationException: 
### Error updating database.  Cause: java.sql.SQLIntegrityConstraintViolationException: Column 'dish_id' cannot be null
### The error may exist in file [/Users/zry/Desktop/sky-out/sky-server/target/classes/mapper/DIshFlavorMapper.xml]
### The error may involve defaultParameterMap
### The error occurred while setting parameters
### SQL: insert into sky_take_out.dish_flavor ( dish_id, name, value)         values                        (?,?,?)
### Cause: java.sql.SQLIntegrityConstraintViolationException: Column 'dish_id' cannot be null
; Column 'dish_id' cannot be null; nested exception is java.sql.SQLIntegrityConstraintViolationException: Column 'dish_id' cannot be null
	at org.springframework.jdbc.support.SQLExceptionSubclassTranslator.doTranslate(SQLExceptionSubclassTranslator.java:87)
	at org.springframework.jdbc.support.AbstractFallbackSQLExceptionTranslator.translate(AbstractFallbackSQLExceptionTranslator.java:70)
	at org.springframework.jdbc.support.AbstractFallbackSQLExceptionTranslator.translate(AbstractFallbackSQLExceptionTranslator.java:79)
	at org.mybatis.spring.MyBatisExceptionTranslator.translateExceptionIfPossible(MyBatisExceptionTranslator.java:91)
	at org.mybatis.spring.SqlSessionTemplate$SqlSessionInterceptor.invoke(SqlSessionTemplate.java:441)
	at jdk.proxy2/jdk.proxy2.$Proxy82.update(Unknown Source)
	at org.mybatis.spring.SqlSessionTemplate.update(SqlSessionTemplate.java:288)
	at org.apache.ibatis.binding.MapperMethod.execute(MapperMethod.java:67)
	at org.apache.ibatis.binding.MapperProxy$PlainMethodInvoker.invoke(MapperProxy.java:145)
	at org.apache.ibatis.binding.MapperProxy.invoke(MapperProxy.java:86)
	at jdk.proxy2/jdk.proxy2.$Proxy101.updateBatch(Unknown Source)
	at com.sky.service.impl.DishServiceImpl.update(DishServiceImpl.java:108)
	at com.sky.service.impl.DishServiceImpl$$FastClassBySpringCGLIB$$a2ffbea0.invoke(<generated>)
	at org.springframework.cglib.proxy.MethodProxy.invoke(MethodProxy.java:218)
	at org.springframework.aop.framework.CglibAopProxy.invokeMethod(CglibAopProxy.java:386)
	at org.springframework.aop.framework.CglibAopProxy.access$000(CglibAopProxy.java:85)
	at org.springframework.aop.framework.CglibAopProxy$DynamicAdvisedInterceptor.intercept(CglibAopProxy.java:704)
	at com.sky.service.impl.DishServiceImpl$$EnhancerBySpringCGLIB$$8882e8b7.update(<generated>)
	at com.sky.controller.admin.DishController.update(DishController.java:56)
	at java.base/jdk.internal.reflect.NativeMethodAccessorImpl.invoke0(Native Method)
	at java.base/jdk.internal.reflect.NativeMethodAccessorImpl.invoke(NativeMethodAccessorImpl.java:77)
	at java.base/jdk.internal.reflect.DelegatingMethodAccessorImpl.invoke(DelegatingMethodAccessorImpl.java:43)
	at java.base/java.lang.reflect.Method.invoke(Method.java:569)
	at org.springframework.web.method.support.InvocableHandlerMethod.doInvoke(InvocableHandlerMethod.java:205)
	at org.springframework.web.method.support.InvocableHandlerMethod.invokeForRequest(InvocableHandlerMethod.java:150)
	at org.springframework.web.servlet.mvc.method.annotation.ServletInvocableHandlerMethod.invokeAndHandle(ServletInvocableHandlerMethod.java:117)
	at org.springframework.web.servlet.mvc.method.annotation.RequestMappingHandlerAdapter.invokeHandlerMethod(RequestMappingHandlerAdapter.java:895)
	at org.springframework.web.servlet.mvc.method.annotation.RequestMappingHandlerAdapter.handleInternal(RequestMappingHandlerAdapter.java:808)
	at org.springframework.web.servlet.mvc.method.AbstractHandlerMethodAdapter.handle(AbstractHandlerMethodAdapter.java:87)
	at org.springframework.web.servlet.DispatcherServlet.doDispatch(DispatcherServlet.java:1070)
	at org.springframework.web.servlet.DispatcherServlet.doService(DispatcherServlet.java:963)
	at org.springframework.web.servlet.FrameworkServlet.processRequest(FrameworkServlet.java:1006)
	at org.springframework.web.servlet.FrameworkServlet.doPut(FrameworkServlet.java:920)
	at javax.servlet.http.HttpServlet.service(HttpServlet.java:684)
	at org.springframework.web.servlet.FrameworkServlet.service(FrameworkServlet.java:883)
	at javax.servlet.http.HttpServlet.service(HttpServlet.java:764)
	at org.apache.catalina.core.ApplicationFilterChain.internalDoFilter(ApplicationFilterChain.java:227)
	at org.apache.catalina.core.ApplicationFilterChain.doFilter(ApplicationFilterChain.java:162)
	at org.apache.tomcat.websocket.server.WsFilter.doFilter(WsFilter.java:53)
	at org.apache.catalina.core.ApplicationFilterChain.internalDoFilter(ApplicationFilterChain.java:189)
	at org.apache.catalina.core.ApplicationFilterChain.doFilter(ApplicationFilterChain.java:162)
	at com.sky.config.TraceIdFilter.doFilter(TraceIdFilter.java:25)
	at org.apache.catalina.core.ApplicationFilterChain.internalDoFilter(ApplicationFilterChain.java:189)
	at org.apache.catalina.core.ApplicationFilterChain.doFilter(ApplicationFilterChain.java:162)
	at org.springframework.web.filter.CharacterEncodingFilter.doFilterInternal(CharacterEncodingFilter.java:201)
	at org.springframework.web.filter.OncePerRequestFilter.doFilter(OncePerRequestFilter.java:117)
	at org.apache.catalina.core.ApplicationFilterChain.internalDoFilter(ApplicationFilterChain.java:189)
	at org.apache.catalina.core.ApplicationFilterChain.doFilter(ApplicationFilterChain.java:162)
	at org.apache.catalina.core.StandardWrapperValve.invoke(StandardWrapperValve.java:197)
	at org.apache.catalina.core.StandardContextValve.invoke(StandardContextValve.java:97)
	at org.apache.catalina.authenticator.AuthenticatorBase.invoke(AuthenticatorBase.java:541)
	at org.apache.catalina.core.StandardHostValve.invoke(StandardHostValve.java:135)
	at org.apache.catalina.valves.ErrorReportValve.invoke(ErrorReportValve.java:92)
	at org.apache.catalina.core.StandardEngineValve.invoke(StandardEngineValve.java:78)
	at org.apache.catalina.connector.CoyoteAdapter.service(CoyoteAdapter.java:360)
	at org.apache.coyote.http11.Http11Processor.service(Http11Processor.java:399)
	at org.apache.coyote.AbstractProcessorLight.process(AbstractProcessorLight.java:65)
	at org.apache.coyote.AbstractProtocol$ConnectionHandler.process(AbstractProtocol.java:890)
	at org.apache.tomcat.util.net.NioEndpoint$SocketProcessor.doRun(NioEndpoint.java:1789)
	at org.apache.tomcat.util.net.SocketProcessorBase.run(SocketProcessorBase.java:49)
	at org.apache.tomcat.util.threads.ThreadPoolExecutor.runWorker(ThreadPoolExecutor.java:1191)
	at org.apache.tomcat.util.threads.ThreadPoolExecutor$Worker.run(ThreadPoolExecutor.java:659)
	at org.apache.tomcat.util.threads.TaskThread$WrappingRunnable.run(TaskThread.java:61)
	at java.base/java.lang.Thread.run(Thread.java:840)
Caused by: java.sql.SQLIntegrityConstraintViolationException: Column 'dish_id' cannot be null
	at com.mysql.cj.jdbc.exceptions.SQLError.createSQLException(SQLError.java:117)
	at com.mysql.cj.jdbc.exceptions.SQLExceptionsMapping.translateException(SQLExceptionsMapping.java:122)
	at com.mysql.cj.jdbc.ClientPreparedStatement.executeInternal(ClientPreparedStatement.java:916)
	at com.mysql.cj.jdbc.ClientPreparedStatement.execute(ClientPreparedStatement.java:354)
	at com.alibaba.druid.pool.DruidPooledPreparedStatement.execute(DruidPooledPreparedStatement.java:497)
	at java.base/jdk.internal.reflect.NativeMethodAccessorImpl.invoke0(Native Method)
	at java.base/jdk.internal.reflect.NativeMethodAccessorImpl.invoke(NativeMethodAccessorImpl.java:77)
	at java.base/jdk.internal.reflect.DelegatingMethodAccessorImpl.invoke(DelegatingMethodAccessorImpl.java:43)
	at java.base/java.lang.reflect.Method.invoke(Method.java:569)
	at org.apache.ibatis.logging.jdbc.PreparedStatementLogger.invoke(PreparedStatementLogger.java:59)
	at jdk.proxy3/jdk.proxy3.$Proxy141.execute(Unknown Source)
	at org.apache.ibatis.executor.statement.PreparedStatementHandler.update(PreparedStatementHandler.java:47)
	at org.apache.ibatis.executor.statement.RoutingStatementHandler.update(RoutingStatementHandler.java:74)
	at org.apache.ibatis.executor.SimpleExecutor.doUpdate(SimpleExecutor.java:50)
	at org.apache.ibatis.executor.BaseExecutor.update(BaseExecutor.java:117)
	at org.apache.ibatis.executor.CachingExecutor.update(CachingExecutor.java:76)
	at java.base/jdk.internal.reflect.NativeMethodAccessorImpl.invoke0(Native Method)
	at java.base/jdk.internal.reflect.NativeMethodAccessorImpl.invoke(NativeMethodAccessorImpl.java:77)
	at java.base/jdk.internal.reflect.DelegatingMethodAccessorImpl.invoke(DelegatingMethodAccessorImpl.java:43)
	at java.base/java.lang.reflect.Method.invoke(Method.java:569)
	at org.apache.ibatis.plugin.Plugin.invoke(Plugin.java:64)
	at jdk.proxy2/jdk.proxy2.$Proxy139.update(Unknown Source)
	at org.apache.ibatis.session.defaults.DefaultSqlSession.update(DefaultSqlSession.java:194)
	at java.base/jdk.internal.reflect.NativeMethodAccessorImpl.invoke0(Native Method)
	at java.base/jdk.internal.reflect.NativeMethodAccessorImpl.invoke(NativeMethodAccessorImpl.java:77)
	at java.base/jdk.internal.reflect.DelegatingMethodAccessorImpl.invoke(DelegatingMethodAccessorImpl.java:43)
	at java.base/java.lang.reflect.Method.invoke(Method.java:569)
	at org.mybatis.spring.SqlSessionTemplate$SqlSessionInterceptor.invoke(SqlSessionTemplate.java:427)
	... 59 common frames omitted
2025-04-17 05:45:50.695 [traceId=] [SpringApplicationShutdownHook] INFO  c.alibaba.druid.pool.DruidDataSource - {dataSource-1} closing ...
2025-04-17 05:45:50.699 [traceId=] [SpringApplicationShutdownHook] INFO  c.alibaba.druid.pool.DruidDataSource - {dataSource-1} closed
2025-04-17 05:45:54.280 [traceId=] [main] INFO  com.sky.SkyApplication - Starting SkyApplication using Java 17.0.12 on 192.168.0.100 with PID 18544 (/Users/zry/Desktop/sky-out/sky-server/target/classes started by zry in /Users/zry/Desktop/sky-out)
2025-04-17 05:45:54.282 [traceId=] [main] INFO  com.sky.SkyApplication - The following 1 profile is active: "dev"
2025-04-17 05:45:55.071 [traceId=] [main] INFO  o.s.d.r.c.RepositoryConfigurationDelegate - Multiple Spring Data modules found, entering strict repository configuration mode
2025-04-17 05:45:55.073 [traceId=] [main] INFO  o.s.d.r.c.RepositoryConfigurationDelegate - Bootstrapping Spring Data Redis repositories in DEFAULT mode.
2025-04-17 05:45:55.098 [traceId=] [main] INFO  o.s.d.r.c.RepositoryConfigurationDelegate - Finished Spring Data repository scanning in 13 ms. Found 0 Redis repository interfaces.
2025-04-17 05:45:55.819 [traceId=] [main] INFO  o.s.b.w.e.tomcat.TomcatWebServer - Tomcat initialized with port(s): 8080 (http)
2025-04-17 05:45:55.828 [traceId=] [main] INFO  o.a.coyote.http11.Http11NioProtocol - Initializing ProtocolHandler ["http-nio-8080"]
2025-04-17 05:45:55.828 [traceId=] [main] INFO  o.a.catalina.core.StandardService - Starting service [Tomcat]
2025-04-17 05:45:55.828 [traceId=] [main] INFO  o.a.catalina.core.StandardEngine - Starting Servlet engine: [Apache Tomcat/9.0.65]
2025-04-17 05:45:55.938 [traceId=] [main] INFO  o.a.c.c.C.[Tomcat].[localhost].[/] - Initializing Spring embedded WebApplicationContext
2025-04-17 05:45:55.938 [traceId=] [main] INFO  o.s.b.w.s.c.ServletWebServerApplicationContext - Root WebApplicationContext: initialization completed in 1608 ms
2025-04-17 05:45:56.062 [traceId=] [main] INFO  c.a.d.s.b.a.DruidDataSourceAutoConfigure - Init DruidDataSource
2025-04-17 05:45:56.178 [traceId=] [main] INFO  c.alibaba.druid.pool.DruidDataSource - {dataSource-1} inited
2025-04-17 05:45:56.409 [traceId=] [main] INFO  com.sky.config.MinioConfiguration - 加载minio配置值：MinioProperties(endpoint=http://localhost:9000, accessKey=minioadmin, secretKey=minioadmin, bucketName=mybucket)
2025-04-17 05:45:56.631 [traceId=] [main] INFO  com.sky.config.WebMvcConfiguration - 开始注册自定义拦截器...
2025-04-17 05:45:57.500 [traceId=] [main] INFO  o.a.coyote.http11.Http11NioProtocol - Starting ProtocolHandler ["http-nio-8080"]
2025-04-17 05:45:57.518 [traceId=] [main] INFO  o.s.b.w.e.tomcat.TomcatWebServer - Tomcat started on port(s): 8080 (http) with context path ''
2025-04-17 05:45:57.859 [traceId=] [main] INFO  com.sky.SkyApplication - Started SkyApplication in 4.122 seconds (JVM running for 4.795)
2025-04-17 05:45:57.861 [traceId=] [main] INFO  com.sky.SkyApplication - server started
2025-04-17 05:46:09.384 [traceId=] [http-nio-8080-exec-1] INFO  o.a.c.c.C.[Tomcat].[localhost].[/] - Initializing Spring DispatcherServlet 'dispatcherServlet'
2025-04-17 05:46:09.384 [traceId=] [http-nio-8080-exec-1] INFO  o.s.web.servlet.DispatcherServlet - Initializing Servlet 'dispatcherServlet'
2025-04-17 05:46:09.386 [traceId=] [http-nio-8080-exec-1] INFO  o.s.web.servlet.DispatcherServlet - Completed initialization in 2 ms
2025-04-17 05:46:09.806 [traceId=b95ab21c3e1947f582714cca4f8566ff] [http-nio-8080-exec-1] DEBUG c.s.mapper.EmployeeMapper.queryByOne - ==>  Preparing: select * from employee where id=?
2025-04-17 05:46:09.829 [traceId=b95ab21c3e1947f582714cca4f8566ff] [http-nio-8080-exec-1] DEBUG c.s.mapper.EmployeeMapper.queryByOne - ==> Parameters: 1(Long)
2025-04-17 05:46:09.853 [traceId=b95ab21c3e1947f582714cca4f8566ff] [http-nio-8080-exec-1] DEBUG c.s.mapper.EmployeeMapper.queryByOne - <==      Total: 1
2025-04-17 05:46:09.944 [traceId=b95ab21c3e1947f582714cca4f8566ff] [http-nio-8080-exec-1] DEBUG com.sky.mapper.DishMapper.update - ==>  Preparing: update dish SET name=?, category_id= ?, price= ?, image= ?, description =?, status=?, update_time=?, update_user=? where id=?
2025-04-17 05:46:09.945 [traceId=b95ab21c3e1947f582714cca4f8566ff] [http-nio-8080-exec-1] DEBUG com.sky.mapper.DishMapper.update - ==> Parameters: niu(String), 17(Long), 22(BigDecimal), http://localhost:9000/mybucket/2025-04-17/6962ab34ad12469bb61cf82b93d293c1.png(String), (String), 0(Integer), 2025-04-17T05:46:09.926533(LocalDateTime), 1(Long), 71(Long)
2025-04-17 05:46:09.954 [traceId=b95ab21c3e1947f582714cca4f8566ff] [http-nio-8080-exec-1] DEBUG com.sky.mapper.DishMapper.update - <==    Updates: 1
2025-04-17 05:46:09.955 [traceId=b95ab21c3e1947f582714cca4f8566ff] [http-nio-8080-exec-1] DEBUG c.s.mapper.DishFlavorMapper.delBatch - ==>  Preparing: delete from dish_flavor where dish_id in ( ? )
2025-04-17 05:46:09.955 [traceId=b95ab21c3e1947f582714cca4f8566ff] [http-nio-8080-exec-1] DEBUG c.s.mapper.DishFlavorMapper.delBatch - ==> Parameters: 71(Long)
2025-04-17 05:46:09.956 [traceId=b95ab21c3e1947f582714cca4f8566ff] [http-nio-8080-exec-1] DEBUG c.s.mapper.DishFlavorMapper.delBatch - <==    Updates: 0
2025-04-17 05:46:09.959 [traceId=b95ab21c3e1947f582714cca4f8566ff] [http-nio-8080-exec-1] DEBUG c.s.m.DishFlavorMapper.updateBatch - ==>  Preparing: insert into sky_take_out.dish_flavor ( dish_id, name, value) values (?,?,?)
2025-04-17 05:46:09.960 [traceId=b95ab21c3e1947f582714cca4f8566ff] [http-nio-8080-exec-1] DEBUG c.s.m.DishFlavorMapper.updateBatch - ==> Parameters: null, 甜味(String), ["无糖","少糖","半糖","多糖","全糖"](String)
2025-04-17 05:46:10.008 [traceId=b95ab21c3e1947f582714cca4f8566ff] [http-nio-8080-exec-1] ERROR c.sky.handler.GlobalExceptionHandler - 系统异常：traceId=b95ab21c3e1947f582714cca4f8566ff, url=/admin/dish, error=
### Error updating database.  Cause: java.sql.SQLIntegrityConstraintViolationException: Column 'dish_id' cannot be null
### The error may exist in file [/Users/zry/Desktop/sky-out/sky-server/target/classes/mapper/DIshFlavorMapper.xml]
### The error may involve defaultParameterMap
### The error occurred while setting parameters
### SQL: insert into sky_take_out.dish_flavor ( dish_id, name, value)         values                        (?,?,?)
### Cause: java.sql.SQLIntegrityConstraintViolationException: Column 'dish_id' cannot be null
; Column 'dish_id' cannot be null; nested exception is java.sql.SQLIntegrityConstraintViolationException: Column 'dish_id' cannot be null
org.springframework.dao.DataIntegrityViolationException: 
### Error updating database.  Cause: java.sql.SQLIntegrityConstraintViolationException: Column 'dish_id' cannot be null
### The error may exist in file [/Users/zry/Desktop/sky-out/sky-server/target/classes/mapper/DIshFlavorMapper.xml]
### The error may involve defaultParameterMap
### The error occurred while setting parameters
### SQL: insert into sky_take_out.dish_flavor ( dish_id, name, value)         values                        (?,?,?)
### Cause: java.sql.SQLIntegrityConstraintViolationException: Column 'dish_id' cannot be null
; Column 'dish_id' cannot be null; nested exception is java.sql.SQLIntegrityConstraintViolationException: Column 'dish_id' cannot be null
	at org.springframework.jdbc.support.SQLExceptionSubclassTranslator.doTranslate(SQLExceptionSubclassTranslator.java:87)
	at org.springframework.jdbc.support.AbstractFallbackSQLExceptionTranslator.translate(AbstractFallbackSQLExceptionTranslator.java:70)
	at org.springframework.jdbc.support.AbstractFallbackSQLExceptionTranslator.translate(AbstractFallbackSQLExceptionTranslator.java:79)
	at org.mybatis.spring.MyBatisExceptionTranslator.translateExceptionIfPossible(MyBatisExceptionTranslator.java:91)
	at org.mybatis.spring.SqlSessionTemplate$SqlSessionInterceptor.invoke(SqlSessionTemplate.java:441)
	at jdk.proxy2/jdk.proxy2.$Proxy82.update(Unknown Source)
	at org.mybatis.spring.SqlSessionTemplate.update(SqlSessionTemplate.java:288)
	at org.apache.ibatis.binding.MapperMethod.execute(MapperMethod.java:67)
	at org.apache.ibatis.binding.MapperProxy$PlainMethodInvoker.invoke(MapperProxy.java:145)
	at org.apache.ibatis.binding.MapperProxy.invoke(MapperProxy.java:86)
	at jdk.proxy2/jdk.proxy2.$Proxy101.updateBatch(Unknown Source)
	at com.sky.service.impl.DishServiceImpl.update(DishServiceImpl.java:113)
	at com.sky.service.impl.DishServiceImpl$$FastClassBySpringCGLIB$$a2ffbea0.invoke(<generated>)
	at org.springframework.cglib.proxy.MethodProxy.invoke(MethodProxy.java:218)
	at org.springframework.aop.framework.CglibAopProxy.invokeMethod(CglibAopProxy.java:386)
	at org.springframework.aop.framework.CglibAopProxy.access$000(CglibAopProxy.java:85)
	at org.springframework.aop.framework.CglibAopProxy$DynamicAdvisedInterceptor.intercept(CglibAopProxy.java:704)
	at com.sky.service.impl.DishServiceImpl$$EnhancerBySpringCGLIB$$d0298bfb.update(<generated>)
	at com.sky.controller.admin.DishController.update(DishController.java:56)
	at java.base/jdk.internal.reflect.NativeMethodAccessorImpl.invoke0(Native Method)
	at java.base/jdk.internal.reflect.NativeMethodAccessorImpl.invoke(NativeMethodAccessorImpl.java:77)
	at java.base/jdk.internal.reflect.DelegatingMethodAccessorImpl.invoke(DelegatingMethodAccessorImpl.java:43)
	at java.base/java.lang.reflect.Method.invoke(Method.java:569)
	at org.springframework.web.method.support.InvocableHandlerMethod.doInvoke(InvocableHandlerMethod.java:205)
	at org.springframework.web.method.support.InvocableHandlerMethod.invokeForRequest(InvocableHandlerMethod.java:150)
	at org.springframework.web.servlet.mvc.method.annotation.ServletInvocableHandlerMethod.invokeAndHandle(ServletInvocableHandlerMethod.java:117)
	at org.springframework.web.servlet.mvc.method.annotation.RequestMappingHandlerAdapter.invokeHandlerMethod(RequestMappingHandlerAdapter.java:895)
	at org.springframework.web.servlet.mvc.method.annotation.RequestMappingHandlerAdapter.handleInternal(RequestMappingHandlerAdapter.java:808)
	at org.springframework.web.servlet.mvc.method.AbstractHandlerMethodAdapter.handle(AbstractHandlerMethodAdapter.java:87)
	at org.springframework.web.servlet.DispatcherServlet.doDispatch(DispatcherServlet.java:1070)
	at org.springframework.web.servlet.DispatcherServlet.doService(DispatcherServlet.java:963)
	at org.springframework.web.servlet.FrameworkServlet.processRequest(FrameworkServlet.java:1006)
	at org.springframework.web.servlet.FrameworkServlet.doPut(FrameworkServlet.java:920)
	at javax.servlet.http.HttpServlet.service(HttpServlet.java:684)
	at org.springframework.web.servlet.FrameworkServlet.service(FrameworkServlet.java:883)
	at javax.servlet.http.HttpServlet.service(HttpServlet.java:764)
	at org.apache.catalina.core.ApplicationFilterChain.internalDoFilter(ApplicationFilterChain.java:227)
	at org.apache.catalina.core.ApplicationFilterChain.doFilter(ApplicationFilterChain.java:162)
	at org.apache.tomcat.websocket.server.WsFilter.doFilter(WsFilter.java:53)
	at org.apache.catalina.core.ApplicationFilterChain.internalDoFilter(ApplicationFilterChain.java:189)
	at org.apache.catalina.core.ApplicationFilterChain.doFilter(ApplicationFilterChain.java:162)
	at com.sky.config.TraceIdFilter.doFilter(TraceIdFilter.java:25)
	at org.apache.catalina.core.ApplicationFilterChain.internalDoFilter(ApplicationFilterChain.java:189)
	at org.apache.catalina.core.ApplicationFilterChain.doFilter(ApplicationFilterChain.java:162)
	at org.springframework.web.filter.CharacterEncodingFilter.doFilterInternal(CharacterEncodingFilter.java:201)
	at org.springframework.web.filter.OncePerRequestFilter.doFilter(OncePerRequestFilter.java:117)
	at org.apache.catalina.core.ApplicationFilterChain.internalDoFilter(ApplicationFilterChain.java:189)
	at org.apache.catalina.core.ApplicationFilterChain.doFilter(ApplicationFilterChain.java:162)
	at org.apache.catalina.core.StandardWrapperValve.invoke(StandardWrapperValve.java:197)
	at org.apache.catalina.core.StandardContextValve.invoke(StandardContextValve.java:97)
	at org.apache.catalina.authenticator.AuthenticatorBase.invoke(AuthenticatorBase.java:541)
	at org.apache.catalina.core.StandardHostValve.invoke(StandardHostValve.java:135)
	at org.apache.catalina.valves.ErrorReportValve.invoke(ErrorReportValve.java:92)
	at org.apache.catalina.core.StandardEngineValve.invoke(StandardEngineValve.java:78)
	at org.apache.catalina.connector.CoyoteAdapter.service(CoyoteAdapter.java:360)
	at org.apache.coyote.http11.Http11Processor.service(Http11Processor.java:399)
	at org.apache.coyote.AbstractProcessorLight.process(AbstractProcessorLight.java:65)
	at org.apache.coyote.AbstractProtocol$ConnectionHandler.process(AbstractProtocol.java:890)
	at org.apache.tomcat.util.net.NioEndpoint$SocketProcessor.doRun(NioEndpoint.java:1789)
	at org.apache.tomcat.util.net.SocketProcessorBase.run(SocketProcessorBase.java:49)
	at org.apache.tomcat.util.threads.ThreadPoolExecutor.runWorker(ThreadPoolExecutor.java:1191)
	at org.apache.tomcat.util.threads.ThreadPoolExecutor$Worker.run(ThreadPoolExecutor.java:659)
	at org.apache.tomcat.util.threads.TaskThread$WrappingRunnable.run(TaskThread.java:61)
	at java.base/java.lang.Thread.run(Thread.java:840)
Caused by: java.sql.SQLIntegrityConstraintViolationException: Column 'dish_id' cannot be null
	at com.mysql.cj.jdbc.exceptions.SQLError.createSQLException(SQLError.java:117)
	at com.mysql.cj.jdbc.exceptions.SQLExceptionsMapping.translateException(SQLExceptionsMapping.java:122)
	at com.mysql.cj.jdbc.ClientPreparedStatement.executeInternal(ClientPreparedStatement.java:916)
	at com.mysql.cj.jdbc.ClientPreparedStatement.execute(ClientPreparedStatement.java:354)
	at com.alibaba.druid.pool.DruidPooledPreparedStatement.execute(DruidPooledPreparedStatement.java:497)
	at java.base/jdk.internal.reflect.NativeMethodAccessorImpl.invoke0(Native Method)
	at java.base/jdk.internal.reflect.NativeMethodAccessorImpl.invoke(NativeMethodAccessorImpl.java:77)
	at java.base/jdk.internal.reflect.DelegatingMethodAccessorImpl.invoke(DelegatingMethodAccessorImpl.java:43)
	at java.base/java.lang.reflect.Method.invoke(Method.java:569)
	at org.apache.ibatis.logging.jdbc.PreparedStatementLogger.invoke(PreparedStatementLogger.java:59)
	at jdk.proxy3/jdk.proxy3.$Proxy141.execute(Unknown Source)
	at org.apache.ibatis.executor.statement.PreparedStatementHandler.update(PreparedStatementHandler.java:47)
	at org.apache.ibatis.executor.statement.RoutingStatementHandler.update(RoutingStatementHandler.java:74)
	at org.apache.ibatis.executor.SimpleExecutor.doUpdate(SimpleExecutor.java:50)
	at org.apache.ibatis.executor.BaseExecutor.update(BaseExecutor.java:117)
	at org.apache.ibatis.executor.CachingExecutor.update(CachingExecutor.java:76)
	at java.base/jdk.internal.reflect.NativeMethodAccessorImpl.invoke0(Native Method)
	at java.base/jdk.internal.reflect.NativeMethodAccessorImpl.invoke(NativeMethodAccessorImpl.java:77)
	at java.base/jdk.internal.reflect.DelegatingMethodAccessorImpl.invoke(DelegatingMethodAccessorImpl.java:43)
	at java.base/java.lang.reflect.Method.invoke(Method.java:569)
	at org.apache.ibatis.plugin.Plugin.invoke(Plugin.java:64)
	at jdk.proxy2/jdk.proxy2.$Proxy139.update(Unknown Source)
	at org.apache.ibatis.session.defaults.DefaultSqlSession.update(DefaultSqlSession.java:194)
	at java.base/jdk.internal.reflect.NativeMethodAccessorImpl.invoke0(Native Method)
	at java.base/jdk.internal.reflect.NativeMethodAccessorImpl.invoke(NativeMethodAccessorImpl.java:77)
	at java.base/jdk.internal.reflect.DelegatingMethodAccessorImpl.invoke(DelegatingMethodAccessorImpl.java:43)
	at java.base/java.lang.reflect.Method.invoke(Method.java:569)
	at org.mybatis.spring.SqlSessionTemplate$SqlSessionInterceptor.invoke(SqlSessionTemplate.java:427)
	... 59 common frames omitted
2025-04-17 05:46:45.561 [traceId=0cec2aed0acc43baa440d9ef5e3d4c9c] [http-nio-8080-exec-2] DEBUG c.s.mapper.EmployeeMapper.queryByOne - ==>  Preparing: select * from employee where id=?
2025-04-17 05:46:45.562 [traceId=0cec2aed0acc43baa440d9ef5e3d4c9c] [http-nio-8080-exec-2] DEBUG c.s.mapper.EmployeeMapper.queryByOne - ==> Parameters: 1(Long)
2025-04-17 05:46:45.565 [traceId=0cec2aed0acc43baa440d9ef5e3d4c9c] [http-nio-8080-exec-2] DEBUG c.s.mapper.EmployeeMapper.queryByOne - <==      Total: 1
2025-04-17 05:47:14.054 [traceId=0cec2aed0acc43baa440d9ef5e3d4c9c] [http-nio-8080-exec-2] DEBUG com.sky.mapper.DishMapper.update - ==>  Preparing: update dish SET name=?, category_id= ?, price= ?, image= ?, description =?, status=?, update_time=?, update_user=? where id=?
2025-04-17 05:47:14.055 [traceId=0cec2aed0acc43baa440d9ef5e3d4c9c] [http-nio-8080-exec-2] DEBUG com.sky.mapper.DishMapper.update - ==> Parameters: niu(String), 17(Long), 22(BigDecimal), http://localhost:9000/mybucket/2025-04-17/6962ab34ad12469bb61cf82b93d293c1.png(String), (String), 0(Integer), 2025-04-17T05:47:14.053619(LocalDateTime), 1(Long), 71(Long)
2025-04-17 05:47:14.059 [traceId=0cec2aed0acc43baa440d9ef5e3d4c9c] [http-nio-8080-exec-2] DEBUG com.sky.mapper.DishMapper.update - <==    Updates: 1
2025-04-17 05:47:21.517 [traceId=0cec2aed0acc43baa440d9ef5e3d4c9c] [http-nio-8080-exec-2] DEBUG c.s.mapper.DishFlavorMapper.delBatch - ==>  Preparing: delete from dish_flavor where dish_id in ( ? )
2025-04-17 05:47:21.517 [traceId=0cec2aed0acc43baa440d9ef5e3d4c9c] [http-nio-8080-exec-2] DEBUG c.s.mapper.DishFlavorMapper.delBatch - ==> Parameters: 71(Long)
2025-04-17 05:47:21.519 [traceId=0cec2aed0acc43baa440d9ef5e3d4c9c] [http-nio-8080-exec-2] DEBUG c.s.mapper.DishFlavorMapper.delBatch - <==    Updates: 0
2025-04-17 05:49:44.821 [traceId=0cec2aed0acc43baa440d9ef5e3d4c9c] [http-nio-8080-exec-2] DEBUG c.s.m.DishFlavorMapper.updateBatch - ==>  Preparing: insert into sky_take_out.dish_flavor ( dish_id, name, value) values (?,?,?)
2025-04-17 05:49:44.821 [traceId=87c8861529c148a99cacc4a2ff8d6d06] [http-nio-8080-exec-3] ERROR c.a.d.pool.DruidAbstractDataSource - discard long time none received connection. , jdbcUrl : jdbc:mysql://localhost:3306/sky_take_out?serverTimezone=Asia/Shanghai&useUnicode=true&characterEncoding=utf-8&zeroDateTimeBehavior=convertToNull&useSSL=false&allowPublicKeyRetrieval=true, jdbcUrl : jdbc:mysql://localhost:3306/sky_take_out?serverTimezone=Asia/Shanghai&useUnicode=true&characterEncoding=utf-8&zeroDateTimeBehavior=convertToNull&useSSL=false&allowPublicKeyRetrieval=true, lastPacketReceivedIdleMillis : 143287
2025-04-17 05:49:44.822 [traceId=0cec2aed0acc43baa440d9ef5e3d4c9c] [http-nio-8080-exec-2] DEBUG c.s.m.DishFlavorMapper.updateBatch - ==> Parameters: null, 甜味(String), ["无糖","少糖","半糖","多糖","全糖"](String)
2025-04-17 05:49:44.855 [traceId=0cec2aed0acc43baa440d9ef5e3d4c9c] [http-nio-8080-exec-2] ERROR c.sky.handler.GlobalExceptionHandler - 系统异常：traceId=0cec2aed0acc43baa440d9ef5e3d4c9c, url=/admin/dish, error=
### Error updating database.  Cause: java.sql.SQLIntegrityConstraintViolationException: Column 'dish_id' cannot be null
### The error may exist in file [/Users/zry/Desktop/sky-out/sky-server/target/classes/mapper/DIshFlavorMapper.xml]
### The error may involve defaultParameterMap
### The error occurred while setting parameters
### SQL: insert into sky_take_out.dish_flavor ( dish_id, name, value)         values                        (?,?,?)
### Cause: java.sql.SQLIntegrityConstraintViolationException: Column 'dish_id' cannot be null
; Column 'dish_id' cannot be null; nested exception is java.sql.SQLIntegrityConstraintViolationException: Column 'dish_id' cannot be null
org.springframework.dao.DataIntegrityViolationException: 
### Error updating database.  Cause: java.sql.SQLIntegrityConstraintViolationException: Column 'dish_id' cannot be null
### The error may exist in file [/Users/zry/Desktop/sky-out/sky-server/target/classes/mapper/DIshFlavorMapper.xml]
### The error may involve defaultParameterMap
### The error occurred while setting parameters
### SQL: insert into sky_take_out.dish_flavor ( dish_id, name, value)         values                        (?,?,?)
### Cause: java.sql.SQLIntegrityConstraintViolationException: Column 'dish_id' cannot be null
; Column 'dish_id' cannot be null; nested exception is java.sql.SQLIntegrityConstraintViolationException: Column 'dish_id' cannot be null
	at org.springframework.jdbc.support.SQLExceptionSubclassTranslator.doTranslate(SQLExceptionSubclassTranslator.java:87)
	at org.springframework.jdbc.support.AbstractFallbackSQLExceptionTranslator.translate(AbstractFallbackSQLExceptionTranslator.java:70)
	at org.springframework.jdbc.support.AbstractFallbackSQLExceptionTranslator.translate(AbstractFallbackSQLExceptionTranslator.java:79)
	at org.mybatis.spring.MyBatisExceptionTranslator.translateExceptionIfPossible(MyBatisExceptionTranslator.java:91)
	at org.mybatis.spring.SqlSessionTemplate$SqlSessionInterceptor.invoke(SqlSessionTemplate.java:441)
	at jdk.proxy2/jdk.proxy2.$Proxy82.update(Unknown Source)
	at org.mybatis.spring.SqlSessionTemplate.update(SqlSessionTemplate.java:288)
	at org.apache.ibatis.binding.MapperMethod.execute(MapperMethod.java:67)
	at org.apache.ibatis.binding.MapperProxy$PlainMethodInvoker.invoke(MapperProxy.java:145)
	at org.apache.ibatis.binding.MapperProxy.invoke(MapperProxy.java:86)
	at jdk.proxy2/jdk.proxy2.$Proxy101.updateBatch(Unknown Source)
	at com.sky.service.impl.DishServiceImpl.update(DishServiceImpl.java:113)
	at com.sky.service.impl.DishServiceImpl$$FastClassBySpringCGLIB$$a2ffbea0.invoke(<generated>)
	at org.springframework.cglib.proxy.MethodProxy.invoke(MethodProxy.java:218)
	at org.springframework.aop.framework.CglibAopProxy.invokeMethod(CglibAopProxy.java:386)
	at org.springframework.aop.framework.CglibAopProxy.access$000(CglibAopProxy.java:85)
	at org.springframework.aop.framework.CglibAopProxy$DynamicAdvisedInterceptor.intercept(CglibAopProxy.java:704)
	at com.sky.service.impl.DishServiceImpl$$EnhancerBySpringCGLIB$$d0298bfb.update(<generated>)
	at com.sky.controller.admin.DishController.update(DishController.java:56)
	at java.base/jdk.internal.reflect.NativeMethodAccessorImpl.invoke0(Native Method)
	at java.base/jdk.internal.reflect.NativeMethodAccessorImpl.invoke(NativeMethodAccessorImpl.java:77)
	at java.base/jdk.internal.reflect.DelegatingMethodAccessorImpl.invoke(DelegatingMethodAccessorImpl.java:43)
	at java.base/java.lang.reflect.Method.invoke(Method.java:569)
	at org.springframework.web.method.support.InvocableHandlerMethod.doInvoke(InvocableHandlerMethod.java:205)
	at org.springframework.web.method.support.InvocableHandlerMethod.invokeForRequest(InvocableHandlerMethod.java:150)
	at org.springframework.web.servlet.mvc.method.annotation.ServletInvocableHandlerMethod.invokeAndHandle(ServletInvocableHandlerMethod.java:117)
	at org.springframework.web.servlet.mvc.method.annotation.RequestMappingHandlerAdapter.invokeHandlerMethod(RequestMappingHandlerAdapter.java:895)
	at org.springframework.web.servlet.mvc.method.annotation.RequestMappingHandlerAdapter.handleInternal(RequestMappingHandlerAdapter.java:808)
	at org.springframework.web.servlet.mvc.method.AbstractHandlerMethodAdapter.handle(AbstractHandlerMethodAdapter.java:87)
	at org.springframework.web.servlet.DispatcherServlet.doDispatch(DispatcherServlet.java:1070)
	at org.springframework.web.servlet.DispatcherServlet.doService(DispatcherServlet.java:963)
	at org.springframework.web.servlet.FrameworkServlet.processRequest(FrameworkServlet.java:1006)
	at org.springframework.web.servlet.FrameworkServlet.doPut(FrameworkServlet.java:920)
	at javax.servlet.http.HttpServlet.service(HttpServlet.java:684)
	at org.springframework.web.servlet.FrameworkServlet.service(FrameworkServlet.java:883)
	at javax.servlet.http.HttpServlet.service(HttpServlet.java:764)
	at org.apache.catalina.core.ApplicationFilterChain.internalDoFilter(ApplicationFilterChain.java:227)
	at org.apache.catalina.core.ApplicationFilterChain.doFilter(ApplicationFilterChain.java:162)
	at org.apache.tomcat.websocket.server.WsFilter.doFilter(WsFilter.java:53)
	at org.apache.catalina.core.ApplicationFilterChain.internalDoFilter(ApplicationFilterChain.java:189)
	at org.apache.catalina.core.ApplicationFilterChain.doFilter(ApplicationFilterChain.java:162)
	at com.sky.config.TraceIdFilter.doFilter(TraceIdFilter.java:25)
	at org.apache.catalina.core.ApplicationFilterChain.internalDoFilter(ApplicationFilterChain.java:189)
	at org.apache.catalina.core.ApplicationFilterChain.doFilter(ApplicationFilterChain.java:162)
	at org.springframework.web.filter.CharacterEncodingFilter.doFilterInternal(CharacterEncodingFilter.java:201)
	at org.springframework.web.filter.OncePerRequestFilter.doFilter(OncePerRequestFilter.java:117)
	at org.apache.catalina.core.ApplicationFilterChain.internalDoFilter(ApplicationFilterChain.java:189)
	at org.apache.catalina.core.ApplicationFilterChain.doFilter(ApplicationFilterChain.java:162)
	at org.apache.catalina.core.StandardWrapperValve.invoke(StandardWrapperValve.java:197)
	at org.apache.catalina.core.StandardContextValve.invoke(StandardContextValve.java:97)
	at org.apache.catalina.authenticator.AuthenticatorBase.invoke(AuthenticatorBase.java:541)
	at org.apache.catalina.core.StandardHostValve.invoke(StandardHostValve.java:135)
	at org.apache.catalina.valves.ErrorReportValve.invoke(ErrorReportValve.java:92)
	at org.apache.catalina.core.StandardEngineValve.invoke(StandardEngineValve.java:78)
	at org.apache.catalina.connector.CoyoteAdapter.service(CoyoteAdapter.java:360)
	at org.apache.coyote.http11.Http11Processor.service(Http11Processor.java:399)
	at org.apache.coyote.AbstractProcessorLight.process(AbstractProcessorLight.java:65)
	at org.apache.coyote.AbstractProtocol$ConnectionHandler.process(AbstractProtocol.java:890)
	at org.apache.tomcat.util.net.NioEndpoint$SocketProcessor.doRun(NioEndpoint.java:1789)
	at org.apache.tomcat.util.net.SocketProcessorBase.run(SocketProcessorBase.java:49)
	at org.apache.tomcat.util.threads.ThreadPoolExecutor.runWorker(ThreadPoolExecutor.java:1191)
	at org.apache.tomcat.util.threads.ThreadPoolExecutor$Worker.run(ThreadPoolExecutor.java:659)
	at org.apache.tomcat.util.threads.TaskThread$WrappingRunnable.run(TaskThread.java:61)
	at java.base/java.lang.Thread.run(Thread.java:840)
Caused by: java.sql.SQLIntegrityConstraintViolationException: Column 'dish_id' cannot be null
	at com.mysql.cj.jdbc.exceptions.SQLError.createSQLException(SQLError.java:117)
	at com.mysql.cj.jdbc.exceptions.SQLExceptionsMapping.translateException(SQLExceptionsMapping.java:122)
	at com.mysql.cj.jdbc.ClientPreparedStatement.executeInternal(ClientPreparedStatement.java:916)
	at com.mysql.cj.jdbc.ClientPreparedStatement.execute(ClientPreparedStatement.java:354)
	at com.alibaba.druid.pool.DruidPooledPreparedStatement.execute(DruidPooledPreparedStatement.java:497)
	at java.base/jdk.internal.reflect.NativeMethodAccessorImpl.invoke0(Native Method)
	at java.base/jdk.internal.reflect.NativeMethodAccessorImpl.invoke(NativeMethodAccessorImpl.java:77)
	at java.base/jdk.internal.reflect.DelegatingMethodAccessorImpl.invoke(DelegatingMethodAccessorImpl.java:43)
	at java.base/java.lang.reflect.Method.invoke(Method.java:569)
	at org.apache.ibatis.logging.jdbc.PreparedStatementLogger.invoke(PreparedStatementLogger.java:59)
	at jdk.proxy3/jdk.proxy3.$Proxy141.execute(Unknown Source)
	at org.apache.ibatis.executor.statement.PreparedStatementHandler.update(PreparedStatementHandler.java:47)
	at org.apache.ibatis.executor.statement.RoutingStatementHandler.update(RoutingStatementHandler.java:74)
	at org.apache.ibatis.executor.SimpleExecutor.doUpdate(SimpleExecutor.java:50)
	at org.apache.ibatis.executor.BaseExecutor.update(BaseExecutor.java:117)
	at org.apache.ibatis.executor.CachingExecutor.update(CachingExecutor.java:76)
	at java.base/jdk.internal.reflect.NativeMethodAccessorImpl.invoke0(Native Method)
	at java.base/jdk.internal.reflect.NativeMethodAccessorImpl.invoke(NativeMethodAccessorImpl.java:77)
	at java.base/jdk.internal.reflect.DelegatingMethodAccessorImpl.invoke(DelegatingMethodAccessorImpl.java:43)
	at java.base/java.lang.reflect.Method.invoke(Method.java:569)
	at org.apache.ibatis.plugin.Plugin.invoke(Plugin.java:64)
	at jdk.proxy2/jdk.proxy2.$Proxy139.update(Unknown Source)
	at org.apache.ibatis.session.defaults.DefaultSqlSession.update(DefaultSqlSession.java:194)
	at java.base/jdk.internal.reflect.NativeMethodAccessorImpl.invoke0(Native Method)
	at java.base/jdk.internal.reflect.NativeMethodAccessorImpl.invoke(NativeMethodAccessorImpl.java:77)
	at java.base/jdk.internal.reflect.DelegatingMethodAccessorImpl.invoke(DelegatingMethodAccessorImpl.java:43)
	at java.base/java.lang.reflect.Method.invoke(Method.java:569)
	at org.mybatis.spring.SqlSessionTemplate$SqlSessionInterceptor.invoke(SqlSessionTemplate.java:427)
	... 59 common frames omitted
2025-04-17 05:49:44.861 [traceId=87c8861529c148a99cacc4a2ff8d6d06] [http-nio-8080-exec-3] DEBUG c.s.mapper.EmployeeMapper.queryByOne - ==>  Preparing: select * from employee where id=?
2025-04-17 05:49:44.861 [traceId=87c8861529c148a99cacc4a2ff8d6d06] [http-nio-8080-exec-3] DEBUG c.s.mapper.EmployeeMapper.queryByOne - ==> Parameters: 1(Long)
2025-04-17 05:49:44.876 [traceId=87c8861529c148a99cacc4a2ff8d6d06] [http-nio-8080-exec-3] DEBUG c.s.mapper.EmployeeMapper.queryByOne - <==      Total: 1
2025-04-17 05:49:44.878 [traceId=87c8861529c148a99cacc4a2ff8d6d06] [http-nio-8080-exec-3] DEBUG com.sky.mapper.DishMapper.update - ==>  Preparing: update dish SET name=?, category_id= ?, price= ?, image= ?, description =?, status=?, update_time=?, update_user=? where id=?
2025-04-17 05:49:44.879 [traceId=87c8861529c148a99cacc4a2ff8d6d06] [http-nio-8080-exec-3] DEBUG com.sky.mapper.DishMapper.update - ==> Parameters: niu(String), 17(Long), 22(BigDecimal), http://localhost:9000/mybucket/2025-04-17/6962ab34ad12469bb61cf82b93d293c1.png(String), (String), 0(Integer), 2025-04-17T05:49:44.877948(LocalDateTime), 1(Long), 71(Long)
2025-04-17 05:49:44.889 [traceId=87c8861529c148a99cacc4a2ff8d6d06] [http-nio-8080-exec-3] DEBUG com.sky.mapper.DishMapper.update - <==    Updates: 1
2025-04-17 05:49:44.889 [traceId=87c8861529c148a99cacc4a2ff8d6d06] [http-nio-8080-exec-3] DEBUG c.s.mapper.DishFlavorMapper.delBatch - ==>  Preparing: delete from dish_flavor where dish_id in ( ? )
2025-04-17 05:49:44.890 [traceId=87c8861529c148a99cacc4a2ff8d6d06] [http-nio-8080-exec-3] DEBUG c.s.mapper.DishFlavorMapper.delBatch - ==> Parameters: 71(Long)
2025-04-17 05:49:44.898 [traceId=87c8861529c148a99cacc4a2ff8d6d06] [http-nio-8080-exec-3] DEBUG c.s.mapper.DishFlavorMapper.delBatch - <==    Updates: 0
2025-04-17 05:49:44.898 [traceId=87c8861529c148a99cacc4a2ff8d6d06] [http-nio-8080-exec-3] DEBUG c.s.m.DishFlavorMapper.updateBatch - ==>  Preparing: insert into sky_take_out.dish_flavor ( dish_id, name, value) values (?,?,?)
2025-04-17 05:49:44.899 [traceId=87c8861529c148a99cacc4a2ff8d6d06] [http-nio-8080-exec-3] DEBUG c.s.m.DishFlavorMapper.updateBatch - ==> Parameters: null, 甜味(String), ["无糖","少糖","半糖","多糖","全糖"](String)
2025-04-17 05:49:44.909 [traceId=87c8861529c148a99cacc4a2ff8d6d06] [http-nio-8080-exec-3] ERROR c.sky.handler.GlobalExceptionHandler - 系统异常：traceId=87c8861529c148a99cacc4a2ff8d6d06, url=/admin/dish, error=
### Error updating database.  Cause: java.sql.SQLIntegrityConstraintViolationException: Column 'dish_id' cannot be null
### The error may exist in file [/Users/zry/Desktop/sky-out/sky-server/target/classes/mapper/DIshFlavorMapper.xml]
### The error may involve defaultParameterMap
### The error occurred while setting parameters
### SQL: insert into sky_take_out.dish_flavor ( dish_id, name, value)         values                        (?,?,?)
### Cause: java.sql.SQLIntegrityConstraintViolationException: Column 'dish_id' cannot be null
; Column 'dish_id' cannot be null; nested exception is java.sql.SQLIntegrityConstraintViolationException: Column 'dish_id' cannot be null
org.springframework.dao.DataIntegrityViolationException: 
### Error updating database.  Cause: java.sql.SQLIntegrityConstraintViolationException: Column 'dish_id' cannot be null
### The error may exist in file [/Users/zry/Desktop/sky-out/sky-server/target/classes/mapper/DIshFlavorMapper.xml]
### The error may involve defaultParameterMap
### The error occurred while setting parameters
### SQL: insert into sky_take_out.dish_flavor ( dish_id, name, value)         values                        (?,?,?)
### Cause: java.sql.SQLIntegrityConstraintViolationException: Column 'dish_id' cannot be null
; Column 'dish_id' cannot be null; nested exception is java.sql.SQLIntegrityConstraintViolationException: Column 'dish_id' cannot be null
	at org.springframework.jdbc.support.SQLExceptionSubclassTranslator.doTranslate(SQLExceptionSubclassTranslator.java:87)
	at org.springframework.jdbc.support.AbstractFallbackSQLExceptionTranslator.translate(AbstractFallbackSQLExceptionTranslator.java:70)
	at org.springframework.jdbc.support.AbstractFallbackSQLExceptionTranslator.translate(AbstractFallbackSQLExceptionTranslator.java:79)
	at org.mybatis.spring.MyBatisExceptionTranslator.translateExceptionIfPossible(MyBatisExceptionTranslator.java:91)
	at org.mybatis.spring.SqlSessionTemplate$SqlSessionInterceptor.invoke(SqlSessionTemplate.java:441)
	at jdk.proxy2/jdk.proxy2.$Proxy82.update(Unknown Source)
	at org.mybatis.spring.SqlSessionTemplate.update(SqlSessionTemplate.java:288)
	at org.apache.ibatis.binding.MapperMethod.execute(MapperMethod.java:67)
	at org.apache.ibatis.binding.MapperProxy$PlainMethodInvoker.invoke(MapperProxy.java:145)
	at org.apache.ibatis.binding.MapperProxy.invoke(MapperProxy.java:86)
	at jdk.proxy2/jdk.proxy2.$Proxy101.updateBatch(Unknown Source)
	at com.sky.service.impl.DishServiceImpl.update(DishServiceImpl.java:113)
	at com.sky.service.impl.DishServiceImpl$$FastClassBySpringCGLIB$$a2ffbea0.invoke(<generated>)
	at org.springframework.cglib.proxy.MethodProxy.invoke(MethodProxy.java:218)
	at org.springframework.aop.framework.CglibAopProxy.invokeMethod(CglibAopProxy.java:386)
	at org.springframework.aop.framework.CglibAopProxy.access$000(CglibAopProxy.java:85)
	at org.springframework.aop.framework.CglibAopProxy$DynamicAdvisedInterceptor.intercept(CglibAopProxy.java:704)
	at com.sky.service.impl.DishServiceImpl$$EnhancerBySpringCGLIB$$d0298bfb.update(<generated>)
	at com.sky.controller.admin.DishController.update(DishController.java:56)
	at java.base/jdk.internal.reflect.NativeMethodAccessorImpl.invoke0(Native Method)
	at java.base/jdk.internal.reflect.NativeMethodAccessorImpl.invoke(NativeMethodAccessorImpl.java:77)
	at java.base/jdk.internal.reflect.DelegatingMethodAccessorImpl.invoke(DelegatingMethodAccessorImpl.java:43)
	at java.base/java.lang.reflect.Method.invoke(Method.java:569)
	at org.springframework.web.method.support.InvocableHandlerMethod.doInvoke(InvocableHandlerMethod.java:205)
	at org.springframework.web.method.support.InvocableHandlerMethod.invokeForRequest(InvocableHandlerMethod.java:150)
	at org.springframework.web.servlet.mvc.method.annotation.ServletInvocableHandlerMethod.invokeAndHandle(ServletInvocableHandlerMethod.java:117)
	at org.springframework.web.servlet.mvc.method.annotation.RequestMappingHandlerAdapter.invokeHandlerMethod(RequestMappingHandlerAdapter.java:895)
	at org.springframework.web.servlet.mvc.method.annotation.RequestMappingHandlerAdapter.handleInternal(RequestMappingHandlerAdapter.java:808)
	at org.springframework.web.servlet.mvc.method.AbstractHandlerMethodAdapter.handle(AbstractHandlerMethodAdapter.java:87)
	at org.springframework.web.servlet.DispatcherServlet.doDispatch(DispatcherServlet.java:1070)
	at org.springframework.web.servlet.DispatcherServlet.doService(DispatcherServlet.java:963)
	at org.springframework.web.servlet.FrameworkServlet.processRequest(FrameworkServlet.java:1006)
	at org.springframework.web.servlet.FrameworkServlet.doPut(FrameworkServlet.java:920)
	at javax.servlet.http.HttpServlet.service(HttpServlet.java:684)
	at org.springframework.web.servlet.FrameworkServlet.service(FrameworkServlet.java:883)
	at javax.servlet.http.HttpServlet.service(HttpServlet.java:764)
	at org.apache.catalina.core.ApplicationFilterChain.internalDoFilter(ApplicationFilterChain.java:227)
	at org.apache.catalina.core.ApplicationFilterChain.doFilter(ApplicationFilterChain.java:162)
	at org.apache.tomcat.websocket.server.WsFilter.doFilter(WsFilter.java:53)
	at org.apache.catalina.core.ApplicationFilterChain.internalDoFilter(ApplicationFilterChain.java:189)
	at org.apache.catalina.core.ApplicationFilterChain.doFilter(ApplicationFilterChain.java:162)
	at com.sky.config.TraceIdFilter.doFilter(TraceIdFilter.java:25)
	at org.apache.catalina.core.ApplicationFilterChain.internalDoFilter(ApplicationFilterChain.java:189)
	at org.apache.catalina.core.ApplicationFilterChain.doFilter(ApplicationFilterChain.java:162)
	at org.springframework.web.filter.CharacterEncodingFilter.doFilterInternal(CharacterEncodingFilter.java:201)
	at org.springframework.web.filter.OncePerRequestFilter.doFilter(OncePerRequestFilter.java:117)
	at org.apache.catalina.core.ApplicationFilterChain.internalDoFilter(ApplicationFilterChain.java:189)
	at org.apache.catalina.core.ApplicationFilterChain.doFilter(ApplicationFilterChain.java:162)
	at org.apache.catalina.core.StandardWrapperValve.invoke(StandardWrapperValve.java:197)
	at org.apache.catalina.core.StandardContextValve.invoke(StandardContextValve.java:97)
	at org.apache.catalina.authenticator.AuthenticatorBase.invoke(AuthenticatorBase.java:541)
	at org.apache.catalina.core.StandardHostValve.invoke(StandardHostValve.java:135)
	at org.apache.catalina.valves.ErrorReportValve.invoke(ErrorReportValve.java:92)
	at org.apache.catalina.core.StandardEngineValve.invoke(StandardEngineValve.java:78)
	at org.apache.catalina.connector.CoyoteAdapter.service(CoyoteAdapter.java:360)
	at org.apache.coyote.http11.Http11Processor.service(Http11Processor.java:399)
	at org.apache.coyote.AbstractProcessorLight.process(AbstractProcessorLight.java:65)
	at org.apache.coyote.AbstractProtocol$ConnectionHandler.process(AbstractProtocol.java:890)
	at org.apache.tomcat.util.net.NioEndpoint$SocketProcessor.doRun(NioEndpoint.java:1789)
	at org.apache.tomcat.util.net.SocketProcessorBase.run(SocketProcessorBase.java:49)
	at org.apache.tomcat.util.threads.ThreadPoolExecutor.runWorker(ThreadPoolExecutor.java:1191)
	at org.apache.tomcat.util.threads.ThreadPoolExecutor$Worker.run(ThreadPoolExecutor.java:659)
	at org.apache.tomcat.util.threads.TaskThread$WrappingRunnable.run(TaskThread.java:61)
	at java.base/java.lang.Thread.run(Thread.java:840)
Caused by: java.sql.SQLIntegrityConstraintViolationException: Column 'dish_id' cannot be null
	at com.mysql.cj.jdbc.exceptions.SQLError.createSQLException(SQLError.java:117)
	at com.mysql.cj.jdbc.exceptions.SQLExceptionsMapping.translateException(SQLExceptionsMapping.java:122)
	at com.mysql.cj.jdbc.ClientPreparedStatement.executeInternal(ClientPreparedStatement.java:916)
	at com.mysql.cj.jdbc.ClientPreparedStatement.execute(ClientPreparedStatement.java:354)
	at com.alibaba.druid.pool.DruidPooledPreparedStatement.execute(DruidPooledPreparedStatement.java:497)
	at java.base/jdk.internal.reflect.NativeMethodAccessorImpl.invoke0(Native Method)
	at java.base/jdk.internal.reflect.NativeMethodAccessorImpl.invoke(NativeMethodAccessorImpl.java:77)
	at java.base/jdk.internal.reflect.DelegatingMethodAccessorImpl.invoke(DelegatingMethodAccessorImpl.java:43)
	at java.base/java.lang.reflect.Method.invoke(Method.java:569)
	at org.apache.ibatis.logging.jdbc.PreparedStatementLogger.invoke(PreparedStatementLogger.java:59)
	at jdk.proxy3/jdk.proxy3.$Proxy141.execute(Unknown Source)
	at org.apache.ibatis.executor.statement.PreparedStatementHandler.update(PreparedStatementHandler.java:47)
	at org.apache.ibatis.executor.statement.RoutingStatementHandler.update(RoutingStatementHandler.java:74)
	at org.apache.ibatis.executor.SimpleExecutor.doUpdate(SimpleExecutor.java:50)
	at org.apache.ibatis.executor.BaseExecutor.update(BaseExecutor.java:117)
	at org.apache.ibatis.executor.CachingExecutor.update(CachingExecutor.java:76)
	at java.base/jdk.internal.reflect.NativeMethodAccessorImpl.invoke0(Native Method)
	at java.base/jdk.internal.reflect.NativeMethodAccessorImpl.invoke(NativeMethodAccessorImpl.java:77)
	at java.base/jdk.internal.reflect.DelegatingMethodAccessorImpl.invoke(DelegatingMethodAccessorImpl.java:43)
	at java.base/java.lang.reflect.Method.invoke(Method.java:569)
	at org.apache.ibatis.plugin.Plugin.invoke(Plugin.java:64)
	at jdk.proxy2/jdk.proxy2.$Proxy139.update(Unknown Source)
	at org.apache.ibatis.session.defaults.DefaultSqlSession.update(DefaultSqlSession.java:194)
	at java.base/jdk.internal.reflect.NativeMethodAccessorImpl.invoke0(Native Method)
	at java.base/jdk.internal.reflect.NativeMethodAccessorImpl.invoke(NativeMethodAccessorImpl.java:77)
	at java.base/jdk.internal.reflect.DelegatingMethodAccessorImpl.invoke(DelegatingMethodAccessorImpl.java:43)
	at java.base/java.lang.reflect.Method.invoke(Method.java:569)
	at org.mybatis.spring.SqlSessionTemplate$SqlSessionInterceptor.invoke(SqlSessionTemplate.java:427)
	... 59 common frames omitted
2025-04-17 05:49:46.034 [traceId=] [SpringApplicationShutdownHook] INFO  c.alibaba.druid.pool.DruidDataSource - {dataSource-1} closing ...
2025-04-17 05:49:46.036 [traceId=] [SpringApplicationShutdownHook] INFO  c.alibaba.druid.pool.DruidDataSource - {dataSource-1} closed
2025-04-17 05:49:50.525 [traceId=] [main] INFO  com.sky.SkyApplication - Starting SkyApplication using Java 17.0.12 on 192.168.0.100 with PID 21096 (/Users/zry/Desktop/sky-out/sky-server/target/classes started by zry in /Users/zry/Desktop/sky-out)
2025-04-17 05:49:50.526 [traceId=] [main] INFO  com.sky.SkyApplication - The following 1 profile is active: "dev"
2025-04-17 05:49:51.383 [traceId=] [main] INFO  o.s.d.r.c.RepositoryConfigurationDelegate - Multiple Spring Data modules found, entering strict repository configuration mode
2025-04-17 05:49:51.387 [traceId=] [main] INFO  o.s.d.r.c.RepositoryConfigurationDelegate - Bootstrapping Spring Data Redis repositories in DEFAULT mode.
2025-04-17 05:49:51.413 [traceId=] [main] INFO  o.s.d.r.c.RepositoryConfigurationDelegate - Finished Spring Data repository scanning in 12 ms. Found 0 Redis repository interfaces.
2025-04-17 05:49:52.346 [traceId=] [main] INFO  o.s.b.w.e.tomcat.TomcatWebServer - Tomcat initialized with port(s): 8080 (http)
2025-04-17 05:49:52.355 [traceId=] [main] INFO  o.a.coyote.http11.Http11NioProtocol - Initializing ProtocolHandler ["http-nio-8080"]
2025-04-17 05:49:52.356 [traceId=] [main] INFO  o.a.catalina.core.StandardService - Starting service [Tomcat]
2025-04-17 05:49:52.356 [traceId=] [main] INFO  o.a.catalina.core.StandardEngine - Starting Servlet engine: [Apache Tomcat/9.0.65]
2025-04-17 05:49:52.470 [traceId=] [main] INFO  o.a.c.c.C.[Tomcat].[localhost].[/] - Initializing Spring embedded WebApplicationContext
2025-04-17 05:49:52.470 [traceId=] [main] INFO  o.s.b.w.s.c.ServletWebServerApplicationContext - Root WebApplicationContext: initialization completed in 1900 ms
2025-04-17 05:49:52.599 [traceId=] [main] INFO  c.a.d.s.b.a.DruidDataSourceAutoConfigure - Init DruidDataSource
2025-04-17 05:49:52.722 [traceId=] [main] INFO  c.alibaba.druid.pool.DruidDataSource - {dataSource-1} inited
2025-04-17 05:49:53.056 [traceId=] [main] INFO  com.sky.config.MinioConfiguration - 加载minio配置值：MinioProperties(endpoint=http://localhost:9000, accessKey=minioadmin, secretKey=minioadmin, bucketName=mybucket)
2025-04-17 05:49:53.605 [traceId=] [main] INFO  com.sky.config.WebMvcConfiguration - 开始注册自定义拦截器...
2025-04-17 05:49:55.124 [traceId=] [main] INFO  o.a.coyote.http11.Http11NioProtocol - Starting ProtocolHandler ["http-nio-8080"]
2025-04-17 05:49:55.155 [traceId=] [main] INFO  o.s.b.w.e.tomcat.TomcatWebServer - Tomcat started on port(s): 8080 (http) with context path ''
2025-04-17 05:49:55.759 [traceId=] [main] INFO  com.sky.SkyApplication - Started SkyApplication in 5.808 seconds (JVM running for 6.533)
2025-04-17 05:49:55.765 [traceId=] [main] INFO  com.sky.SkyApplication - server started
2025-04-17 05:50:02.578 [traceId=] [http-nio-8080-exec-1] INFO  o.a.c.c.C.[Tomcat].[localhost].[/] - Initializing Spring DispatcherServlet 'dispatcherServlet'
2025-04-17 05:50:02.579 [traceId=] [http-nio-8080-exec-1] INFO  o.s.web.servlet.DispatcherServlet - Initializing Servlet 'dispatcherServlet'
2025-04-17 05:50:02.580 [traceId=] [http-nio-8080-exec-1] INFO  o.s.web.servlet.DispatcherServlet - Completed initialization in 1 ms
2025-04-17 05:50:03.343 [traceId=a883c51e1da64166af11404fb8830ba6] [http-nio-8080-exec-1] DEBUG c.s.mapper.EmployeeMapper.queryByOne - ==>  Preparing: select * from employee where id=?
2025-04-17 05:50:03.377 [traceId=a883c51e1da64166af11404fb8830ba6] [http-nio-8080-exec-1] DEBUG c.s.mapper.EmployeeMapper.queryByOne - ==> Parameters: 1(Long)
2025-04-17 05:50:03.413 [traceId=a883c51e1da64166af11404fb8830ba6] [http-nio-8080-exec-1] DEBUG c.s.mapper.EmployeeMapper.queryByOne - <==      Total: 1
2025-04-17 05:50:06.552 [traceId=a883c51e1da64166af11404fb8830ba6] [http-nio-8080-exec-1] DEBUG com.sky.mapper.DishMapper.update - ==>  Preparing: update dish SET name=?, category_id= ?, price= ?, image= ?, description =?, status=?, update_time=?, update_user=? where id=?
2025-04-17 05:50:06.553 [traceId=a883c51e1da64166af11404fb8830ba6] [http-nio-8080-exec-1] DEBUG com.sky.mapper.DishMapper.update - ==> Parameters: niu(String), 17(Long), 22(BigDecimal), http://localhost:9000/mybucket/2025-04-17/6962ab34ad12469bb61cf82b93d293c1.png(String), (String), 0(Integer), 2025-04-17T05:50:06.459408(LocalDateTime), 1(Long), 71(Long)
2025-04-17 05:50:06.567 [traceId=a883c51e1da64166af11404fb8830ba6] [http-nio-8080-exec-1] DEBUG com.sky.mapper.DishMapper.update - <==    Updates: 1
2025-04-17 05:50:06.943 [traceId=a883c51e1da64166af11404fb8830ba6] [http-nio-8080-exec-1] DEBUG c.s.mapper.DishFlavorMapper.delBatch - ==>  Preparing: delete from dish_flavor where dish_id in ( ? )
2025-04-17 05:50:06.944 [traceId=a883c51e1da64166af11404fb8830ba6] [http-nio-8080-exec-1] DEBUG c.s.mapper.DishFlavorMapper.delBatch - ==> Parameters: 71(Long)
2025-04-17 05:50:06.945 [traceId=a883c51e1da64166af11404fb8830ba6] [http-nio-8080-exec-1] DEBUG c.s.mapper.DishFlavorMapper.delBatch - <==    Updates: 0
2025-04-17 05:50:07.594 [traceId=a883c51e1da64166af11404fb8830ba6] [http-nio-8080-exec-1] DEBUG c.s.mapper.DishFlavorMapper.addBatch - ==>  Preparing: insert into sky_take_out.dish_flavor ( dish_id, name, value) values (?,?,?)
2025-04-17 05:50:07.595 [traceId=a883c51e1da64166af11404fb8830ba6] [http-nio-8080-exec-1] DEBUG c.s.mapper.DishFlavorMapper.addBatch - ==> Parameters: 71(Long), 甜味(String), ["无糖","少糖","半糖","多糖","全糖"](String)
2025-04-17 05:50:07.597 [traceId=a883c51e1da64166af11404fb8830ba6] [http-nio-8080-exec-1] DEBUG c.s.mapper.DishFlavorMapper.addBatch - <==    Updates: 1
2025-04-17 05:50:12.158 [traceId=0fc1049dd9624d1a9430676de47631eb] [http-nio-8080-exec-3] DEBUG c.s.mapper.EmployeeMapper.queryByOne - ==>  Preparing: select * from employee where id=?
2025-04-17 05:50:12.159 [traceId=0fc1049dd9624d1a9430676de47631eb] [http-nio-8080-exec-3] DEBUG c.s.mapper.EmployeeMapper.queryByOne - ==> Parameters: 1(Long)
2025-04-17 05:50:12.164 [traceId=0fc1049dd9624d1a9430676de47631eb] [http-nio-8080-exec-3] DEBUG c.s.mapper.EmployeeMapper.queryByOne - <==      Total: 1
2025-04-17 05:50:12.165 [traceId=3b1d2420fbd74cf3a537a717a50c1083] [http-nio-8080-exec-2] DEBUG c.s.mapper.EmployeeMapper.queryByOne - ==>  Preparing: select * from employee where id=?
2025-04-17 05:50:12.166 [traceId=3b1d2420fbd74cf3a537a717a50c1083] [http-nio-8080-exec-2] DEBUG c.s.mapper.EmployeeMapper.queryByOne - ==> Parameters: 1(Long)
2025-04-17 05:50:12.170 [traceId=3b1d2420fbd74cf3a537a717a50c1083] [http-nio-8080-exec-2] DEBUG c.s.mapper.EmployeeMapper.queryByOne - <==      Total: 1
2025-04-17 05:50:12.175 [traceId=0fc1049dd9624d1a9430676de47631eb] [http-nio-8080-exec-3] DEBUG com.sky.mapper.CategoryMapper.list - ==>  Preparing: select * from category where status = 1 and type = ? order by sort asc,create_time desc
2025-04-17 05:50:12.176 [traceId=0fc1049dd9624d1a9430676de47631eb] [http-nio-8080-exec-3] DEBUG com.sky.mapper.CategoryMapper.list - ==> Parameters: 1(Integer)
2025-04-17 05:50:12.189 [traceId=0fc1049dd9624d1a9430676de47631eb] [http-nio-8080-exec-3] DEBUG com.sky.mapper.CategoryMapper.list - <==      Total: 8
2025-04-17 05:50:12.328 [traceId=3b1d2420fbd74cf3a537a717a50c1083] [http-nio-8080-exec-2] DEBUG c.sky.mapper.DishMapper.query_COUNT - ==>  Preparing: SELECT count(0) FROM dish
2025-04-17 05:50:12.328 [traceId=3b1d2420fbd74cf3a537a717a50c1083] [http-nio-8080-exec-2] DEBUG c.sky.mapper.DishMapper.query_COUNT - ==> Parameters: 
2025-04-17 05:50:12.330 [traceId=3b1d2420fbd74cf3a537a717a50c1083] [http-nio-8080-exec-2] DEBUG c.sky.mapper.DishMapper.query_COUNT - <==      Total: 1
2025-04-17 05:50:12.333 [traceId=3b1d2420fbd74cf3a537a717a50c1083] [http-nio-8080-exec-2] DEBUG com.sky.mapper.DishMapper.query - ==>  Preparing: select id, name, category_id, price, image, description, status, create_time, update_time, create_user, update_user from dish order by create_time desc LIMIT ?
2025-04-17 05:50:12.333 [traceId=3b1d2420fbd74cf3a537a717a50c1083] [http-nio-8080-exec-2] DEBUG com.sky.mapper.DishMapper.query - ==> Parameters: 10(Integer)
2025-04-17 05:50:12.337 [traceId=3b1d2420fbd74cf3a537a717a50c1083] [http-nio-8080-exec-2] DEBUG com.sky.mapper.DishMapper.query - <==      Total: 10
2025-04-17 05:50:14.633 [traceId=c1fcd6280cdc4abcb23d5ae732f07e85] [http-nio-8080-exec-4] DEBUG c.s.mapper.EmployeeMapper.queryByOne - ==>  Preparing: select * from employee where id=?
2025-04-17 05:50:14.634 [traceId=cfed3a1736cb40b48278c78724cf298c] [http-nio-8080-exec-5] DEBUG c.s.mapper.EmployeeMapper.queryByOne - ==>  Preparing: select * from employee where id=?
2025-04-17 05:50:14.634 [traceId=c1fcd6280cdc4abcb23d5ae732f07e85] [http-nio-8080-exec-4] DEBUG c.s.mapper.EmployeeMapper.queryByOne - ==> Parameters: 1(Long)
2025-04-17 05:50:14.634 [traceId=cfed3a1736cb40b48278c78724cf298c] [http-nio-8080-exec-5] DEBUG c.s.mapper.EmployeeMapper.queryByOne - ==> Parameters: 1(Long)
2025-04-17 05:50:14.635 [traceId=c1fcd6280cdc4abcb23d5ae732f07e85] [http-nio-8080-exec-4] DEBUG c.s.mapper.EmployeeMapper.queryByOne - <==      Total: 1
2025-04-17 05:50:14.638 [traceId=c1fcd6280cdc4abcb23d5ae732f07e85] [http-nio-8080-exec-4] DEBUG com.sky.mapper.CategoryMapper.list - ==>  Preparing: select * from category where status = 1 and type = ? order by sort asc,create_time desc
2025-04-17 05:50:14.638 [traceId=cfed3a1736cb40b48278c78724cf298c] [http-nio-8080-exec-5] DEBUG c.s.mapper.EmployeeMapper.queryByOne - <==      Total: 1
2025-04-17 05:50:14.638 [traceId=c1fcd6280cdc4abcb23d5ae732f07e85] [http-nio-8080-exec-4] DEBUG com.sky.mapper.CategoryMapper.list - ==> Parameters: 1(Integer)
2025-04-17 05:50:14.641 [traceId=cfed3a1736cb40b48278c78724cf298c] [http-nio-8080-exec-5] DEBUG com.sky.mapper.DishMapper.queryByOne - ==>  Preparing: select id, name, category_id, price, image, description, status, create_time, update_time, create_user, update_user from dish where id =?
2025-04-17 05:50:14.641 [traceId=cfed3a1736cb40b48278c78724cf298c] [http-nio-8080-exec-5] DEBUG com.sky.mapper.DishMapper.queryByOne - ==> Parameters: 71(Long)
2025-04-17 05:50:14.643 [traceId=cfed3a1736cb40b48278c78724cf298c] [http-nio-8080-exec-5] DEBUG com.sky.mapper.DishMapper.queryByOne - <==      Total: 1
2025-04-17 05:50:14.644 [traceId=cfed3a1736cb40b48278c78724cf298c] [http-nio-8080-exec-5] DEBUG c.sky.mapper.DishFlavorMapper.query - ==>  Preparing: select id,dish_id,name,value from dish_flavor where dish_id=?
2025-04-17 05:50:14.644 [traceId=cfed3a1736cb40b48278c78724cf298c] [http-nio-8080-exec-5] DEBUG c.sky.mapper.DishFlavorMapper.query - ==> Parameters: 71(Long)
2025-04-17 05:50:14.646 [traceId=cfed3a1736cb40b48278c78724cf298c] [http-nio-8080-exec-5] DEBUG c.sky.mapper.DishFlavorMapper.query - <==      Total: 1
2025-04-17 05:50:14.651 [traceId=c1fcd6280cdc4abcb23d5ae732f07e85] [http-nio-8080-exec-4] DEBUG com.sky.mapper.CategoryMapper.list - <==      Total: 8
2025-04-17 05:50:27.099 [traceId=0ff9b330cc854e2dbe1a3f1ff7ecbbeb] [http-nio-8080-exec-6] DEBUG c.s.mapper.EmployeeMapper.queryByOne - ==>  Preparing: select * from employee where id=?
2025-04-17 05:50:27.100 [traceId=0ff9b330cc854e2dbe1a3f1ff7ecbbeb] [http-nio-8080-exec-6] DEBUG c.s.mapper.EmployeeMapper.queryByOne - ==> Parameters: 1(Long)
2025-04-17 05:50:27.102 [traceId=0ff9b330cc854e2dbe1a3f1ff7ecbbeb] [http-nio-8080-exec-6] DEBUG c.s.mapper.EmployeeMapper.queryByOne - <==      Total: 1
2025-04-17 05:50:36.583 [traceId=0ff9b330cc854e2dbe1a3f1ff7ecbbeb] [http-nio-8080-exec-6] DEBUG com.sky.mapper.DishMapper.update - ==>  Preparing: update dish SET name=?, category_id= ?, price= ?, image= ?, description =?, status=?, update_time=?, update_user=? where id=?
2025-04-17 05:50:36.584 [traceId=0ff9b330cc854e2dbe1a3f1ff7ecbbeb] [http-nio-8080-exec-6] DEBUG com.sky.mapper.DishMapper.update - ==> Parameters: niu(String), 17(Long), 22(BigDecimal), http://localhost:9000/mybucket/2025-04-17/6962ab34ad12469bb61cf82b93d293c1.png(String), (String), 0(Integer), 2025-04-17T05:50:36.582140(LocalDateTime), 1(Long), 71(Long)
2025-04-17 05:50:36.589 [traceId=0ff9b330cc854e2dbe1a3f1ff7ecbbeb] [http-nio-8080-exec-6] DEBUG com.sky.mapper.DishMapper.update - <==    Updates: 1
2025-04-17 05:50:36.589 [traceId=0ff9b330cc854e2dbe1a3f1ff7ecbbeb] [http-nio-8080-exec-6] DEBUG c.s.mapper.DishFlavorMapper.delBatch - ==>  Preparing: delete from dish_flavor where dish_id in ( ? )
2025-04-17 05:50:36.590 [traceId=0ff9b330cc854e2dbe1a3f1ff7ecbbeb] [http-nio-8080-exec-6] DEBUG c.s.mapper.DishFlavorMapper.delBatch - ==> Parameters: 71(Long)
2025-04-17 05:50:36.593 [traceId=0ff9b330cc854e2dbe1a3f1ff7ecbbeb] [http-nio-8080-exec-6] DEBUG c.s.mapper.DishFlavorMapper.delBatch - <==    Updates: 1
2025-04-17 05:50:36.594 [traceId=0ff9b330cc854e2dbe1a3f1ff7ecbbeb] [http-nio-8080-exec-6] DEBUG c.s.mapper.DishFlavorMapper.addBatch - ==>  Preparing: insert into sky_take_out.dish_flavor ( dish_id, name, value) values (?,?,?) , (?,?,?) , (?,?,?)
2025-04-17 05:50:36.595 [traceId=0ff9b330cc854e2dbe1a3f1ff7ecbbeb] [http-nio-8080-exec-6] DEBUG c.s.mapper.DishFlavorMapper.addBatch - ==> Parameters: 71(Long), 甜味(String), ["无糖","少糖","半糖","多糖","全糖"](String), 71(Long), 温度(String), ["去冰","少冰","多冰"](String), 71(Long), 忌口(String), ["不要辣"](String)
2025-04-17 05:50:36.596 [traceId=0ff9b330cc854e2dbe1a3f1ff7ecbbeb] [http-nio-8080-exec-6] DEBUG c.s.mapper.DishFlavorMapper.addBatch - <==    Updates: 3
2025-04-17 05:50:39.243 [traceId=5e543a62765f450da642a3c6d38a045a] [http-nio-8080-exec-7] DEBUG c.s.mapper.EmployeeMapper.queryByOne - ==>  Preparing: select * from employee where id=?
2025-04-17 05:50:39.243 [traceId=be243e7f00a9403eb0302ab48991c622] [http-nio-8080-exec-8] DEBUG c.s.mapper.EmployeeMapper.queryByOne - ==>  Preparing: select * from employee where id=?
2025-04-17 05:50:39.243 [traceId=be243e7f00a9403eb0302ab48991c622] [http-nio-8080-exec-8] DEBUG c.s.mapper.EmployeeMapper.queryByOne - ==> Parameters: 1(Long)
2025-04-17 05:50:39.243 [traceId=5e543a62765f450da642a3c6d38a045a] [http-nio-8080-exec-7] DEBUG c.s.mapper.EmployeeMapper.queryByOne - ==> Parameters: 1(Long)
2025-04-17 05:50:39.245 [traceId=be243e7f00a9403eb0302ab48991c622] [http-nio-8080-exec-8] DEBUG c.s.mapper.EmployeeMapper.queryByOne - <==      Total: 1
2025-04-17 05:50:39.245 [traceId=5e543a62765f450da642a3c6d38a045a] [http-nio-8080-exec-7] DEBUG c.s.mapper.EmployeeMapper.queryByOne - <==      Total: 1
2025-04-17 05:50:39.245 [traceId=be243e7f00a9403eb0302ab48991c622] [http-nio-8080-exec-8] DEBUG com.sky.mapper.CategoryMapper.list - ==>  Preparing: select * from category where status = 1 and type = ? order by sort asc,create_time desc
2025-04-17 05:50:39.245 [traceId=be243e7f00a9403eb0302ab48991c622] [http-nio-8080-exec-8] DEBUG com.sky.mapper.CategoryMapper.list - ==> Parameters: 1(Integer)
2025-04-17 05:50:39.246 [traceId=5e543a62765f450da642a3c6d38a045a] [http-nio-8080-exec-7] DEBUG c.sky.mapper.DishMapper.query_COUNT - ==>  Preparing: SELECT count(0) FROM dish
2025-04-17 05:50:39.246 [traceId=5e543a62765f450da642a3c6d38a045a] [http-nio-8080-exec-7] DEBUG c.sky.mapper.DishMapper.query_COUNT - ==> Parameters: 
2025-04-17 05:50:39.247 [traceId=5e543a62765f450da642a3c6d38a045a] [http-nio-8080-exec-7] DEBUG c.sky.mapper.DishMapper.query_COUNT - <==      Total: 1
2025-04-17 05:50:39.247 [traceId=5e543a62765f450da642a3c6d38a045a] [http-nio-8080-exec-7] DEBUG com.sky.mapper.DishMapper.query - ==>  Preparing: select id, name, category_id, price, image, description, status, create_time, update_time, create_user, update_user from dish order by create_time desc LIMIT ?
2025-04-17 05:50:39.248 [traceId=5e543a62765f450da642a3c6d38a045a] [http-nio-8080-exec-7] DEBUG com.sky.mapper.DishMapper.query - ==> Parameters: 10(Integer)
2025-04-17 05:50:39.250 [traceId=be243e7f00a9403eb0302ab48991c622] [http-nio-8080-exec-8] DEBUG com.sky.mapper.CategoryMapper.list - <==      Total: 8
2025-04-17 05:50:39.255 [traceId=5e543a62765f450da642a3c6d38a045a] [http-nio-8080-exec-7] DEBUG com.sky.mapper.DishMapper.query - <==      Total: 10
2025-04-17 05:50:43.198 [traceId=bab5256623774d6690a165c9f1856b24] [http-nio-8080-exec-10] DEBUG c.s.mapper.EmployeeMapper.queryByOne - ==>  Preparing: select * from employee where id=?
2025-04-17 05:50:43.198 [traceId=d092a6799f914f1e9e67004492ab906a] [http-nio-8080-exec-9] DEBUG c.s.mapper.EmployeeMapper.queryByOne - ==>  Preparing: select * from employee where id=?
2025-04-17 05:50:43.199 [traceId=d092a6799f914f1e9e67004492ab906a] [http-nio-8080-exec-9] DEBUG c.s.mapper.EmployeeMapper.queryByOne - ==> Parameters: 1(Long)
2025-04-17 05:50:43.199 [traceId=bab5256623774d6690a165c9f1856b24] [http-nio-8080-exec-10] DEBUG c.s.mapper.EmployeeMapper.queryByOne - ==> Parameters: 1(Long)
2025-04-17 05:50:43.200 [traceId=bab5256623774d6690a165c9f1856b24] [http-nio-8080-exec-10] DEBUG c.s.mapper.EmployeeMapper.queryByOne - <==      Total: 1
2025-04-17 05:50:43.200 [traceId=d092a6799f914f1e9e67004492ab906a] [http-nio-8080-exec-9] DEBUG c.s.mapper.EmployeeMapper.queryByOne - <==      Total: 1
2025-04-17 05:50:43.201 [traceId=d092a6799f914f1e9e67004492ab906a] [http-nio-8080-exec-9] DEBUG com.sky.mapper.CategoryMapper.list - ==>  Preparing: select * from category where status = 1 and type = ? order by sort asc,create_time desc
2025-04-17 05:50:43.201 [traceId=bab5256623774d6690a165c9f1856b24] [http-nio-8080-exec-10] DEBUG com.sky.mapper.DishMapper.queryByOne - ==>  Preparing: select id, name, category_id, price, image, description, status, create_time, update_time, create_user, update_user from dish where id =?
2025-04-17 05:50:43.202 [traceId=d092a6799f914f1e9e67004492ab906a] [http-nio-8080-exec-9] DEBUG com.sky.mapper.CategoryMapper.list - ==> Parameters: 1(Integer)
2025-04-17 05:50:43.202 [traceId=bab5256623774d6690a165c9f1856b24] [http-nio-8080-exec-10] DEBUG com.sky.mapper.DishMapper.queryByOne - ==> Parameters: 71(Long)
2025-04-17 05:50:43.203 [traceId=d092a6799f914f1e9e67004492ab906a] [http-nio-8080-exec-9] DEBUG com.sky.mapper.CategoryMapper.list - <==      Total: 8
2025-04-17 05:50:43.203 [traceId=bab5256623774d6690a165c9f1856b24] [http-nio-8080-exec-10] DEBUG com.sky.mapper.DishMapper.queryByOne - <==      Total: 1
2025-04-17 05:50:43.204 [traceId=bab5256623774d6690a165c9f1856b24] [http-nio-8080-exec-10] DEBUG c.sky.mapper.DishFlavorMapper.query - ==>  Preparing: select id,dish_id,name,value from dish_flavor where dish_id=?
2025-04-17 05:50:43.204 [traceId=bab5256623774d6690a165c9f1856b24] [http-nio-8080-exec-10] DEBUG c.sky.mapper.DishFlavorMapper.query - ==> Parameters: 71(Long)
2025-04-17 05:50:43.205 [traceId=bab5256623774d6690a165c9f1856b24] [http-nio-8080-exec-10] DEBUG c.sky.mapper.DishFlavorMapper.query - <==      Total: 3
2025-04-17 05:50:48.440 [traceId=97f543efc0e741eabf7c019bd2d02148] [http-nio-8080-exec-3] DEBUG c.s.mapper.EmployeeMapper.queryByOne - ==>  Preparing: select * from employee where id=?
2025-04-17 05:50:48.440 [traceId=d6b11ea904364ed2ba4c7fbac156f930] [http-nio-8080-exec-1] DEBUG c.s.mapper.EmployeeMapper.queryByOne - ==>  Preparing: select * from employee where id=?
2025-04-17 05:50:48.441 [traceId=d6b11ea904364ed2ba4c7fbac156f930] [http-nio-8080-exec-1] DEBUG c.s.mapper.EmployeeMapper.queryByOne - ==> Parameters: 1(Long)
2025-04-17 05:50:48.441 [traceId=97f543efc0e741eabf7c019bd2d02148] [http-nio-8080-exec-3] DEBUG c.s.mapper.EmployeeMapper.queryByOne - ==> Parameters: 1(Long)
2025-04-17 05:50:48.442 [traceId=97f543efc0e741eabf7c019bd2d02148] [http-nio-8080-exec-3] DEBUG c.s.mapper.EmployeeMapper.queryByOne - <==      Total: 1
2025-04-17 05:50:48.442 [traceId=d6b11ea904364ed2ba4c7fbac156f930] [http-nio-8080-exec-1] DEBUG c.s.mapper.EmployeeMapper.queryByOne - <==      Total: 1
2025-04-17 05:50:48.442 [traceId=97f543efc0e741eabf7c019bd2d02148] [http-nio-8080-exec-3] DEBUG com.sky.mapper.CategoryMapper.list - ==>  Preparing: select * from category where status = 1 and type = ? order by sort asc,create_time desc
2025-04-17 05:50:48.442 [traceId=97f543efc0e741eabf7c019bd2d02148] [http-nio-8080-exec-3] DEBUG com.sky.mapper.CategoryMapper.list - ==> Parameters: 1(Integer)
2025-04-17 05:50:48.446 [traceId=d6b11ea904364ed2ba4c7fbac156f930] [http-nio-8080-exec-1] DEBUG c.sky.mapper.DishMapper.query_COUNT - ==>  Preparing: SELECT count(0) FROM dish
2025-04-17 05:50:48.447 [traceId=d6b11ea904364ed2ba4c7fbac156f930] [http-nio-8080-exec-1] DEBUG c.sky.mapper.DishMapper.query_COUNT - ==> Parameters: 
2025-04-17 05:50:48.447 [traceId=97f543efc0e741eabf7c019bd2d02148] [http-nio-8080-exec-3] DEBUG com.sky.mapper.CategoryMapper.list - <==      Total: 8
2025-04-17 05:50:48.448 [traceId=d6b11ea904364ed2ba4c7fbac156f930] [http-nio-8080-exec-1] DEBUG c.sky.mapper.DishMapper.query_COUNT - <==      Total: 1
2025-04-17 05:50:48.449 [traceId=d6b11ea904364ed2ba4c7fbac156f930] [http-nio-8080-exec-1] DEBUG com.sky.mapper.DishMapper.query - ==>  Preparing: select id, name, category_id, price, image, description, status, create_time, update_time, create_user, update_user from dish order by create_time desc LIMIT ?
2025-04-17 05:50:48.449 [traceId=d6b11ea904364ed2ba4c7fbac156f930] [http-nio-8080-exec-1] DEBUG com.sky.mapper.DishMapper.query - ==> Parameters: 10(Integer)
2025-04-17 05:50:48.460 [traceId=d6b11ea904364ed2ba4c7fbac156f930] [http-nio-8080-exec-1] DEBUG com.sky.mapper.DishMapper.query - <==      Total: 10
2025-04-17 05:52:08.239 [traceId=fb1c66cb2503456ea4aa42eae69b3f94] [http-nio-8080-exec-2] ERROR c.a.d.pool.DruidAbstractDataSource - discard long time none received connection. , jdbcUrl : jdbc:mysql://localhost:3306/sky_take_out?serverTimezone=Asia/Shanghai&useUnicode=true&characterEncoding=utf-8&zeroDateTimeBehavior=convertToNull&useSSL=false&allowPublicKeyRetrieval=true, jdbcUrl : jdbc:mysql://localhost:3306/sky_take_out?serverTimezone=Asia/Shanghai&useUnicode=true&characterEncoding=utf-8&zeroDateTimeBehavior=convertToNull&useSSL=false&allowPublicKeyRetrieval=true, lastPacketReceivedIdleMillis : 79763
2025-04-17 05:52:08.239 [traceId=30f55947a84844aba650d040b97cc3bd] [http-nio-8080-exec-5] ERROR c.a.d.pool.DruidAbstractDataSource - discard long time none received connection. , jdbcUrl : jdbc:mysql://localhost:3306/sky_take_out?serverTimezone=Asia/Shanghai&useUnicode=true&characterEncoding=utf-8&zeroDateTimeBehavior=convertToNull&useSSL=false&allowPublicKeyRetrieval=true, jdbcUrl : jdbc:mysql://localhost:3306/sky_take_out?serverTimezone=Asia/Shanghai&useUnicode=true&characterEncoding=utf-8&zeroDateTimeBehavior=convertToNull&useSSL=false&allowPublicKeyRetrieval=true, lastPacketReceivedIdleMillis : 79778
2025-04-17 05:52:08.249 [traceId=30f55947a84844aba650d040b97cc3bd] [http-nio-8080-exec-5] DEBUG c.s.mapper.EmployeeMapper.queryByOne - ==>  Preparing: select * from employee where id=?
2025-04-17 05:52:08.249 [traceId=30f55947a84844aba650d040b97cc3bd] [http-nio-8080-exec-5] DEBUG c.s.mapper.EmployeeMapper.queryByOne - ==> Parameters: 1(Long)
2025-04-17 05:52:08.254 [traceId=30f55947a84844aba650d040b97cc3bd] [http-nio-8080-exec-5] DEBUG c.s.mapper.EmployeeMapper.queryByOne - <==      Total: 1
2025-04-17 05:52:08.255 [traceId=fb1c66cb2503456ea4aa42eae69b3f94] [http-nio-8080-exec-2] DEBUG c.s.mapper.EmployeeMapper.queryByOne - ==>  Preparing: select * from employee where id=?
2025-04-17 05:52:08.255 [traceId=fb1c66cb2503456ea4aa42eae69b3f94] [http-nio-8080-exec-2] DEBUG c.s.mapper.EmployeeMapper.queryByOne - ==> Parameters: 1(Long)
2025-04-17 05:52:08.256 [traceId=30f55947a84844aba650d040b97cc3bd] [http-nio-8080-exec-5] DEBUG com.sky.mapper.DishMapper.queryByOne - ==>  Preparing: select id, name, category_id, price, image, description, status, create_time, update_time, create_user, update_user from dish where id =?
2025-04-17 05:52:08.256 [traceId=30f55947a84844aba650d040b97cc3bd] [http-nio-8080-exec-5] DEBUG com.sky.mapper.DishMapper.queryByOne - ==> Parameters: 71(Long)
2025-04-17 05:52:08.256 [traceId=fb1c66cb2503456ea4aa42eae69b3f94] [http-nio-8080-exec-2] DEBUG c.s.mapper.EmployeeMapper.queryByOne - <==      Total: 1
2025-04-17 05:52:08.257 [traceId=fb1c66cb2503456ea4aa42eae69b3f94] [http-nio-8080-exec-2] DEBUG com.sky.mapper.CategoryMapper.list - ==>  Preparing: select * from category where status = 1 and type = ? order by sort asc,create_time desc
2025-04-17 05:52:08.257 [traceId=fb1c66cb2503456ea4aa42eae69b3f94] [http-nio-8080-exec-2] DEBUG com.sky.mapper.CategoryMapper.list - ==> Parameters: 1(Integer)
2025-04-17 05:52:08.258 [traceId=30f55947a84844aba650d040b97cc3bd] [http-nio-8080-exec-5] DEBUG com.sky.mapper.DishMapper.queryByOne - <==      Total: 1
2025-04-17 05:52:08.259 [traceId=30f55947a84844aba650d040b97cc3bd] [http-nio-8080-exec-5] DEBUG c.sky.mapper.DishFlavorMapper.query - ==>  Preparing: select id,dish_id,name,value from dish_flavor where dish_id=?
2025-04-17 05:52:08.259 [traceId=30f55947a84844aba650d040b97cc3bd] [http-nio-8080-exec-5] DEBUG c.sky.mapper.DishFlavorMapper.query - ==> Parameters: 71(Long)
2025-04-17 05:52:08.260 [traceId=fb1c66cb2503456ea4aa42eae69b3f94] [http-nio-8080-exec-2] DEBUG com.sky.mapper.CategoryMapper.list - <==      Total: 8
2025-04-17 05:52:08.264 [traceId=30f55947a84844aba650d040b97cc3bd] [http-nio-8080-exec-5] DEBUG c.sky.mapper.DishFlavorMapper.query - <==      Total: 3
2025-04-17 05:52:11.758 [traceId=042008b6eaea4d569aa8a6888c0907dd] [http-nio-8080-exec-4] DEBUG c.s.mapper.EmployeeMapper.queryByOne - ==>  Preparing: select * from employee where id=?
2025-04-17 05:52:11.759 [traceId=042008b6eaea4d569aa8a6888c0907dd] [http-nio-8080-exec-4] DEBUG c.s.mapper.EmployeeMapper.queryByOne - ==> Parameters: 1(Long)
2025-04-17 05:52:11.764 [traceId=042008b6eaea4d569aa8a6888c0907dd] [http-nio-8080-exec-4] DEBUG c.s.mapper.EmployeeMapper.queryByOne - <==      Total: 1
2025-04-17 05:52:11.766 [traceId=042008b6eaea4d569aa8a6888c0907dd] [http-nio-8080-exec-4] DEBUG com.sky.mapper.DishMapper.update - ==>  Preparing: update dish SET name=?, category_id= ?, price= ?, image= ?, description =?, status=?, update_time=?, update_user=? where id=?
2025-04-17 05:52:11.767 [traceId=042008b6eaea4d569aa8a6888c0907dd] [http-nio-8080-exec-4] DEBUG com.sky.mapper.DishMapper.update - ==> Parameters: niu(String), 17(Long), 220(BigDecimal), http://localhost:9000/mybucket/2025-04-17/6962ab34ad12469bb61cf82b93d293c1.png(String), (String), 0(Integer), 2025-04-17T05:52:11.765757(LocalDateTime), 1(Long), 71(Long)
2025-04-17 05:52:11.773 [traceId=042008b6eaea4d569aa8a6888c0907dd] [http-nio-8080-exec-4] DEBUG com.sky.mapper.DishMapper.update - <==    Updates: 1
2025-04-17 05:52:11.774 [traceId=042008b6eaea4d569aa8a6888c0907dd] [http-nio-8080-exec-4] DEBUG c.s.mapper.DishFlavorMapper.delBatch - ==>  Preparing: delete from dish_flavor where dish_id in ( ? )
2025-04-17 05:52:11.775 [traceId=042008b6eaea4d569aa8a6888c0907dd] [http-nio-8080-exec-4] DEBUG c.s.mapper.DishFlavorMapper.delBatch - ==> Parameters: 71(Long)
2025-04-17 05:52:11.781 [traceId=042008b6eaea4d569aa8a6888c0907dd] [http-nio-8080-exec-4] DEBUG c.s.mapper.DishFlavorMapper.delBatch - <==    Updates: 3
2025-04-17 05:52:11.782 [traceId=042008b6eaea4d569aa8a6888c0907dd] [http-nio-8080-exec-4] DEBUG c.s.mapper.DishFlavorMapper.addBatch - ==>  Preparing: insert into sky_take_out.dish_flavor ( dish_id, name, value) values (?,?,?) , (?,?,?) , (?,?,?)
2025-04-17 05:52:11.783 [traceId=042008b6eaea4d569aa8a6888c0907dd] [http-nio-8080-exec-4] DEBUG c.s.mapper.DishFlavorMapper.addBatch - ==> Parameters: 71(Long), 甜味(String), ["无糖","少糖","半糖","多糖","全糖"](String), 71(Long), 温度(String), ["去冰","少冰","多冰"](String), 71(Long), 忌口(String), ["不要辣"](String)
2025-04-17 05:52:11.787 [traceId=042008b6eaea4d569aa8a6888c0907dd] [http-nio-8080-exec-4] DEBUG c.s.mapper.DishFlavorMapper.addBatch - <==    Updates: 3
2025-04-17 05:52:12.341 [traceId=e0ac10d0e14d4e1ba854dba1cde682d4] [http-nio-8080-exec-8] DEBUG c.s.mapper.EmployeeMapper.queryByOne - ==>  Preparing: select * from employee where id=?
2025-04-17 05:52:12.341 [traceId=35442e075a51497f96acd15fbc605cd1] [http-nio-8080-exec-6] DEBUG c.s.mapper.EmployeeMapper.queryByOne - ==>  Preparing: select * from employee where id=?
2025-04-17 05:52:12.342 [traceId=35442e075a51497f96acd15fbc605cd1] [http-nio-8080-exec-6] DEBUG c.s.mapper.EmployeeMapper.queryByOne - ==> Parameters: 1(Long)
2025-04-17 05:52:12.342 [traceId=e0ac10d0e14d4e1ba854dba1cde682d4] [http-nio-8080-exec-8] DEBUG c.s.mapper.EmployeeMapper.queryByOne - ==> Parameters: 1(Long)
2025-04-17 05:52:12.349 [traceId=e0ac10d0e14d4e1ba854dba1cde682d4] [http-nio-8080-exec-8] DEBUG c.s.mapper.EmployeeMapper.queryByOne - <==      Total: 1
2025-04-17 05:52:12.349 [traceId=35442e075a51497f96acd15fbc605cd1] [http-nio-8080-exec-6] DEBUG c.s.mapper.EmployeeMapper.queryByOne - <==      Total: 1
2025-04-17 05:52:12.350 [traceId=e0ac10d0e14d4e1ba854dba1cde682d4] [http-nio-8080-exec-8] DEBUG com.sky.mapper.CategoryMapper.list - ==>  Preparing: select * from category where status = 1 and type = ? order by sort asc,create_time desc
2025-04-17 05:52:12.350 [traceId=e0ac10d0e14d4e1ba854dba1cde682d4] [http-nio-8080-exec-8] DEBUG com.sky.mapper.CategoryMapper.list - ==> Parameters: 1(Integer)
2025-04-17 05:52:12.351 [traceId=35442e075a51497f96acd15fbc605cd1] [http-nio-8080-exec-6] DEBUG c.sky.mapper.DishMapper.query_COUNT - ==>  Preparing: SELECT count(0) FROM dish
2025-04-17 05:52:12.356 [traceId=35442e075a51497f96acd15fbc605cd1] [http-nio-8080-exec-6] DEBUG c.sky.mapper.DishMapper.query_COUNT - ==> Parameters: 
2025-04-17 05:52:12.361 [traceId=e0ac10d0e14d4e1ba854dba1cde682d4] [http-nio-8080-exec-8] DEBUG com.sky.mapper.CategoryMapper.list - <==      Total: 8
2025-04-17 05:52:12.362 [traceId=35442e075a51497f96acd15fbc605cd1] [http-nio-8080-exec-6] DEBUG c.sky.mapper.DishMapper.query_COUNT - <==      Total: 1
2025-04-17 05:52:12.362 [traceId=35442e075a51497f96acd15fbc605cd1] [http-nio-8080-exec-6] DEBUG com.sky.mapper.DishMapper.query - ==>  Preparing: select id, name, category_id, price, image, description, status, create_time, update_time, create_user, update_user from dish order by create_time desc LIMIT ?
2025-04-17 05:52:12.362 [traceId=35442e075a51497f96acd15fbc605cd1] [http-nio-8080-exec-6] DEBUG com.sky.mapper.DishMapper.query - ==> Parameters: 10(Integer)
2025-04-17 05:52:12.368 [traceId=35442e075a51497f96acd15fbc605cd1] [http-nio-8080-exec-6] DEBUG com.sky.mapper.DishMapper.query - <==      Total: 10
2025-04-17 05:52:14.555 [traceId=17115f3af58141b29d6ef9d4986aeb11] [http-nio-8080-exec-7] DEBUG c.s.mapper.EmployeeMapper.queryByOne - ==>  Preparing: select * from employee where id=?
2025-04-17 05:52:14.555 [traceId=dd62f31b5e944dc88ce46c1d476d485a] [http-nio-8080-exec-9] DEBUG c.s.mapper.EmployeeMapper.queryByOne - ==>  Preparing: select * from employee where id=?
2025-04-17 05:52:14.555 [traceId=17115f3af58141b29d6ef9d4986aeb11] [http-nio-8080-exec-7] DEBUG c.s.mapper.EmployeeMapper.queryByOne - ==> Parameters: 1(Long)
2025-04-17 05:52:14.555 [traceId=dd62f31b5e944dc88ce46c1d476d485a] [http-nio-8080-exec-9] DEBUG c.s.mapper.EmployeeMapper.queryByOne - ==> Parameters: 1(Long)
2025-04-17 05:52:14.557 [traceId=dd62f31b5e944dc88ce46c1d476d485a] [http-nio-8080-exec-9] DEBUG c.s.mapper.EmployeeMapper.queryByOne - <==      Total: 1
2025-04-17 05:52:14.557 [traceId=17115f3af58141b29d6ef9d4986aeb11] [http-nio-8080-exec-7] DEBUG c.s.mapper.EmployeeMapper.queryByOne - <==      Total: 1
2025-04-17 05:52:14.558 [traceId=dd62f31b5e944dc88ce46c1d476d485a] [http-nio-8080-exec-9] DEBUG com.sky.mapper.DishMapper.queryByOne - ==>  Preparing: select id, name, category_id, price, image, description, status, create_time, update_time, create_user, update_user from dish where id =?
2025-04-17 05:52:14.559 [traceId=17115f3af58141b29d6ef9d4986aeb11] [http-nio-8080-exec-7] DEBUG com.sky.mapper.CategoryMapper.list - ==>  Preparing: select * from category where status = 1 and type = ? order by sort asc,create_time desc
2025-04-17 05:52:14.559 [traceId=dd62f31b5e944dc88ce46c1d476d485a] [http-nio-8080-exec-9] DEBUG com.sky.mapper.DishMapper.queryByOne - ==> Parameters: 71(Long)
2025-04-17 05:52:14.559 [traceId=17115f3af58141b29d6ef9d4986aeb11] [http-nio-8080-exec-7] DEBUG com.sky.mapper.CategoryMapper.list - ==> Parameters: 1(Integer)
2025-04-17 05:52:14.561 [traceId=dd62f31b5e944dc88ce46c1d476d485a] [http-nio-8080-exec-9] DEBUG com.sky.mapper.DishMapper.queryByOne - <==      Total: 1
2025-04-17 05:52:14.561 [traceId=17115f3af58141b29d6ef9d4986aeb11] [http-nio-8080-exec-7] DEBUG com.sky.mapper.CategoryMapper.list - <==      Total: 8
2025-04-17 05:52:14.561 [traceId=dd62f31b5e944dc88ce46c1d476d485a] [http-nio-8080-exec-9] DEBUG c.sky.mapper.DishFlavorMapper.query - ==>  Preparing: select id,dish_id,name,value from dish_flavor where dish_id=?
2025-04-17 05:52:14.562 [traceId=dd62f31b5e944dc88ce46c1d476d485a] [http-nio-8080-exec-9] DEBUG c.sky.mapper.DishFlavorMapper.query - ==> Parameters: 71(Long)
2025-04-17 05:52:14.566 [traceId=dd62f31b5e944dc88ce46c1d476d485a] [http-nio-8080-exec-9] DEBUG c.sky.mapper.DishFlavorMapper.query - <==      Total: 3
2025-04-17 05:52:18.173 [traceId=e88cc66ceff04513ab577985b825f22f] [http-nio-8080-exec-10] DEBUG c.s.mapper.EmployeeMapper.queryByOne - ==>  Preparing: select * from employee where id=?
2025-04-17 05:52:18.176 [traceId=e88cc66ceff04513ab577985b825f22f] [http-nio-8080-exec-10] DEBUG c.s.mapper.EmployeeMapper.queryByOne - ==> Parameters: 1(Long)
2025-04-17 05:52:18.195 [traceId=e88cc66ceff04513ab577985b825f22f] [http-nio-8080-exec-10] DEBUG c.s.mapper.EmployeeMapper.queryByOne - <==      Total: 1
2025-04-17 05:52:18.198 [traceId=e88cc66ceff04513ab577985b825f22f] [http-nio-8080-exec-10] DEBUG com.sky.mapper.DishMapper.update - ==>  Preparing: update dish SET name=?, category_id= ?, price= ?, image= ?, description =?, status=?, update_time=?, update_user=? where id=?
2025-04-17 05:52:18.199 [traceId=e88cc66ceff04513ab577985b825f22f] [http-nio-8080-exec-10] DEBUG com.sky.mapper.DishMapper.update - ==> Parameters: ok(String), 17(Long), 220(BigDecimal), http://localhost:9000/mybucket/2025-04-17/6962ab34ad12469bb61cf82b93d293c1.png(String), (String), 0(Integer), 2025-04-17T05:52:18.198222(LocalDateTime), 1(Long), 71(Long)
2025-04-17 05:52:18.202 [traceId=e88cc66ceff04513ab577985b825f22f] [http-nio-8080-exec-10] DEBUG com.sky.mapper.DishMapper.update - <==    Updates: 1
2025-04-17 05:52:18.203 [traceId=e88cc66ceff04513ab577985b825f22f] [http-nio-8080-exec-10] DEBUG c.s.mapper.DishFlavorMapper.delBatch - ==>  Preparing: delete from dish_flavor where dish_id in ( ? )
2025-04-17 05:52:18.203 [traceId=e88cc66ceff04513ab577985b825f22f] [http-nio-8080-exec-10] DEBUG c.s.mapper.DishFlavorMapper.delBatch - ==> Parameters: 71(Long)
2025-04-17 05:52:18.207 [traceId=e88cc66ceff04513ab577985b825f22f] [http-nio-8080-exec-10] DEBUG c.s.mapper.DishFlavorMapper.delBatch - <==    Updates: 3
2025-04-17 05:52:18.208 [traceId=e88cc66ceff04513ab577985b825f22f] [http-nio-8080-exec-10] DEBUG c.s.mapper.DishFlavorMapper.addBatch - ==>  Preparing: insert into sky_take_out.dish_flavor ( dish_id, name, value) values (?,?,?) , (?,?,?) , (?,?,?)
2025-04-17 05:52:18.208 [traceId=e88cc66ceff04513ab577985b825f22f] [http-nio-8080-exec-10] DEBUG c.s.mapper.DishFlavorMapper.addBatch - ==> Parameters: 71(Long), 甜味(String), ["无糖","少糖","半糖","多糖","全糖"](String), 71(Long), 温度(String), ["去冰","少冰","多冰"](String), 71(Long), 忌口(String), ["不要辣"](String)
2025-04-17 05:52:18.212 [traceId=e88cc66ceff04513ab577985b825f22f] [http-nio-8080-exec-10] DEBUG c.s.mapper.DishFlavorMapper.addBatch - <==    Updates: 3
2025-04-17 05:52:18.773 [traceId=b95fc30d1e404806872d5d6a71aa2ef7] [http-nio-8080-exec-3] DEBUG c.s.mapper.EmployeeMapper.queryByOne - ==>  Preparing: select * from employee where id=?
2025-04-17 05:52:18.773 [traceId=02a85de62ec94ffaaaae6b71cbc5e5aa] [http-nio-8080-exec-1] DEBUG c.s.mapper.EmployeeMapper.queryByOne - ==>  Preparing: select * from employee where id=?
2025-04-17 05:52:18.774 [traceId=b95fc30d1e404806872d5d6a71aa2ef7] [http-nio-8080-exec-3] DEBUG c.s.mapper.EmployeeMapper.queryByOne - ==> Parameters: 1(Long)
2025-04-17 05:52:18.774 [traceId=02a85de62ec94ffaaaae6b71cbc5e5aa] [http-nio-8080-exec-1] DEBUG c.s.mapper.EmployeeMapper.queryByOne - ==> Parameters: 1(Long)
2025-04-17 05:52:18.778 [traceId=02a85de62ec94ffaaaae6b71cbc5e5aa] [http-nio-8080-exec-1] DEBUG c.s.mapper.EmployeeMapper.queryByOne - <==      Total: 1
2025-04-17 05:52:18.780 [traceId=b95fc30d1e404806872d5d6a71aa2ef7] [http-nio-8080-exec-3] DEBUG c.s.mapper.EmployeeMapper.queryByOne - <==      Total: 1
2025-04-17 05:52:18.783 [traceId=b95fc30d1e404806872d5d6a71aa2ef7] [http-nio-8080-exec-3] DEBUG com.sky.mapper.CategoryMapper.list - ==>  Preparing: select * from category where status = 1 and type = ? order by sort asc,create_time desc
2025-04-17 05:52:18.784 [traceId=b95fc30d1e404806872d5d6a71aa2ef7] [http-nio-8080-exec-3] DEBUG com.sky.mapper.CategoryMapper.list - ==> Parameters: 1(Integer)
2025-04-17 05:52:18.786 [traceId=02a85de62ec94ffaaaae6b71cbc5e5aa] [http-nio-8080-exec-1] DEBUG c.sky.mapper.DishMapper.query_COUNT - ==>  Preparing: SELECT count(0) FROM dish
2025-04-17 05:52:18.786 [traceId=02a85de62ec94ffaaaae6b71cbc5e5aa] [http-nio-8080-exec-1] DEBUG c.sky.mapper.DishMapper.query_COUNT - ==> Parameters: 
2025-04-17 05:52:18.787 [traceId=02a85de62ec94ffaaaae6b71cbc5e5aa] [http-nio-8080-exec-1] DEBUG c.sky.mapper.DishMapper.query_COUNT - <==      Total: 1
2025-04-17 05:52:18.787 [traceId=b95fc30d1e404806872d5d6a71aa2ef7] [http-nio-8080-exec-3] DEBUG com.sky.mapper.CategoryMapper.list - <==      Total: 8
2025-04-17 05:52:18.787 [traceId=02a85de62ec94ffaaaae6b71cbc5e5aa] [http-nio-8080-exec-1] DEBUG com.sky.mapper.DishMapper.query - ==>  Preparing: select id, name, category_id, price, image, description, status, create_time, update_time, create_user, update_user from dish order by create_time desc LIMIT ?
2025-04-17 05:52:18.787 [traceId=02a85de62ec94ffaaaae6b71cbc5e5aa] [http-nio-8080-exec-1] DEBUG com.sky.mapper.DishMapper.query - ==> Parameters: 10(Integer)
2025-04-17 05:52:18.791 [traceId=02a85de62ec94ffaaaae6b71cbc5e5aa] [http-nio-8080-exec-1] DEBUG com.sky.mapper.DishMapper.query - <==      Total: 10
2025-04-17 05:52:21.347 [traceId=f6cd3ab67ab1449c963e70519f1f4f39] [http-nio-8080-exec-5] DEBUG c.s.mapper.EmployeeMapper.queryByOne - ==>  Preparing: select * from employee where id=?
2025-04-17 05:52:21.347 [traceId=fea80fa9bcf54f549ed4b06c46aee4de] [http-nio-8080-exec-2] DEBUG c.s.mapper.EmployeeMapper.queryByOne - ==>  Preparing: select * from employee where id=?
2025-04-17 05:52:21.348 [traceId=f6cd3ab67ab1449c963e70519f1f4f39] [http-nio-8080-exec-5] DEBUG c.s.mapper.EmployeeMapper.queryByOne - ==> Parameters: 1(Long)
2025-04-17 05:52:21.348 [traceId=fea80fa9bcf54f549ed4b06c46aee4de] [http-nio-8080-exec-2] DEBUG c.s.mapper.EmployeeMapper.queryByOne - ==> Parameters: 1(Long)
2025-04-17 05:52:21.348 [traceId=f6cd3ab67ab1449c963e70519f1f4f39] [http-nio-8080-exec-5] DEBUG c.s.mapper.EmployeeMapper.queryByOne - <==      Total: 1
2025-04-17 05:52:21.348 [traceId=fea80fa9bcf54f549ed4b06c46aee4de] [http-nio-8080-exec-2] DEBUG c.s.mapper.EmployeeMapper.queryByOne - <==      Total: 1
2025-04-17 05:52:21.350 [traceId=fea80fa9bcf54f549ed4b06c46aee4de] [http-nio-8080-exec-2] DEBUG com.sky.mapper.CategoryMapper.list - ==>  Preparing: select * from category where status = 1 and type = ? order by sort asc,create_time desc
2025-04-17 05:52:21.350 [traceId=f6cd3ab67ab1449c963e70519f1f4f39] [http-nio-8080-exec-5] DEBUG com.sky.mapper.DishMapper.queryByOne - ==>  Preparing: select id, name, category_id, price, image, description, status, create_time, update_time, create_user, update_user from dish where id =?
2025-04-17 05:52:21.350 [traceId=fea80fa9bcf54f549ed4b06c46aee4de] [http-nio-8080-exec-2] DEBUG com.sky.mapper.CategoryMapper.list - ==> Parameters: 1(Integer)
2025-04-17 05:52:21.351 [traceId=f6cd3ab67ab1449c963e70519f1f4f39] [http-nio-8080-exec-5] DEBUG com.sky.mapper.DishMapper.queryByOne - ==> Parameters: 71(Long)
2025-04-17 05:52:21.351 [traceId=f6cd3ab67ab1449c963e70519f1f4f39] [http-nio-8080-exec-5] DEBUG com.sky.mapper.DishMapper.queryByOne - <==      Total: 1
2025-04-17 05:52:21.351 [traceId=fea80fa9bcf54f549ed4b06c46aee4de] [http-nio-8080-exec-2] DEBUG com.sky.mapper.CategoryMapper.list - <==      Total: 8
2025-04-17 05:52:21.352 [traceId=f6cd3ab67ab1449c963e70519f1f4f39] [http-nio-8080-exec-5] DEBUG c.sky.mapper.DishFlavorMapper.query - ==>  Preparing: select id,dish_id,name,value from dish_flavor where dish_id=?
2025-04-17 05:52:21.352 [traceId=f6cd3ab67ab1449c963e70519f1f4f39] [http-nio-8080-exec-5] DEBUG c.sky.mapper.DishFlavorMapper.query - ==> Parameters: 71(Long)
2025-04-17 05:52:21.353 [traceId=f6cd3ab67ab1449c963e70519f1f4f39] [http-nio-8080-exec-5] DEBUG c.sky.mapper.DishFlavorMapper.query - <==      Total: 3
2025-04-17 05:52:24.187 [traceId=87f9a142c651456e86fbb3e7a8198d7c] [http-nio-8080-exec-4] DEBUG c.s.mapper.EmployeeMapper.queryByOne - ==>  Preparing: select * from employee where id=?
2025-04-17 05:52:24.187 [traceId=87f9a142c651456e86fbb3e7a8198d7c] [http-nio-8080-exec-4] DEBUG c.s.mapper.EmployeeMapper.queryByOne - ==> Parameters: 1(Long)
2025-04-17 05:52:24.188 [traceId=87f9a142c651456e86fbb3e7a8198d7c] [http-nio-8080-exec-4] DEBUG c.s.mapper.EmployeeMapper.queryByOne - <==      Total: 1
2025-04-17 05:52:24.195 [traceId=87f9a142c651456e86fbb3e7a8198d7c] [http-nio-8080-exec-4] DEBUG com.sky.mapper.DishMapper.update - ==>  Preparing: update dish SET name=?, category_id= ?, price= ?, image= ?, description =?, status=?, update_time=?, update_user=? where id=?
2025-04-17 05:52:24.195 [traceId=87f9a142c651456e86fbb3e7a8198d7c] [http-nio-8080-exec-4] DEBUG com.sky.mapper.DishMapper.update - ==> Parameters: ok(String), 21(Long), 220(BigDecimal), http://localhost:9000/mybucket/2025-04-17/6962ab34ad12469bb61cf82b93d293c1.png(String), (String), 0(Integer), 2025-04-17T05:52:24.193324(LocalDateTime), 1(Long), 71(Long)
2025-04-17 05:52:24.198 [traceId=87f9a142c651456e86fbb3e7a8198d7c] [http-nio-8080-exec-4] DEBUG com.sky.mapper.DishMapper.update - <==    Updates: 1
2025-04-17 05:52:24.199 [traceId=87f9a142c651456e86fbb3e7a8198d7c] [http-nio-8080-exec-4] DEBUG c.s.mapper.DishFlavorMapper.delBatch - ==>  Preparing: delete from dish_flavor where dish_id in ( ? )
2025-04-17 05:52:24.199 [traceId=87f9a142c651456e86fbb3e7a8198d7c] [http-nio-8080-exec-4] DEBUG c.s.mapper.DishFlavorMapper.delBatch - ==> Parameters: 71(Long)
2025-04-17 05:52:24.202 [traceId=87f9a142c651456e86fbb3e7a8198d7c] [http-nio-8080-exec-4] DEBUG c.s.mapper.DishFlavorMapper.delBatch - <==    Updates: 3
2025-04-17 05:52:24.203 [traceId=87f9a142c651456e86fbb3e7a8198d7c] [http-nio-8080-exec-4] DEBUG c.s.mapper.DishFlavorMapper.addBatch - ==>  Preparing: insert into sky_take_out.dish_flavor ( dish_id, name, value) values (?,?,?) , (?,?,?) , (?,?,?)
2025-04-17 05:52:24.204 [traceId=87f9a142c651456e86fbb3e7a8198d7c] [http-nio-8080-exec-4] DEBUG c.s.mapper.DishFlavorMapper.addBatch - ==> Parameters: 71(Long), 甜味(String), ["无糖","少糖","半糖","多糖","全糖"](String), 71(Long), 温度(String), ["去冰","少冰","多冰"](String), 71(Long), 忌口(String), ["不要辣"](String)
2025-04-17 05:52:24.206 [traceId=87f9a142c651456e86fbb3e7a8198d7c] [http-nio-8080-exec-4] DEBUG c.s.mapper.DishFlavorMapper.addBatch - <==    Updates: 3
2025-04-17 05:52:24.753 [traceId=dbcf7931d4df47fe9e177c6326b4c527] [http-nio-8080-exec-6] DEBUG c.s.mapper.EmployeeMapper.queryByOne - ==>  Preparing: select * from employee where id=?
2025-04-17 05:52:24.753 [traceId=d259195cbf3c4d0387bb1fb8f0def5fa] [http-nio-8080-exec-8] DEBUG c.s.mapper.EmployeeMapper.queryByOne - ==>  Preparing: select * from employee where id=?
2025-04-17 05:52:24.753 [traceId=dbcf7931d4df47fe9e177c6326b4c527] [http-nio-8080-exec-6] DEBUG c.s.mapper.EmployeeMapper.queryByOne - ==> Parameters: 1(Long)
2025-04-17 05:52:24.753 [traceId=d259195cbf3c4d0387bb1fb8f0def5fa] [http-nio-8080-exec-8] DEBUG c.s.mapper.EmployeeMapper.queryByOne - ==> Parameters: 1(Long)
2025-04-17 05:52:24.754 [traceId=d259195cbf3c4d0387bb1fb8f0def5fa] [http-nio-8080-exec-8] DEBUG c.s.mapper.EmployeeMapper.queryByOne - <==      Total: 1
2025-04-17 05:52:24.754 [traceId=dbcf7931d4df47fe9e177c6326b4c527] [http-nio-8080-exec-6] DEBUG c.s.mapper.EmployeeMapper.queryByOne - <==      Total: 1
2025-04-17 05:52:24.755 [traceId=dbcf7931d4df47fe9e177c6326b4c527] [http-nio-8080-exec-6] DEBUG com.sky.mapper.CategoryMapper.list - ==>  Preparing: select * from category where status = 1 and type = ? order by sort asc,create_time desc
2025-04-17 05:52:24.755 [traceId=dbcf7931d4df47fe9e177c6326b4c527] [http-nio-8080-exec-6] DEBUG com.sky.mapper.CategoryMapper.list - ==> Parameters: 1(Integer)
2025-04-17 05:52:24.758 [traceId=d259195cbf3c4d0387bb1fb8f0def5fa] [http-nio-8080-exec-8] DEBUG c.sky.mapper.DishMapper.query_COUNT - ==>  Preparing: SELECT count(0) FROM dish
2025-04-17 05:52:24.758 [traceId=d259195cbf3c4d0387bb1fb8f0def5fa] [http-nio-8080-exec-8] DEBUG c.sky.mapper.DishMapper.query_COUNT - ==> Parameters: 
2025-04-17 05:52:24.758 [traceId=dbcf7931d4df47fe9e177c6326b4c527] [http-nio-8080-exec-6] DEBUG com.sky.mapper.CategoryMapper.list - <==      Total: 8
2025-04-17 05:52:24.759 [traceId=d259195cbf3c4d0387bb1fb8f0def5fa] [http-nio-8080-exec-8] DEBUG c.sky.mapper.DishMapper.query_COUNT - <==      Total: 1
2025-04-17 05:52:24.760 [traceId=d259195cbf3c4d0387bb1fb8f0def5fa] [http-nio-8080-exec-8] DEBUG com.sky.mapper.DishMapper.query - ==>  Preparing: select id, name, category_id, price, image, description, status, create_time, update_time, create_user, update_user from dish order by create_time desc LIMIT ?
2025-04-17 05:52:24.760 [traceId=d259195cbf3c4d0387bb1fb8f0def5fa] [http-nio-8080-exec-8] DEBUG com.sky.mapper.DishMapper.query - ==> Parameters: 10(Integer)
2025-04-17 05:52:24.762 [traceId=d259195cbf3c4d0387bb1fb8f0def5fa] [http-nio-8080-exec-8] DEBUG com.sky.mapper.DishMapper.query - <==      Total: 10
2025-04-17 05:52:27.495 [traceId=500ab456ee73461895ad969c48e5f847] [http-nio-8080-exec-7] DEBUG c.s.mapper.EmployeeMapper.queryByOne - ==>  Preparing: select * from employee where id=?
2025-04-17 05:52:27.495 [traceId=0a48f1ce709b41f3bb705017919243b1] [http-nio-8080-exec-9] DEBUG c.s.mapper.EmployeeMapper.queryByOne - ==>  Preparing: select * from employee where id=?
2025-04-17 05:52:27.495 [traceId=500ab456ee73461895ad969c48e5f847] [http-nio-8080-exec-7] DEBUG c.s.mapper.EmployeeMapper.queryByOne - ==> Parameters: 1(Long)
2025-04-17 05:52:27.495 [traceId=0a48f1ce709b41f3bb705017919243b1] [http-nio-8080-exec-9] DEBUG c.s.mapper.EmployeeMapper.queryByOne - ==> Parameters: 1(Long)
2025-04-17 05:52:27.497 [traceId=500ab456ee73461895ad969c48e5f847] [http-nio-8080-exec-7] DEBUG c.s.mapper.EmployeeMapper.queryByOne - <==      Total: 1
2025-04-17 05:52:27.497 [traceId=0a48f1ce709b41f3bb705017919243b1] [http-nio-8080-exec-9] DEBUG c.s.mapper.EmployeeMapper.queryByOne - <==      Total: 1
2025-04-17 05:52:27.498 [traceId=0a48f1ce709b41f3bb705017919243b1] [http-nio-8080-exec-9] DEBUG com.sky.mapper.DishMapper.queryByOne - ==>  Preparing: select id, name, category_id, price, image, description, status, create_time, update_time, create_user, update_user from dish where id =?
2025-04-17 05:52:27.498 [traceId=500ab456ee73461895ad969c48e5f847] [http-nio-8080-exec-7] DEBUG com.sky.mapper.CategoryMapper.list - ==>  Preparing: select * from category where status = 1 and type = ? order by sort asc,create_time desc
2025-04-17 05:52:27.498 [traceId=500ab456ee73461895ad969c48e5f847] [http-nio-8080-exec-7] DEBUG com.sky.mapper.CategoryMapper.list - ==> Parameters: 1(Integer)
2025-04-17 05:52:27.499 [traceId=0a48f1ce709b41f3bb705017919243b1] [http-nio-8080-exec-9] DEBUG com.sky.mapper.DishMapper.queryByOne - ==> Parameters: 71(Long)
2025-04-17 05:52:27.502 [traceId=0a48f1ce709b41f3bb705017919243b1] [http-nio-8080-exec-9] DEBUG com.sky.mapper.DishMapper.queryByOne - <==      Total: 1
2025-04-17 05:52:27.502 [traceId=500ab456ee73461895ad969c48e5f847] [http-nio-8080-exec-7] DEBUG com.sky.mapper.CategoryMapper.list - <==      Total: 8
2025-04-17 05:52:27.503 [traceId=0a48f1ce709b41f3bb705017919243b1] [http-nio-8080-exec-9] DEBUG c.sky.mapper.DishFlavorMapper.query - ==>  Preparing: select id,dish_id,name,value from dish_flavor where dish_id=?
2025-04-17 05:52:27.503 [traceId=0a48f1ce709b41f3bb705017919243b1] [http-nio-8080-exec-9] DEBUG c.sky.mapper.DishFlavorMapper.query - ==> Parameters: 71(Long)
2025-04-17 05:52:27.504 [traceId=0a48f1ce709b41f3bb705017919243b1] [http-nio-8080-exec-9] DEBUG c.sky.mapper.DishFlavorMapper.query - <==      Total: 3
2025-04-17 05:52:29.227 [traceId=b9225b1003be4fcdab815de0539c81b3] [http-nio-8080-exec-10] DEBUG c.s.mapper.EmployeeMapper.queryByOne - ==>  Preparing: select * from employee where id=?
2025-04-17 05:52:29.227 [traceId=09cb5e7e30724d1e9a038fe079347324] [http-nio-8080-exec-3] DEBUG c.s.mapper.EmployeeMapper.queryByOne - ==>  Preparing: select * from employee where id=?
2025-04-17 05:52:29.228 [traceId=09cb5e7e30724d1e9a038fe079347324] [http-nio-8080-exec-3] DEBUG c.s.mapper.EmployeeMapper.queryByOne - ==> Parameters: 1(Long)
2025-04-17 05:52:29.228 [traceId=b9225b1003be4fcdab815de0539c81b3] [http-nio-8080-exec-10] DEBUG c.s.mapper.EmployeeMapper.queryByOne - ==> Parameters: 1(Long)
2025-04-17 05:52:29.229 [traceId=b9225b1003be4fcdab815de0539c81b3] [http-nio-8080-exec-10] DEBUG c.s.mapper.EmployeeMapper.queryByOne - <==      Total: 1
2025-04-17 05:52:29.229 [traceId=09cb5e7e30724d1e9a038fe079347324] [http-nio-8080-exec-3] DEBUG c.s.mapper.EmployeeMapper.queryByOne - <==      Total: 1
2025-04-17 05:52:29.229 [traceId=09cb5e7e30724d1e9a038fe079347324] [http-nio-8080-exec-3] DEBUG com.sky.mapper.CategoryMapper.list - ==>  Preparing: select * from category where status = 1 and type = ? order by sort asc,create_time desc
2025-04-17 05:52:29.230 [traceId=09cb5e7e30724d1e9a038fe079347324] [http-nio-8080-exec-3] DEBUG com.sky.mapper.CategoryMapper.list - ==> Parameters: 1(Integer)
2025-04-17 05:52:29.231 [traceId=b9225b1003be4fcdab815de0539c81b3] [http-nio-8080-exec-10] DEBUG c.sky.mapper.DishMapper.query_COUNT - ==>  Preparing: SELECT count(0) FROM dish
2025-04-17 05:52:29.231 [traceId=09cb5e7e30724d1e9a038fe079347324] [http-nio-8080-exec-3] DEBUG com.sky.mapper.CategoryMapper.list - <==      Total: 8
2025-04-17 05:52:29.231 [traceId=b9225b1003be4fcdab815de0539c81b3] [http-nio-8080-exec-10] DEBUG c.sky.mapper.DishMapper.query_COUNT - ==> Parameters: 
2025-04-17 05:52:29.233 [traceId=b9225b1003be4fcdab815de0539c81b3] [http-nio-8080-exec-10] DEBUG c.sky.mapper.DishMapper.query_COUNT - <==      Total: 1
2025-04-17 05:52:29.233 [traceId=b9225b1003be4fcdab815de0539c81b3] [http-nio-8080-exec-10] DEBUG com.sky.mapper.DishMapper.query - ==>  Preparing: select id, name, category_id, price, image, description, status, create_time, update_time, create_user, update_user from dish order by create_time desc LIMIT ?
2025-04-17 05:52:29.233 [traceId=b9225b1003be4fcdab815de0539c81b3] [http-nio-8080-exec-10] DEBUG com.sky.mapper.DishMapper.query - ==> Parameters: 10(Integer)
2025-04-17 05:52:29.237 [traceId=b9225b1003be4fcdab815de0539c81b3] [http-nio-8080-exec-10] DEBUG com.sky.mapper.DishMapper.query - <==      Total: 10
2025-04-17 06:50:31.126 [traceId=3a07fa95f0294cbb9d02583a8098c84e] [http-nio-8080-exec-1] WARN  o.s.web.servlet.PageNotFound - No mapping for GET /admin/setmeal/page
2025-04-17 06:50:31.147 [traceId=51738e61e5674f5b8904773284d723db] [http-nio-8080-exec-2] DEBUG c.s.mapper.EmployeeMapper.queryByOne - ==>  Preparing: select * from employee where id=?
2025-04-17 06:50:31.150 [traceId=51738e61e5674f5b8904773284d723db] [http-nio-8080-exec-2] DEBUG c.s.mapper.EmployeeMapper.queryByOne - ==> Parameters: 1(Long)
2025-04-17 06:50:31.158 [traceId=51738e61e5674f5b8904773284d723db] [http-nio-8080-exec-2] DEBUG c.s.mapper.EmployeeMapper.queryByOne - <==      Total: 1
2025-04-17 06:50:31.165 [traceId=51738e61e5674f5b8904773284d723db] [http-nio-8080-exec-2] DEBUG com.sky.mapper.CategoryMapper.list - ==>  Preparing: select * from category where status = 1 and type = ? order by sort asc,create_time desc
2025-04-17 06:50:31.167 [traceId=51738e61e5674f5b8904773284d723db] [http-nio-8080-exec-2] DEBUG com.sky.mapper.CategoryMapper.list - ==> Parameters: 2(Integer)
2025-04-17 06:50:31.172 [traceId=51738e61e5674f5b8904773284d723db] [http-nio-8080-exec-2] DEBUG com.sky.mapper.CategoryMapper.list - <==      Total: 2
2025-04-17 06:50:33.806 [traceId=63c355159c81448c89e2a9bf58861cb8] [http-nio-8080-exec-4] DEBUG c.s.mapper.EmployeeMapper.queryByOne - ==>  Preparing: select * from employee where id=?
2025-04-17 06:50:33.806 [traceId=63c355159c81448c89e2a9bf58861cb8] [http-nio-8080-exec-4] DEBUG c.s.mapper.EmployeeMapper.queryByOne - ==> Parameters: 1(Long)
2025-04-17 06:50:33.807 [traceId=63c355159c81448c89e2a9bf58861cb8] [http-nio-8080-exec-4] DEBUG c.s.mapper.EmployeeMapper.queryByOne - <==      Total: 1
2025-04-17 06:50:33.807 [traceId=095164f3826745438389ae277df3b422] [http-nio-8080-exec-5] DEBUG c.s.mapper.EmployeeMapper.queryByOne - ==>  Preparing: select * from employee where id=?
2025-04-17 06:50:33.808 [traceId=095164f3826745438389ae277df3b422] [http-nio-8080-exec-5] DEBUG c.s.mapper.EmployeeMapper.queryByOne - ==> Parameters: 1(Long)
2025-04-17 06:50:33.809 [traceId=095164f3826745438389ae277df3b422] [http-nio-8080-exec-5] DEBUG c.s.mapper.EmployeeMapper.queryByOne - <==      Total: 1
2025-04-17 06:50:33.809 [traceId=63c355159c81448c89e2a9bf58861cb8] [http-nio-8080-exec-4] DEBUG com.sky.mapper.CategoryMapper.list - ==>  Preparing: select * from category where status = 1 and type = ? order by sort asc,create_time desc
2025-04-17 06:50:33.810 [traceId=63c355159c81448c89e2a9bf58861cb8] [http-nio-8080-exec-4] DEBUG com.sky.mapper.CategoryMapper.list - ==> Parameters: 1(Integer)
2025-04-17 06:50:33.811 [traceId=63c355159c81448c89e2a9bf58861cb8] [http-nio-8080-exec-4] DEBUG com.sky.mapper.CategoryMapper.list - <==      Total: 8
2025-04-17 06:50:33.820 [traceId=095164f3826745438389ae277df3b422] [http-nio-8080-exec-5] DEBUG c.sky.mapper.DishMapper.query_COUNT - ==>  Preparing: SELECT count(0) FROM dish
2025-04-17 06:50:33.820 [traceId=095164f3826745438389ae277df3b422] [http-nio-8080-exec-5] DEBUG c.sky.mapper.DishMapper.query_COUNT - ==> Parameters: 
2025-04-17 06:50:33.822 [traceId=095164f3826745438389ae277df3b422] [http-nio-8080-exec-5] DEBUG c.sky.mapper.DishMapper.query_COUNT - <==      Total: 1
2025-04-17 06:50:33.827 [traceId=095164f3826745438389ae277df3b422] [http-nio-8080-exec-5] DEBUG com.sky.mapper.DishMapper.query - ==>  Preparing: select id, name, category_id, price, image, description, status, create_time, update_time, create_user, update_user from dish order by create_time desc LIMIT ?
2025-04-17 06:50:33.828 [traceId=095164f3826745438389ae277df3b422] [http-nio-8080-exec-5] DEBUG com.sky.mapper.DishMapper.query - ==> Parameters: 10(Integer)
2025-04-17 06:50:33.831 [traceId=095164f3826745438389ae277df3b422] [http-nio-8080-exec-5] DEBUG com.sky.mapper.DishMapper.query - <==      Total: 10
2025-04-17 06:50:40.434 [traceId=4e7c8da66c8b451ea323df0afcdec59a] [http-nio-8080-exec-6] DEBUG c.s.mapper.EmployeeMapper.queryByOne - ==>  Preparing: select * from employee where id=?
2025-04-17 06:50:40.435 [traceId=4e7c8da66c8b451ea323df0afcdec59a] [http-nio-8080-exec-6] DEBUG c.s.mapper.EmployeeMapper.queryByOne - ==> Parameters: 1(Long)
2025-04-17 06:50:40.437 [traceId=4e7c8da66c8b451ea323df0afcdec59a] [http-nio-8080-exec-6] DEBUG c.s.mapper.EmployeeMapper.queryByOne - <==      Total: 1
2025-04-17 06:50:40.464 [traceId=4e7c8da66c8b451ea323df0afcdec59a] [http-nio-8080-exec-6] DEBUG c.s.m.CategoryMapper.pageQuery_COUNT - ==>  Preparing: SELECT count(0) FROM category
2025-04-17 06:50:40.464 [traceId=4e7c8da66c8b451ea323df0afcdec59a] [http-nio-8080-exec-6] DEBUG c.s.m.CategoryMapper.pageQuery_COUNT - ==> Parameters: 
2025-04-17 06:50:40.465 [traceId=4e7c8da66c8b451ea323df0afcdec59a] [http-nio-8080-exec-6] DEBUG c.s.m.CategoryMapper.pageQuery_COUNT - <==      Total: 1
2025-04-17 06:50:40.466 [traceId=4e7c8da66c8b451ea323df0afcdec59a] [http-nio-8080-exec-6] DEBUG c.s.mapper.CategoryMapper.pageQuery - ==>  Preparing: select * from category order by sort asc , create_time desc LIMIT ?
2025-04-17 06:50:40.466 [traceId=4e7c8da66c8b451ea323df0afcdec59a] [http-nio-8080-exec-6] DEBUG c.s.mapper.CategoryMapper.pageQuery - ==> Parameters: 10(Integer)
2025-04-17 06:50:40.467 [traceId=4e7c8da66c8b451ea323df0afcdec59a] [http-nio-8080-exec-6] DEBUG c.s.mapper.CategoryMapper.pageQuery - <==      Total: 10
2025-04-17 06:50:41.643 [traceId=08403896743b48fe92eefabf13e9c608] [http-nio-8080-exec-8] DEBUG c.s.mapper.EmployeeMapper.queryByOne - ==>  Preparing: select * from employee where id=?
2025-04-17 06:50:41.643 [traceId=08403896743b48fe92eefabf13e9c608] [http-nio-8080-exec-8] DEBUG c.s.mapper.EmployeeMapper.queryByOne - ==> Parameters: 1(Long)
2025-04-17 06:50:41.644 [traceId=08403896743b48fe92eefabf13e9c608] [http-nio-8080-exec-8] DEBUG c.s.mapper.EmployeeMapper.queryByOne - <==      Total: 1
2025-04-17 06:50:41.650 [traceId=08403896743b48fe92eefabf13e9c608] [http-nio-8080-exec-8] INFO  c.s.c.admin.EmployeeController - EmployeePageQueryDTO(name=null, page=1, pageSize=10)
2025-04-17 06:50:41.655 [traceId=08403896743b48fe92eefabf13e9c608] [http-nio-8080-exec-8] DEBUG c.s.m.EmployeeMapper.pageQuery_COUNT - ==>  Preparing: SELECT count(0) FROM employee
2025-04-17 06:50:41.655 [traceId=08403896743b48fe92eefabf13e9c608] [http-nio-8080-exec-8] DEBUG c.s.m.EmployeeMapper.pageQuery_COUNT - ==> Parameters: 
2025-04-17 06:50:41.656 [traceId=08403896743b48fe92eefabf13e9c608] [http-nio-8080-exec-8] DEBUG c.s.m.EmployeeMapper.pageQuery_COUNT - <==      Total: 1
2025-04-17 06:50:41.656 [traceId=08403896743b48fe92eefabf13e9c608] [http-nio-8080-exec-8] DEBUG c.s.mapper.EmployeeMapper.pageQuery - ==>  Preparing: select id, name, username, password, phone ,sex ,id_number as idNumber, status, create_time as createTime , update_time as updateTime, create_user as createUser, update_user as updateUser from employee order by create_time desc LIMIT ?
2025-04-17 06:50:41.657 [traceId=08403896743b48fe92eefabf13e9c608] [http-nio-8080-exec-8] DEBUG c.s.mapper.EmployeeMapper.pageQuery - ==> Parameters: 10(Integer)
2025-04-17 06:50:41.659 [traceId=08403896743b48fe92eefabf13e9c608] [http-nio-8080-exec-8] DEBUG c.s.mapper.EmployeeMapper.pageQuery - <==      Total: 4
2025-04-17 06:50:42.516 [traceId=10386564ba44425188e1a4b802ea71a0] [http-nio-8080-exec-7] DEBUG c.s.mapper.EmployeeMapper.queryByOne - ==>  Preparing: select * from employee where id=?
2025-04-17 06:50:42.517 [traceId=10386564ba44425188e1a4b802ea71a0] [http-nio-8080-exec-7] DEBUG c.s.mapper.EmployeeMapper.queryByOne - ==> Parameters: 1(Long)
2025-04-17 06:50:42.517 [traceId=10386564ba44425188e1a4b802ea71a0] [http-nio-8080-exec-7] DEBUG c.s.mapper.EmployeeMapper.queryByOne - <==      Total: 1
2025-04-17 06:50:42.519 [traceId=10386564ba44425188e1a4b802ea71a0] [http-nio-8080-exec-7] DEBUG c.s.m.CategoryMapper.pageQuery_COUNT - ==>  Preparing: SELECT count(0) FROM category
2025-04-17 06:50:42.520 [traceId=10386564ba44425188e1a4b802ea71a0] [http-nio-8080-exec-7] DEBUG c.s.m.CategoryMapper.pageQuery_COUNT - ==> Parameters: 
2025-04-17 06:50:42.520 [traceId=10386564ba44425188e1a4b802ea71a0] [http-nio-8080-exec-7] DEBUG c.s.m.CategoryMapper.pageQuery_COUNT - <==      Total: 1
2025-04-17 06:50:42.521 [traceId=10386564ba44425188e1a4b802ea71a0] [http-nio-8080-exec-7] DEBUG c.s.mapper.CategoryMapper.pageQuery - ==>  Preparing: select * from category order by sort asc , create_time desc LIMIT ?
2025-04-17 06:50:42.521 [traceId=10386564ba44425188e1a4b802ea71a0] [http-nio-8080-exec-7] DEBUG c.s.mapper.CategoryMapper.pageQuery - ==> Parameters: 10(Integer)
2025-04-17 06:50:42.522 [traceId=10386564ba44425188e1a4b802ea71a0] [http-nio-8080-exec-7] DEBUG c.s.mapper.CategoryMapper.pageQuery - <==      Total: 10
2025-04-17 06:50:47.724 [traceId=5ba6379c85f14cf3a586bb9750aa8599] [http-nio-8080-exec-9] DEBUG c.s.mapper.EmployeeMapper.queryByOne - ==>  Preparing: select * from employee where id=?
2025-04-17 06:50:47.724 [traceId=b2a45b6b826049a286ca580b873baf23] [http-nio-8080-exec-3] DEBUG c.s.mapper.EmployeeMapper.queryByOne - ==>  Preparing: select * from employee where id=?
2025-04-17 06:50:47.724 [traceId=b2a45b6b826049a286ca580b873baf23] [http-nio-8080-exec-3] DEBUG c.s.mapper.EmployeeMapper.queryByOne - ==> Parameters: 1(Long)
2025-04-17 06:50:47.724 [traceId=5ba6379c85f14cf3a586bb9750aa8599] [http-nio-8080-exec-9] DEBUG c.s.mapper.EmployeeMapper.queryByOne - ==> Parameters: 1(Long)
2025-04-17 06:50:47.725 [traceId=5ba6379c85f14cf3a586bb9750aa8599] [http-nio-8080-exec-9] DEBUG c.s.mapper.EmployeeMapper.queryByOne - <==      Total: 1
2025-04-17 06:50:47.725 [traceId=b2a45b6b826049a286ca580b873baf23] [http-nio-8080-exec-3] DEBUG c.s.mapper.EmployeeMapper.queryByOne - <==      Total: 1
2025-04-17 06:50:47.727 [traceId=b2a45b6b826049a286ca580b873baf23] [http-nio-8080-exec-3] DEBUG com.sky.mapper.CategoryMapper.list - ==>  Preparing: select * from category where status = 1 and type = ? order by sort asc,create_time desc
2025-04-17 06:50:47.727 [traceId=b2a45b6b826049a286ca580b873baf23] [http-nio-8080-exec-3] DEBUG com.sky.mapper.CategoryMapper.list - ==> Parameters: 1(Integer)
2025-04-17 06:50:47.727 [traceId=5ba6379c85f14cf3a586bb9750aa8599] [http-nio-8080-exec-9] DEBUG c.sky.mapper.DishMapper.query_COUNT - ==>  Preparing: SELECT count(0) FROM dish
2025-04-17 06:50:47.728 [traceId=5ba6379c85f14cf3a586bb9750aa8599] [http-nio-8080-exec-9] DEBUG c.sky.mapper.DishMapper.query_COUNT - ==> Parameters: 
2025-04-17 06:50:47.728 [traceId=b2a45b6b826049a286ca580b873baf23] [http-nio-8080-exec-3] DEBUG com.sky.mapper.CategoryMapper.list - <==      Total: 8
2025-04-17 06:50:47.728 [traceId=5ba6379c85f14cf3a586bb9750aa8599] [http-nio-8080-exec-9] DEBUG c.sky.mapper.DishMapper.query_COUNT - <==      Total: 1
2025-04-17 06:50:47.729 [traceId=5ba6379c85f14cf3a586bb9750aa8599] [http-nio-8080-exec-9] DEBUG com.sky.mapper.DishMapper.query - ==>  Preparing: select id, name, category_id, price, image, description, status, create_time, update_time, create_user, update_user from dish order by create_time desc LIMIT ?
2025-04-17 06:50:47.729 [traceId=5ba6379c85f14cf3a586bb9750aa8599] [http-nio-8080-exec-9] DEBUG com.sky.mapper.DishMapper.query - ==> Parameters: 10(Integer)
2025-04-17 06:50:47.731 [traceId=5ba6379c85f14cf3a586bb9750aa8599] [http-nio-8080-exec-9] DEBUG com.sky.mapper.DishMapper.query - <==      Total: 10
2025-04-17 06:50:52.876 [traceId=e8af18a7b1124d2aa9ef8dcd9ecf4df7] [http-nio-8080-exec-10] DEBUG c.s.mapper.EmployeeMapper.queryByOne - ==>  Preparing: select * from employee where id=?
2025-04-17 06:50:52.876 [traceId=e8af18a7b1124d2aa9ef8dcd9ecf4df7] [http-nio-8080-exec-10] DEBUG c.s.mapper.EmployeeMapper.queryByOne - ==> Parameters: 1(Long)
2025-04-17 06:50:52.877 [traceId=e8af18a7b1124d2aa9ef8dcd9ecf4df7] [http-nio-8080-exec-10] DEBUG c.s.mapper.EmployeeMapper.queryByOne - <==      Total: 1
2025-04-17 06:50:52.919 [traceId=e8af18a7b1124d2aa9ef8dcd9ecf4df7] [http-nio-8080-exec-10] DEBUG c.sky.mapper.DishMapper.selectByList - ==>  Preparing: select id, name, category_id, price, image, description, status, create_time, update_time, create_user, update_user from dish where id in ( ? )
2025-04-17 06:50:52.920 [traceId=e8af18a7b1124d2aa9ef8dcd9ecf4df7] [http-nio-8080-exec-10] DEBUG c.sky.mapper.DishMapper.selectByList - ==> Parameters: 71(Long)
2025-04-17 06:50:52.922 [traceId=e8af18a7b1124d2aa9ef8dcd9ecf4df7] [http-nio-8080-exec-10] DEBUG c.sky.mapper.DishMapper.selectByList - <==      Total: 1
2025-04-17 06:50:52.924 [traceId=e8af18a7b1124d2aa9ef8dcd9ecf4df7] [http-nio-8080-exec-10] DEBUG c.s.m.S.getMealIdsByDishIds - ==>  Preparing: select dish_id from setmeal_dish where dish_id in ( ? )
2025-04-17 06:50:52.924 [traceId=e8af18a7b1124d2aa9ef8dcd9ecf4df7] [http-nio-8080-exec-10] DEBUG c.s.m.S.getMealIdsByDishIds - ==> Parameters: 71(Long)
2025-04-17 06:50:52.928 [traceId=e8af18a7b1124d2aa9ef8dcd9ecf4df7] [http-nio-8080-exec-10] DEBUG c.s.m.S.getMealIdsByDishIds - <==      Total: 0
2025-04-17 06:50:52.929 [traceId=e8af18a7b1124d2aa9ef8dcd9ecf4df7] [http-nio-8080-exec-10] DEBUG c.sky.mapper.DishMapper.deleteBatch - ==>  Preparing: delete from dish where id in ( ? )
2025-04-17 06:50:52.929 [traceId=e8af18a7b1124d2aa9ef8dcd9ecf4df7] [http-nio-8080-exec-10] DEBUG c.sky.mapper.DishMapper.deleteBatch - ==> Parameters: 71(Long)
2025-04-17 06:50:52.931 [traceId=e8af18a7b1124d2aa9ef8dcd9ecf4df7] [http-nio-8080-exec-10] DEBUG c.sky.mapper.DishMapper.deleteBatch - <==    Updates: 1
2025-04-17 06:50:52.932 [traceId=e8af18a7b1124d2aa9ef8dcd9ecf4df7] [http-nio-8080-exec-10] DEBUG c.s.mapper.DishFlavorMapper.delBatch - ==>  Preparing: delete from dish_flavor where dish_id in ( ? )
2025-04-17 06:50:52.932 [traceId=e8af18a7b1124d2aa9ef8dcd9ecf4df7] [http-nio-8080-exec-10] DEBUG c.s.mapper.DishFlavorMapper.delBatch - ==> Parameters: 71(Long)
2025-04-17 06:50:52.933 [traceId=e8af18a7b1124d2aa9ef8dcd9ecf4df7] [http-nio-8080-exec-10] DEBUG c.s.mapper.DishFlavorMapper.delBatch - <==    Updates: 3
2025-04-17 06:50:52.946 [traceId=e65a0809867044eb830121ad9cfded21] [http-nio-8080-exec-2] DEBUG c.s.mapper.EmployeeMapper.queryByOne - ==>  Preparing: select * from employee where id=?
2025-04-17 06:50:52.946 [traceId=e65a0809867044eb830121ad9cfded21] [http-nio-8080-exec-2] DEBUG c.s.mapper.EmployeeMapper.queryByOne - ==> Parameters: 1(Long)
2025-04-17 06:50:52.947 [traceId=e65a0809867044eb830121ad9cfded21] [http-nio-8080-exec-2] DEBUG c.s.mapper.EmployeeMapper.queryByOne - <==      Total: 1
2025-04-17 06:50:52.948 [traceId=e65a0809867044eb830121ad9cfded21] [http-nio-8080-exec-2] DEBUG c.sky.mapper.DishMapper.query_COUNT - ==>  Preparing: SELECT count(0) FROM dish
2025-04-17 06:50:52.948 [traceId=e65a0809867044eb830121ad9cfded21] [http-nio-8080-exec-2] DEBUG c.sky.mapper.DishMapper.query_COUNT - ==> Parameters: 
2025-04-17 06:50:52.949 [traceId=e65a0809867044eb830121ad9cfded21] [http-nio-8080-exec-2] DEBUG c.sky.mapper.DishMapper.query_COUNT - <==      Total: 1
2025-04-17 06:50:52.949 [traceId=e65a0809867044eb830121ad9cfded21] [http-nio-8080-exec-2] DEBUG com.sky.mapper.DishMapper.query - ==>  Preparing: select id, name, category_id, price, image, description, status, create_time, update_time, create_user, update_user from dish order by create_time desc LIMIT ?
2025-04-17 06:50:52.949 [traceId=e65a0809867044eb830121ad9cfded21] [http-nio-8080-exec-2] DEBUG com.sky.mapper.DishMapper.query - ==> Parameters: 10(Integer)
2025-04-17 06:50:52.950 [traceId=e65a0809867044eb830121ad9cfded21] [http-nio-8080-exec-2] DEBUG com.sky.mapper.DishMapper.query - <==      Total: 10
2025-04-17 06:51:01.139 [traceId=d3be607407a94f4181419bfc32cc47ab] [http-nio-8080-exec-1] DEBUG c.s.mapper.EmployeeMapper.queryByOne - ==>  Preparing: select * from employee where id=?
2025-04-17 06:51:01.139 [traceId=d3be607407a94f4181419bfc32cc47ab] [http-nio-8080-exec-1] DEBUG c.s.mapper.EmployeeMapper.queryByOne - ==> Parameters: 1(Long)
2025-04-17 06:51:01.141 [traceId=d3be607407a94f4181419bfc32cc47ab] [http-nio-8080-exec-1] DEBUG c.s.mapper.EmployeeMapper.queryByOne - <==      Total: 1
2025-04-17 06:51:01.142 [traceId=d3be607407a94f4181419bfc32cc47ab] [http-nio-8080-exec-1] DEBUG com.sky.mapper.CategoryMapper.list - ==>  Preparing: select * from category where status = 1 and type = ? order by sort asc,create_time desc
2025-04-17 06:51:01.142 [traceId=d3be607407a94f4181419bfc32cc47ab] [http-nio-8080-exec-1] DEBUG com.sky.mapper.CategoryMapper.list - ==> Parameters: 1(Integer)
2025-04-17 06:51:01.146 [traceId=d3be607407a94f4181419bfc32cc47ab] [http-nio-8080-exec-1] DEBUG com.sky.mapper.CategoryMapper.list - <==      Total: 8
2025-04-17 06:51:03.053 [traceId=5b203f3a65a14173b7e2a11b511107b6] [http-nio-8080-exec-5] DEBUG c.s.mapper.EmployeeMapper.queryByOne - ==>  Preparing: select * from employee where id=?
2025-04-17 06:51:03.053 [traceId=8a540f2440f44bb29dae2a957ee7b7a6] [http-nio-8080-exec-4] DEBUG c.s.mapper.EmployeeMapper.queryByOne - ==>  Preparing: select * from employee where id=?
2025-04-17 06:51:03.053 [traceId=5b203f3a65a14173b7e2a11b511107b6] [http-nio-8080-exec-5] DEBUG c.s.mapper.EmployeeMapper.queryByOne - ==> Parameters: 1(Long)
2025-04-17 06:51:03.053 [traceId=8a540f2440f44bb29dae2a957ee7b7a6] [http-nio-8080-exec-4] DEBUG c.s.mapper.EmployeeMapper.queryByOne - ==> Parameters: 1(Long)
2025-04-17 06:51:03.055 [traceId=5b203f3a65a14173b7e2a11b511107b6] [http-nio-8080-exec-5] DEBUG c.s.mapper.EmployeeMapper.queryByOne - <==      Total: 1
2025-04-17 06:51:03.055 [traceId=8a540f2440f44bb29dae2a957ee7b7a6] [http-nio-8080-exec-4] DEBUG c.s.mapper.EmployeeMapper.queryByOne - <==      Total: 1
2025-04-17 06:51:03.056 [traceId=5b203f3a65a14173b7e2a11b511107b6] [http-nio-8080-exec-5] DEBUG com.sky.mapper.CategoryMapper.list - ==>  Preparing: select * from category where status = 1 and type = ? order by sort asc,create_time desc
2025-04-17 06:51:03.056 [traceId=5b203f3a65a14173b7e2a11b511107b6] [http-nio-8080-exec-5] DEBUG com.sky.mapper.CategoryMapper.list - ==> Parameters: 1(Integer)
2025-04-17 06:51:03.057 [traceId=5b203f3a65a14173b7e2a11b511107b6] [http-nio-8080-exec-5] DEBUG com.sky.mapper.CategoryMapper.list - <==      Total: 8
2025-04-17 06:51:03.058 [traceId=8a540f2440f44bb29dae2a957ee7b7a6] [http-nio-8080-exec-4] DEBUG c.sky.mapper.DishMapper.query_COUNT - ==>  Preparing: SELECT count(0) FROM dish
2025-04-17 06:51:03.058 [traceId=8a540f2440f44bb29dae2a957ee7b7a6] [http-nio-8080-exec-4] DEBUG c.sky.mapper.DishMapper.query_COUNT - ==> Parameters: 
2025-04-17 06:51:03.058 [traceId=8a540f2440f44bb29dae2a957ee7b7a6] [http-nio-8080-exec-4] DEBUG c.sky.mapper.DishMapper.query_COUNT - <==      Total: 1
2025-04-17 06:51:03.059 [traceId=8a540f2440f44bb29dae2a957ee7b7a6] [http-nio-8080-exec-4] DEBUG com.sky.mapper.DishMapper.query - ==>  Preparing: select id, name, category_id, price, image, description, status, create_time, update_time, create_user, update_user from dish order by create_time desc LIMIT ?
2025-04-17 06:51:03.059 [traceId=8a540f2440f44bb29dae2a957ee7b7a6] [http-nio-8080-exec-4] DEBUG com.sky.mapper.DishMapper.query - ==> Parameters: 10(Integer)
2025-04-17 06:51:03.067 [traceId=8a540f2440f44bb29dae2a957ee7b7a6] [http-nio-8080-exec-4] DEBUG com.sky.mapper.DishMapper.query - <==      Total: 10
2025-04-17 06:51:11.352 [traceId=b3b32a9ec3ae4bb7b9e4e09cbcb068c8] [http-nio-8080-exec-8] DEBUG c.s.mapper.EmployeeMapper.queryByOne - ==>  Preparing: select * from employee where id=?
2025-04-17 06:51:11.352 [traceId=19d12a71fb7b4a299437d4098fb96714] [http-nio-8080-exec-6] DEBUG c.s.mapper.EmployeeMapper.queryByOne - ==>  Preparing: select * from employee where id=?
2025-04-17 06:51:11.352 [traceId=19d12a71fb7b4a299437d4098fb96714] [http-nio-8080-exec-6] DEBUG c.s.mapper.EmployeeMapper.queryByOne - ==> Parameters: 1(Long)
2025-04-17 06:51:11.352 [traceId=b3b32a9ec3ae4bb7b9e4e09cbcb068c8] [http-nio-8080-exec-8] DEBUG c.s.mapper.EmployeeMapper.queryByOne - ==> Parameters: 1(Long)
2025-04-17 06:51:11.355 [traceId=19d12a71fb7b4a299437d4098fb96714] [http-nio-8080-exec-6] DEBUG c.s.mapper.EmployeeMapper.queryByOne - <==      Total: 1
2025-04-17 06:51:11.358 [traceId=b3b32a9ec3ae4bb7b9e4e09cbcb068c8] [http-nio-8080-exec-8] DEBUG c.s.mapper.EmployeeMapper.queryByOne - <==      Total: 1
2025-04-17 06:51:11.358 [traceId=19d12a71fb7b4a299437d4098fb96714] [http-nio-8080-exec-6] DEBUG com.sky.mapper.CategoryMapper.list - ==>  Preparing: select * from category where status = 1 and type = ? order by sort asc,create_time desc
2025-04-17 06:51:11.358 [traceId=b3b32a9ec3ae4bb7b9e4e09cbcb068c8] [http-nio-8080-exec-8] DEBUG com.sky.mapper.DishMapper.queryByOne - ==>  Preparing: select id, name, category_id, price, image, description, status, create_time, update_time, create_user, update_user from dish where id =?
2025-04-17 06:51:11.370 [traceId=19d12a71fb7b4a299437d4098fb96714] [http-nio-8080-exec-6] DEBUG com.sky.mapper.CategoryMapper.list - ==> Parameters: 1(Integer)
2025-04-17 06:51:11.380 [traceId=b3b32a9ec3ae4bb7b9e4e09cbcb068c8] [http-nio-8080-exec-8] DEBUG com.sky.mapper.DishMapper.queryByOne - ==> Parameters: 69(Long)
2025-04-17 06:51:11.381 [traceId=b3b32a9ec3ae4bb7b9e4e09cbcb068c8] [http-nio-8080-exec-8] DEBUG com.sky.mapper.DishMapper.queryByOne - <==      Total: 1
2025-04-17 06:51:11.381 [traceId=19d12a71fb7b4a299437d4098fb96714] [http-nio-8080-exec-6] DEBUG com.sky.mapper.CategoryMapper.list - <==      Total: 8
2025-04-17 06:51:11.381 [traceId=b3b32a9ec3ae4bb7b9e4e09cbcb068c8] [http-nio-8080-exec-8] DEBUG c.sky.mapper.DishFlavorMapper.query - ==>  Preparing: select id,dish_id,name,value from dish_flavor where dish_id=?
2025-04-17 06:51:11.382 [traceId=b3b32a9ec3ae4bb7b9e4e09cbcb068c8] [http-nio-8080-exec-8] DEBUG c.sky.mapper.DishFlavorMapper.query - ==> Parameters: 69(Long)
2025-04-17 06:51:11.382 [traceId=b3b32a9ec3ae4bb7b9e4e09cbcb068c8] [http-nio-8080-exec-8] DEBUG c.sky.mapper.DishFlavorMapper.query - <==      Total: 0
2025-04-17 06:51:23.092 [traceId=46534148918944bd86ac1ecfa17f58b1] [http-nio-8080-exec-7] DEBUG c.s.mapper.EmployeeMapper.queryByOne - ==>  Preparing: select * from employee where id=?
2025-04-17 06:51:23.092 [traceId=46534148918944bd86ac1ecfa17f58b1] [http-nio-8080-exec-7] DEBUG c.s.mapper.EmployeeMapper.queryByOne - ==> Parameters: 1(Long)
2025-04-17 06:51:23.093 [traceId=46534148918944bd86ac1ecfa17f58b1] [http-nio-8080-exec-7] DEBUG c.s.mapper.EmployeeMapper.queryByOne - <==      Total: 1
2025-04-17 06:51:23.766 [traceId=46534148918944bd86ac1ecfa17f58b1] [http-nio-8080-exec-7] INFO  com.sky.utils.MinioUtil - 上传成功：http://localhost:9000/mybucket/2025-04-17/ccb732ec6050471ca013b8f777d47f97.jpg
2025-04-17 06:51:25.165 [traceId=0ca3b26eab8946a49c38bd788161a549] [http-nio-8080-exec-3] DEBUG c.s.mapper.EmployeeMapper.queryByOne - ==>  Preparing: select * from employee where id=?
2025-04-17 06:51:25.165 [traceId=0ca3b26eab8946a49c38bd788161a549] [http-nio-8080-exec-3] DEBUG c.s.mapper.EmployeeMapper.queryByOne - ==> Parameters: 1(Long)
2025-04-17 06:51:25.166 [traceId=0ca3b26eab8946a49c38bd788161a549] [http-nio-8080-exec-3] DEBUG c.s.mapper.EmployeeMapper.queryByOne - <==      Total: 1
2025-04-17 06:51:25.174 [traceId=0ca3b26eab8946a49c38bd788161a549] [http-nio-8080-exec-3] DEBUG com.sky.mapper.DishMapper.update - ==>  Preparing: update dish SET name=?, category_id= ?, price= ?, image= ?, description =?, status=?, update_time=?, update_user=? where id=?
2025-04-17 06:51:25.174 [traceId=0ca3b26eab8946a49c38bd788161a549] [http-nio-8080-exec-3] DEBUG com.sky.mapper.DishMapper.update - ==> Parameters: 平菇豆腐汤(String), 21(Long), 6(BigDecimal), http://localhost:9000/mybucket/2025-04-17/ccb732ec6050471ca013b8f777d47f97.jpg(String), 配料：豆腐，平菇(String), 0(Integer), 2025-04-17T06:51:25.173808(LocalDateTime), 1(Long), 69(Long)
2025-04-17 06:51:25.181 [traceId=0ca3b26eab8946a49c38bd788161a549] [http-nio-8080-exec-3] DEBUG com.sky.mapper.DishMapper.update - <==    Updates: 1
2025-04-17 06:51:25.725 [traceId=17230709deb9403083de2ea7d01a968b] [http-nio-8080-exec-9] DEBUG c.s.mapper.EmployeeMapper.queryByOne - ==>  Preparing: select * from employee where id=?
2025-04-17 06:51:25.725 [traceId=3a747f3356a0485887ca7ade4b270234] [http-nio-8080-exec-10] DEBUG c.s.mapper.EmployeeMapper.queryByOne - ==>  Preparing: select * from employee where id=?
2025-04-17 06:51:25.726 [traceId=17230709deb9403083de2ea7d01a968b] [http-nio-8080-exec-9] DEBUG c.s.mapper.EmployeeMapper.queryByOne - ==> Parameters: 1(Long)
2025-04-17 06:51:25.726 [traceId=3a747f3356a0485887ca7ade4b270234] [http-nio-8080-exec-10] DEBUG c.s.mapper.EmployeeMapper.queryByOne - ==> Parameters: 1(Long)
2025-04-17 06:51:25.727 [traceId=17230709deb9403083de2ea7d01a968b] [http-nio-8080-exec-9] DEBUG c.s.mapper.EmployeeMapper.queryByOne - <==      Total: 1
2025-04-17 06:51:25.728 [traceId=3a747f3356a0485887ca7ade4b270234] [http-nio-8080-exec-10] DEBUG c.s.mapper.EmployeeMapper.queryByOne - <==      Total: 1
2025-04-17 06:51:25.731 [traceId=3a747f3356a0485887ca7ade4b270234] [http-nio-8080-exec-10] DEBUG com.sky.mapper.CategoryMapper.list - ==>  Preparing: select * from category where status = 1 and type = ? order by sort asc,create_time desc
2025-04-17 06:51:25.731 [traceId=17230709deb9403083de2ea7d01a968b] [http-nio-8080-exec-9] DEBUG c.sky.mapper.DishMapper.query_COUNT - ==>  Preparing: SELECT count(0) FROM dish
2025-04-17 06:51:25.731 [traceId=17230709deb9403083de2ea7d01a968b] [http-nio-8080-exec-9] DEBUG c.sky.mapper.DishMapper.query_COUNT - ==> Parameters: 
2025-04-17 06:51:25.731 [traceId=3a747f3356a0485887ca7ade4b270234] [http-nio-8080-exec-10] DEBUG com.sky.mapper.CategoryMapper.list - ==> Parameters: 1(Integer)
2025-04-17 06:51:25.732 [traceId=17230709deb9403083de2ea7d01a968b] [http-nio-8080-exec-9] DEBUG c.sky.mapper.DishMapper.query_COUNT - <==      Total: 1
2025-04-17 06:51:25.732 [traceId=17230709deb9403083de2ea7d01a968b] [http-nio-8080-exec-9] DEBUG com.sky.mapper.DishMapper.query - ==>  Preparing: select id, name, category_id, price, image, description, status, create_time, update_time, create_user, update_user from dish order by create_time desc LIMIT ?
2025-04-17 06:51:25.732 [traceId=3a747f3356a0485887ca7ade4b270234] [http-nio-8080-exec-10] DEBUG com.sky.mapper.CategoryMapper.list - <==      Total: 8
2025-04-17 06:51:25.732 [traceId=17230709deb9403083de2ea7d01a968b] [http-nio-8080-exec-9] DEBUG com.sky.mapper.DishMapper.query - ==> Parameters: 10(Integer)
2025-04-17 06:51:25.738 [traceId=17230709deb9403083de2ea7d01a968b] [http-nio-8080-exec-9] DEBUG com.sky.mapper.DishMapper.query - <==      Total: 10
2025-04-17 06:51:37.580 [traceId=9c3d0fe26ee1461d86e73c21e47fe662] [http-nio-8080-exec-2] DEBUG c.s.mapper.EmployeeMapper.queryByOne - ==>  Preparing: select * from employee where id=?
2025-04-17 06:51:37.580 [traceId=9c3d0fe26ee1461d86e73c21e47fe662] [http-nio-8080-exec-2] DEBUG c.s.mapper.EmployeeMapper.queryByOne - ==> Parameters: 1(Long)
2025-04-17 06:51:37.581 [traceId=9c3d0fe26ee1461d86e73c21e47fe662] [http-nio-8080-exec-2] DEBUG c.s.mapper.EmployeeMapper.queryByOne - <==      Total: 1
2025-04-17 06:51:37.583 [traceId=9c3d0fe26ee1461d86e73c21e47fe662] [http-nio-8080-exec-2] DEBUG c.s.m.CategoryMapper.pageQuery_COUNT - ==>  Preparing: SELECT count(0) FROM category
2025-04-17 06:51:37.583 [traceId=9c3d0fe26ee1461d86e73c21e47fe662] [http-nio-8080-exec-2] DEBUG c.s.m.CategoryMapper.pageQuery_COUNT - ==> Parameters: 
2025-04-17 06:51:37.585 [traceId=9c3d0fe26ee1461d86e73c21e47fe662] [http-nio-8080-exec-2] DEBUG c.s.m.CategoryMapper.pageQuery_COUNT - <==      Total: 1
2025-04-17 06:51:37.585 [traceId=9c3d0fe26ee1461d86e73c21e47fe662] [http-nio-8080-exec-2] DEBUG c.s.mapper.CategoryMapper.pageQuery - ==>  Preparing: select * from category order by sort asc , create_time desc LIMIT ?
2025-04-17 06:51:37.586 [traceId=9c3d0fe26ee1461d86e73c21e47fe662] [http-nio-8080-exec-2] DEBUG c.s.mapper.CategoryMapper.pageQuery - ==> Parameters: 10(Integer)
2025-04-17 06:51:37.599 [traceId=9c3d0fe26ee1461d86e73c21e47fe662] [http-nio-8080-exec-2] DEBUG c.s.mapper.CategoryMapper.pageQuery - <==      Total: 10
2025-04-17 06:51:38.211 [traceId=268973a1a1504d589944d219760684a3] [http-nio-8080-exec-1] DEBUG c.s.mapper.EmployeeMapper.queryByOne - ==>  Preparing: select * from employee where id=?
2025-04-17 06:51:38.211 [traceId=268973a1a1504d589944d219760684a3] [http-nio-8080-exec-1] DEBUG c.s.mapper.EmployeeMapper.queryByOne - ==> Parameters: 1(Long)
2025-04-17 06:51:38.213 [traceId=268973a1a1504d589944d219760684a3] [http-nio-8080-exec-1] DEBUG c.s.mapper.EmployeeMapper.queryByOne - <==      Total: 1
2025-04-17 06:51:38.214 [traceId=268973a1a1504d589944d219760684a3] [http-nio-8080-exec-1] INFO  c.s.c.admin.EmployeeController - EmployeePageQueryDTO(name=null, page=1, pageSize=10)
2025-04-17 06:51:38.215 [traceId=268973a1a1504d589944d219760684a3] [http-nio-8080-exec-1] DEBUG c.s.m.EmployeeMapper.pageQuery_COUNT - ==>  Preparing: SELECT count(0) FROM employee
2025-04-17 06:51:38.215 [traceId=268973a1a1504d589944d219760684a3] [http-nio-8080-exec-1] DEBUG c.s.m.EmployeeMapper.pageQuery_COUNT - ==> Parameters: 
2025-04-17 06:51:38.216 [traceId=268973a1a1504d589944d219760684a3] [http-nio-8080-exec-1] DEBUG c.s.m.EmployeeMapper.pageQuery_COUNT - <==      Total: 1
2025-04-17 06:51:38.216 [traceId=268973a1a1504d589944d219760684a3] [http-nio-8080-exec-1] DEBUG c.s.mapper.EmployeeMapper.pageQuery - ==>  Preparing: select id, name, username, password, phone ,sex ,id_number as idNumber, status, create_time as createTime , update_time as updateTime, create_user as createUser, update_user as updateUser from employee order by create_time desc LIMIT ?
2025-04-17 06:51:38.216 [traceId=268973a1a1504d589944d219760684a3] [http-nio-8080-exec-1] DEBUG c.s.mapper.EmployeeMapper.pageQuery - ==> Parameters: 10(Integer)
2025-04-17 06:51:38.217 [traceId=268973a1a1504d589944d219760684a3] [http-nio-8080-exec-1] DEBUG c.s.mapper.EmployeeMapper.pageQuery - <==      Total: 4
2025-04-17 06:51:44.277 [traceId=8f2c65bf35404f48b1bea11cbc90dea5] [http-nio-8080-exec-5] WARN  o.s.web.servlet.PageNotFound - No mapping for PUT /admin/shop/0
2025-04-17 06:51:50.738 [traceId=2f4c6d507a9149298604eeb19b71c505] [http-nio-8080-exec-6] WARN  o.s.web.servlet.PageNotFound - No mapping for GET /admin/report/userStatistics
2025-04-17 06:51:50.738 [traceId=ea09e730f5f64e1ca11ead2d90d2f181] [http-nio-8080-exec-4] WARN  o.s.web.servlet.PageNotFound - No mapping for GET /admin/report/turnoverStatistics
2025-04-17 06:51:50.739 [traceId=2cb95e6c6c284c368e2f45a87e94e780] [http-nio-8080-exec-7] WARN  o.s.web.servlet.PageNotFound - No mapping for GET /admin/report/top10
2025-04-17 06:51:50.739 [traceId=23ddb11a521f4877b45c70baebb95d77] [http-nio-8080-exec-8] WARN  o.s.web.servlet.PageNotFound - No mapping for GET /admin/report/ordersStatistics
2025-04-17 06:51:52.009 [traceId=b22e1e9140a040a4a137a74362f3a3fd] [http-nio-8080-exec-3] WARN  o.s.web.servlet.PageNotFound - No mapping for GET /admin/order/conditionSearch
2025-04-17 06:51:52.009 [traceId=e38cb902121243948112231f2d1fca8b] [http-nio-8080-exec-10] WARN  o.s.web.servlet.PageNotFound - No mapping for GET /admin/workspace/businessData
2025-04-17 06:51:52.024 [traceId=d1e83ed78ab84a4eba074d11dbfa2a33] [http-nio-8080-exec-9] WARN  o.s.web.servlet.PageNotFound - No mapping for GET /admin/workspace/overviewOrders
2025-04-17 06:51:52.027 [traceId=1f1d365737164591a4e555a3ba9c613c] [http-nio-8080-exec-2] WARN  o.s.web.servlet.PageNotFound - No mapping for GET /admin/workspace/overviewDishes
2025-04-17 06:51:52.027 [traceId=23e3544d08e74257840d37afde25dcda] [http-nio-8080-exec-1] WARN  o.s.web.servlet.PageNotFound - No mapping for GET /admin/workspace/overviewSetmeals
2025-04-17 06:51:55.720 [traceId=303437b9b5d44ed8abf63e0ba6484780] [http-nio-8080-exec-5] DEBUG c.s.mapper.EmployeeMapper.queryByOne - ==>  Preparing: select * from employee where id=?
2025-04-17 06:51:55.720 [traceId=303437b9b5d44ed8abf63e0ba6484780] [http-nio-8080-exec-5] DEBUG c.s.mapper.EmployeeMapper.queryByOne - ==> Parameters: 1(Long)
2025-04-17 06:51:55.723 [traceId=303437b9b5d44ed8abf63e0ba6484780] [http-nio-8080-exec-5] DEBUG c.s.mapper.EmployeeMapper.queryByOne - <==      Total: 1
2025-04-17 06:51:55.723 [traceId=303437b9b5d44ed8abf63e0ba6484780] [http-nio-8080-exec-5] INFO  c.s.c.admin.EmployeeController - EmployeePageQueryDTO(name=null, page=1, pageSize=10)
2025-04-17 06:51:55.724 [traceId=303437b9b5d44ed8abf63e0ba6484780] [http-nio-8080-exec-5] DEBUG c.s.m.EmployeeMapper.pageQuery_COUNT - ==>  Preparing: SELECT count(0) FROM employee
2025-04-17 06:51:55.725 [traceId=303437b9b5d44ed8abf63e0ba6484780] [http-nio-8080-exec-5] DEBUG c.s.m.EmployeeMapper.pageQuery_COUNT - ==> Parameters: 
2025-04-17 06:51:55.725 [traceId=303437b9b5d44ed8abf63e0ba6484780] [http-nio-8080-exec-5] DEBUG c.s.m.EmployeeMapper.pageQuery_COUNT - <==      Total: 1
2025-04-17 06:51:55.725 [traceId=303437b9b5d44ed8abf63e0ba6484780] [http-nio-8080-exec-5] DEBUG c.s.mapper.EmployeeMapper.pageQuery - ==>  Preparing: select id, name, username, password, phone ,sex ,id_number as idNumber, status, create_time as createTime , update_time as updateTime, create_user as createUser, update_user as updateUser from employee order by create_time desc LIMIT ?
2025-04-17 06:51:55.726 [traceId=303437b9b5d44ed8abf63e0ba6484780] [http-nio-8080-exec-5] DEBUG c.s.mapper.EmployeeMapper.pageQuery - ==> Parameters: 10(Integer)
2025-04-17 06:51:55.726 [traceId=303437b9b5d44ed8abf63e0ba6484780] [http-nio-8080-exec-5] DEBUG c.s.mapper.EmployeeMapper.pageQuery - <==      Total: 4
2025-04-17 06:51:56.569 [traceId=944e9a76807c492a91723cf667ebf0b0] [http-nio-8080-exec-4] DEBUG c.s.mapper.EmployeeMapper.queryByOne - ==>  Preparing: select * from employee where id=?
2025-04-17 06:51:56.569 [traceId=944e9a76807c492a91723cf667ebf0b0] [http-nio-8080-exec-4] DEBUG c.s.mapper.EmployeeMapper.queryByOne - ==> Parameters: 1(Long)
2025-04-17 06:51:56.570 [traceId=944e9a76807c492a91723cf667ebf0b0] [http-nio-8080-exec-4] DEBUG c.s.mapper.EmployeeMapper.queryByOne - <==      Total: 1
2025-04-17 06:51:56.572 [traceId=944e9a76807c492a91723cf667ebf0b0] [http-nio-8080-exec-4] DEBUG c.s.m.CategoryMapper.pageQuery_COUNT - ==>  Preparing: SELECT count(0) FROM category
2025-04-17 06:51:56.572 [traceId=944e9a76807c492a91723cf667ebf0b0] [http-nio-8080-exec-4] DEBUG c.s.m.CategoryMapper.pageQuery_COUNT - ==> Parameters: 
2025-04-17 06:51:56.573 [traceId=944e9a76807c492a91723cf667ebf0b0] [http-nio-8080-exec-4] DEBUG c.s.m.CategoryMapper.pageQuery_COUNT - <==      Total: 1
2025-04-17 06:51:56.573 [traceId=944e9a76807c492a91723cf667ebf0b0] [http-nio-8080-exec-4] DEBUG c.s.mapper.CategoryMapper.pageQuery - ==>  Preparing: select * from category order by sort asc , create_time desc LIMIT ?
2025-04-17 06:51:56.574 [traceId=944e9a76807c492a91723cf667ebf0b0] [http-nio-8080-exec-4] DEBUG c.s.mapper.CategoryMapper.pageQuery - ==> Parameters: 10(Integer)
2025-04-17 06:51:56.577 [traceId=944e9a76807c492a91723cf667ebf0b0] [http-nio-8080-exec-4] DEBUG c.s.mapper.CategoryMapper.pageQuery - <==      Total: 10
2025-04-17 06:51:57.417 [traceId=867a8c90dd7e4bdc8ae10831f1c92636] [http-nio-8080-exec-8] WARN  o.s.web.servlet.PageNotFound - No mapping for GET /admin/report/ordersStatistics
2025-04-17 06:51:57.417 [traceId=d4fce8114cae486e915607cf3ec44307] [http-nio-8080-exec-6] WARN  o.s.web.servlet.PageNotFound - No mapping for GET /admin/report/userStatistics
2025-04-17 06:51:57.417 [traceId=2ca8480c104e4e3dae908ef8c0369a06] [http-nio-8080-exec-7] WARN  o.s.web.servlet.PageNotFound - No mapping for GET /admin/report/turnoverStatistics
2025-04-17 06:51:57.417 [traceId=70cd14ea23f440748a4c3cd0e56f25c7] [http-nio-8080-exec-3] WARN  o.s.web.servlet.PageNotFound - No mapping for GET /admin/report/top10
2025-04-17 06:51:59.795 [traceId=138b3469efd84f78a434f1a651005f7f] [http-nio-8080-exec-10] DEBUG c.s.mapper.EmployeeMapper.queryByOne - ==>  Preparing: select * from employee where id=?
2025-04-17 06:51:59.796 [traceId=138b3469efd84f78a434f1a651005f7f] [http-nio-8080-exec-10] DEBUG c.s.mapper.EmployeeMapper.queryByOne - ==> Parameters: 1(Long)
2025-04-17 06:51:59.797 [traceId=138b3469efd84f78a434f1a651005f7f] [http-nio-8080-exec-10] DEBUG c.s.mapper.EmployeeMapper.queryByOne - <==      Total: 1
2025-04-17 06:51:59.797 [traceId=138b3469efd84f78a434f1a651005f7f] [http-nio-8080-exec-10] INFO  c.s.c.admin.EmployeeController - EmployeePageQueryDTO(name=null, page=1, pageSize=10)
2025-04-17 06:51:59.798 [traceId=138b3469efd84f78a434f1a651005f7f] [http-nio-8080-exec-10] DEBUG c.s.m.EmployeeMapper.pageQuery_COUNT - ==>  Preparing: SELECT count(0) FROM employee
2025-04-17 06:51:59.798 [traceId=138b3469efd84f78a434f1a651005f7f] [http-nio-8080-exec-10] DEBUG c.s.m.EmployeeMapper.pageQuery_COUNT - ==> Parameters: 
2025-04-17 06:51:59.799 [traceId=138b3469efd84f78a434f1a651005f7f] [http-nio-8080-exec-10] DEBUG c.s.m.EmployeeMapper.pageQuery_COUNT - <==      Total: 1
2025-04-17 06:51:59.799 [traceId=138b3469efd84f78a434f1a651005f7f] [http-nio-8080-exec-10] DEBUG c.s.mapper.EmployeeMapper.pageQuery - ==>  Preparing: select id, name, username, password, phone ,sex ,id_number as idNumber, status, create_time as createTime , update_time as updateTime, create_user as createUser, update_user as updateUser from employee order by create_time desc LIMIT ?
2025-04-17 06:51:59.800 [traceId=138b3469efd84f78a434f1a651005f7f] [http-nio-8080-exec-10] DEBUG c.s.mapper.EmployeeMapper.pageQuery - ==> Parameters: 10(Integer)
2025-04-17 06:51:59.801 [traceId=138b3469efd84f78a434f1a651005f7f] [http-nio-8080-exec-10] DEBUG c.s.mapper.EmployeeMapper.pageQuery - <==      Total: 4
2025-04-17 09:58:09.624 [traceId=3f96907993b542dd85401e055bd7d114] [http-nio-8080-exec-9] DEBUG c.s.mapper.EmployeeMapper.queryByOne - ==>  Preparing: select * from employee where id=?
2025-04-17 09:58:09.629 [traceId=3f96907993b542dd85401e055bd7d114] [http-nio-8080-exec-9] DEBUG c.s.mapper.EmployeeMapper.queryByOne - ==> Parameters: 1(Long)
2025-04-17 09:58:09.640 [traceId=3f96907993b542dd85401e055bd7d114] [http-nio-8080-exec-9] DEBUG c.s.mapper.EmployeeMapper.queryByOne - <==      Total: 1
2025-04-17 09:58:09.672 [traceId=3f96907993b542dd85401e055bd7d114] [http-nio-8080-exec-9] DEBUG c.s.m.CategoryMapper.pageQuery_COUNT - ==>  Preparing: SELECT count(0) FROM category
2025-04-17 09:58:09.672 [traceId=3f96907993b542dd85401e055bd7d114] [http-nio-8080-exec-9] DEBUG c.s.m.CategoryMapper.pageQuery_COUNT - ==> Parameters: 
2025-04-17 09:58:09.677 [traceId=3f96907993b542dd85401e055bd7d114] [http-nio-8080-exec-9] DEBUG c.s.m.CategoryMapper.pageQuery_COUNT - <==      Total: 1
2025-04-17 09:58:09.678 [traceId=3f96907993b542dd85401e055bd7d114] [http-nio-8080-exec-9] DEBUG c.s.mapper.CategoryMapper.pageQuery - ==>  Preparing: select * from category order by sort asc , create_time desc LIMIT ?
2025-04-17 09:58:09.679 [traceId=3f96907993b542dd85401e055bd7d114] [http-nio-8080-exec-9] DEBUG c.s.mapper.CategoryMapper.pageQuery - ==> Parameters: 10(Integer)
2025-04-17 09:58:09.682 [traceId=3f96907993b542dd85401e055bd7d114] [http-nio-8080-exec-9] DEBUG c.s.mapper.CategoryMapper.pageQuery - <==      Total: 10
2025-04-17 09:58:11.150 [traceId=64b750733ef84434b0e134347cbeac3e] [http-nio-8080-exec-2] DEBUG c.s.mapper.EmployeeMapper.queryByOne - ==>  Preparing: select * from employee where id=?
2025-04-17 09:58:11.151 [traceId=64b750733ef84434b0e134347cbeac3e] [http-nio-8080-exec-2] DEBUG c.s.mapper.EmployeeMapper.queryByOne - ==> Parameters: 1(Long)
2025-04-17 09:58:11.156 [traceId=64b750733ef84434b0e134347cbeac3e] [http-nio-8080-exec-2] DEBUG c.s.mapper.EmployeeMapper.queryByOne - <==      Total: 1
2025-04-17 09:58:11.156 [traceId=27feafb41aa949a990aee95ded57e323] [http-nio-8080-exec-1] DEBUG c.s.mapper.EmployeeMapper.queryByOne - ==>  Preparing: select * from employee where id=?
2025-04-17 09:58:11.157 [traceId=27feafb41aa949a990aee95ded57e323] [http-nio-8080-exec-1] DEBUG c.s.mapper.EmployeeMapper.queryByOne - ==> Parameters: 1(Long)
2025-04-17 09:58:11.160 [traceId=27feafb41aa949a990aee95ded57e323] [http-nio-8080-exec-1] DEBUG c.s.mapper.EmployeeMapper.queryByOne - <==      Total: 1
2025-04-17 09:58:11.161 [traceId=64b750733ef84434b0e134347cbeac3e] [http-nio-8080-exec-2] DEBUG com.sky.mapper.CategoryMapper.list - ==>  Preparing: select * from category where status = 1 and type = ? order by sort asc,create_time desc
2025-04-17 09:58:11.161 [traceId=64b750733ef84434b0e134347cbeac3e] [http-nio-8080-exec-2] DEBUG com.sky.mapper.CategoryMapper.list - ==> Parameters: 1(Integer)
2025-04-17 09:58:11.167 [traceId=64b750733ef84434b0e134347cbeac3e] [http-nio-8080-exec-2] DEBUG com.sky.mapper.CategoryMapper.list - <==      Total: 8
2025-04-17 09:58:11.182 [traceId=27feafb41aa949a990aee95ded57e323] [http-nio-8080-exec-1] DEBUG c.sky.mapper.DishMapper.query_COUNT - ==>  Preparing: SELECT count(0) FROM dish
2025-04-17 09:58:11.183 [traceId=27feafb41aa949a990aee95ded57e323] [http-nio-8080-exec-1] DEBUG c.sky.mapper.DishMapper.query_COUNT - ==> Parameters: 
2025-04-17 09:58:11.192 [traceId=27feafb41aa949a990aee95ded57e323] [http-nio-8080-exec-1] DEBUG c.sky.mapper.DishMapper.query_COUNT - <==      Total: 1
2025-04-17 09:58:11.193 [traceId=27feafb41aa949a990aee95ded57e323] [http-nio-8080-exec-1] DEBUG com.sky.mapper.DishMapper.query - ==>  Preparing: select id, name, category_id, price, image, description, status, create_time, update_time, create_user, update_user from dish order by create_time desc LIMIT ?
2025-04-17 09:58:11.193 [traceId=27feafb41aa949a990aee95ded57e323] [http-nio-8080-exec-1] DEBUG com.sky.mapper.DishMapper.query - ==> Parameters: 10(Integer)
2025-04-17 09:58:11.198 [traceId=27feafb41aa949a990aee95ded57e323] [http-nio-8080-exec-1] DEBUG com.sky.mapper.DishMapper.query - <==      Total: 10
2025-04-17 09:58:12.865 [traceId=649d1501b3d44f4686783b59da577f8b] [http-nio-8080-exec-5] DEBUG c.s.mapper.EmployeeMapper.queryByOne - ==>  Preparing: select * from employee where id=?
2025-04-17 09:58:12.866 [traceId=649d1501b3d44f4686783b59da577f8b] [http-nio-8080-exec-5] DEBUG c.s.mapper.EmployeeMapper.queryByOne - ==> Parameters: 1(Long)
2025-04-17 09:58:12.867 [traceId=649d1501b3d44f4686783b59da577f8b] [http-nio-8080-exec-5] DEBUG c.s.mapper.EmployeeMapper.queryByOne - <==      Total: 1
2025-04-17 09:58:12.871 [traceId=649d1501b3d44f4686783b59da577f8b] [http-nio-8080-exec-5] DEBUG c.s.m.CategoryMapper.pageQuery_COUNT - ==>  Preparing: SELECT count(0) FROM category
2025-04-17 09:58:12.871 [traceId=649d1501b3d44f4686783b59da577f8b] [http-nio-8080-exec-5] DEBUG c.s.m.CategoryMapper.pageQuery_COUNT - ==> Parameters: 
2025-04-17 09:58:12.872 [traceId=649d1501b3d44f4686783b59da577f8b] [http-nio-8080-exec-5] DEBUG c.s.m.CategoryMapper.pageQuery_COUNT - <==      Total: 1
2025-04-17 09:58:12.872 [traceId=649d1501b3d44f4686783b59da577f8b] [http-nio-8080-exec-5] DEBUG c.s.mapper.CategoryMapper.pageQuery - ==>  Preparing: select * from category order by sort asc , create_time desc LIMIT ?
2025-04-17 09:58:12.872 [traceId=649d1501b3d44f4686783b59da577f8b] [http-nio-8080-exec-5] DEBUG c.s.mapper.CategoryMapper.pageQuery - ==> Parameters: 10(Integer)
2025-04-17 09:58:12.874 [traceId=649d1501b3d44f4686783b59da577f8b] [http-nio-8080-exec-5] DEBUG c.s.mapper.CategoryMapper.pageQuery - <==      Total: 10
2025-04-17 10:01:41.605 [traceId=dbc81d10b7564a42ab111a88b3cebd59] [http-nio-8080-exec-4] ERROR c.a.d.pool.DruidAbstractDataSource - discard long time none received connection. , jdbcUrl : jdbc:mysql://localhost:3306/sky_take_out?serverTimezone=Asia/Shanghai&useUnicode=true&characterEncoding=utf-8&zeroDateTimeBehavior=convertToNull&useSSL=false&allowPublicKeyRetrieval=true, jdbcUrl : jdbc:mysql://localhost:3306/sky_take_out?serverTimezone=Asia/Shanghai&useUnicode=true&characterEncoding=utf-8&zeroDateTimeBehavior=convertToNull&useSSL=false&allowPublicKeyRetrieval=true, lastPacketReceivedIdleMillis : 208726
2025-04-17 10:01:41.609 [traceId=dbc81d10b7564a42ab111a88b3cebd59] [http-nio-8080-exec-4] ERROR c.a.d.pool.DruidAbstractDataSource - discard long time none received connection. , jdbcUrl : jdbc:mysql://localhost:3306/sky_take_out?serverTimezone=Asia/Shanghai&useUnicode=true&characterEncoding=utf-8&zeroDateTimeBehavior=convertToNull&useSSL=false&allowPublicKeyRetrieval=true, jdbcUrl : jdbc:mysql://localhost:3306/sky_take_out?serverTimezone=Asia/Shanghai&useUnicode=true&characterEncoding=utf-8&zeroDateTimeBehavior=convertToNull&useSSL=false&allowPublicKeyRetrieval=true, lastPacketReceivedIdleMillis : 210414
2025-04-17 10:01:41.617 [traceId=dbc81d10b7564a42ab111a88b3cebd59] [http-nio-8080-exec-4] DEBUG c.s.mapper.EmployeeMapper.queryByOne - ==>  Preparing: select * from employee where id=?
2025-04-17 10:01:41.617 [traceId=dbc81d10b7564a42ab111a88b3cebd59] [http-nio-8080-exec-4] DEBUG c.s.mapper.EmployeeMapper.queryByOne - ==> Parameters: 1(Long)
2025-04-17 10:01:41.622 [traceId=dbc81d10b7564a42ab111a88b3cebd59] [http-nio-8080-exec-4] DEBUG c.s.mapper.EmployeeMapper.queryByOne - <==      Total: 1
2025-04-17 10:01:41.625 [traceId=dbc81d10b7564a42ab111a88b3cebd59] [http-nio-8080-exec-4] INFO  c.s.c.admin.EmployeeController - EmployeePageQueryDTO(name=null, page=1, pageSize=10)
2025-04-17 10:01:41.632 [traceId=dbc81d10b7564a42ab111a88b3cebd59] [http-nio-8080-exec-4] DEBUG c.s.m.EmployeeMapper.pageQuery_COUNT - ==>  Preparing: SELECT count(0) FROM employee
2025-04-17 10:01:41.632 [traceId=dbc81d10b7564a42ab111a88b3cebd59] [http-nio-8080-exec-4] DEBUG c.s.m.EmployeeMapper.pageQuery_COUNT - ==> Parameters: 
2025-04-17 10:01:41.634 [traceId=dbc81d10b7564a42ab111a88b3cebd59] [http-nio-8080-exec-4] DEBUG c.s.m.EmployeeMapper.pageQuery_COUNT - <==      Total: 1
2025-04-17 10:01:41.635 [traceId=dbc81d10b7564a42ab111a88b3cebd59] [http-nio-8080-exec-4] DEBUG c.s.mapper.EmployeeMapper.pageQuery - ==>  Preparing: select id, name, username, password, phone ,sex ,id_number as idNumber, status, create_time as createTime , update_time as updateTime, create_user as createUser, update_user as updateUser from employee order by create_time desc LIMIT ?
2025-04-17 10:01:41.635 [traceId=dbc81d10b7564a42ab111a88b3cebd59] [http-nio-8080-exec-4] DEBUG c.s.mapper.EmployeeMapper.pageQuery - ==> Parameters: 10(Integer)
2025-04-17 10:01:41.636 [traceId=dbc81d10b7564a42ab111a88b3cebd59] [http-nio-8080-exec-4] DEBUG c.s.mapper.EmployeeMapper.pageQuery - <==      Total: 4
2025-04-17 10:01:43.708 [traceId=bfbf57f493fe4024bf732ff8f407ad7e] [http-nio-8080-exec-6] DEBUG c.s.mapper.EmployeeMapper.queryByOne - ==>  Preparing: select * from employee where id=?
2025-04-17 10:01:43.708 [traceId=bfbf57f493fe4024bf732ff8f407ad7e] [http-nio-8080-exec-6] DEBUG c.s.mapper.EmployeeMapper.queryByOne - ==> Parameters: 1(Long)
2025-04-17 10:01:43.709 [traceId=bfbf57f493fe4024bf732ff8f407ad7e] [http-nio-8080-exec-6] DEBUG c.s.mapper.EmployeeMapper.queryByOne - <==      Total: 1
2025-04-17 10:01:43.709 [traceId=c87dcbb9f21c4ad4aaf6bce89650487e] [http-nio-8080-exec-7] DEBUG c.s.mapper.EmployeeMapper.queryByOne - ==>  Preparing: select * from employee where id=?
2025-04-17 10:01:43.710 [traceId=c87dcbb9f21c4ad4aaf6bce89650487e] [http-nio-8080-exec-7] DEBUG c.s.mapper.EmployeeMapper.queryByOne - ==> Parameters: 1(Long)
2025-04-17 10:01:43.711 [traceId=c87dcbb9f21c4ad4aaf6bce89650487e] [http-nio-8080-exec-7] DEBUG c.s.mapper.EmployeeMapper.queryByOne - <==      Total: 1
2025-04-17 10:01:43.712 [traceId=c87dcbb9f21c4ad4aaf6bce89650487e] [http-nio-8080-exec-7] DEBUG com.sky.mapper.CategoryMapper.list - ==>  Preparing: select * from category where status = 1 and type = ? order by sort asc,create_time desc
2025-04-17 10:01:43.713 [traceId=c87dcbb9f21c4ad4aaf6bce89650487e] [http-nio-8080-exec-7] DEBUG com.sky.mapper.CategoryMapper.list - ==> Parameters: 1(Integer)
2025-04-17 10:01:43.718 [traceId=c87dcbb9f21c4ad4aaf6bce89650487e] [http-nio-8080-exec-7] DEBUG com.sky.mapper.CategoryMapper.list - <==      Total: 8
2025-04-17 10:01:43.719 [traceId=bfbf57f493fe4024bf732ff8f407ad7e] [http-nio-8080-exec-6] DEBUG c.sky.mapper.DishMapper.query_COUNT - ==>  Preparing: SELECT count(0) FROM dish
2025-04-17 10:01:43.720 [traceId=bfbf57f493fe4024bf732ff8f407ad7e] [http-nio-8080-exec-6] DEBUG c.sky.mapper.DishMapper.query_COUNT - ==> Parameters: 
2025-04-17 10:01:43.724 [traceId=bfbf57f493fe4024bf732ff8f407ad7e] [http-nio-8080-exec-6] DEBUG c.sky.mapper.DishMapper.query_COUNT - <==      Total: 1
2025-04-17 10:01:43.724 [traceId=bfbf57f493fe4024bf732ff8f407ad7e] [http-nio-8080-exec-6] DEBUG com.sky.mapper.DishMapper.query - ==>  Preparing: select id, name, category_id, price, image, description, status, create_time, update_time, create_user, update_user from dish order by create_time desc LIMIT ?
2025-04-17 10:01:43.725 [traceId=bfbf57f493fe4024bf732ff8f407ad7e] [http-nio-8080-exec-6] DEBUG com.sky.mapper.DishMapper.query - ==> Parameters: 10(Integer)
2025-04-17 10:01:43.729 [traceId=bfbf57f493fe4024bf732ff8f407ad7e] [http-nio-8080-exec-6] DEBUG com.sky.mapper.DishMapper.query - <==      Total: 10
